# Blender 5.0.1
# www.blender.org
mtllib combine_back.mtl
o Soldier_reference.001
v 60.109863 30.831087 47.424995
v 60.010159 30.794722 48.080643
v 60.007347 28.656416 53.002384
v 57.212502 27.083742 57.290180
v 56.932785 27.050535 57.677345
v 43.650986 33.912376 70.449936
v 44.231750 33.761627 71.216217
v 43.883404 33.418579 70.871346
v 45.005310 33.702667 71.095245
v 44.663300 33.202919 70.758865
v 44.273472 34.062515 70.347733
v 43.851616 33.638298 70.302414
v 43.667255 35.895752 69.281883
v 42.932209 35.329536 68.867195
v 42.158661 34.249741 68.554527
v 42.948368 32.956818 69.934776
v 43.710869 32.678543 70.648628
v 44.654114 32.842865 70.714523
v 43.768936 33.291710 70.154877
v 43.488178 33.322510 70.647110
v 43.573212 33.715508 70.762573
v 43.773434 34.161041 70.688187
v 43.376717 34.211601 70.507179
v 43.290451 33.758308 70.455505
v 43.159271 33.983498 70.278038
v 43.435814 33.458939 70.233009
v 43.390968 34.313560 70.134354
v 42.129906 35.951515 68.435287
v 42.647869 37.133675 68.509262
v 43.772038 37.446579 69.212761
v 44.366234 36.062294 69.986420
v 43.568466 34.848541 70.869476
v 44.450588 34.397911 71.282745
v 45.199562 34.210510 71.120079
v 44.431862 34.551056 70.369270
v 41.789589 36.883942 67.565849
v 41.865887 38.185638 67.994240
v 42.510460 37.884468 69.229889
v 43.438755 37.957138 69.319466
v 44.564968 36.901375 69.400818
v 44.468773 36.395607 70.690865
v 44.455391 35.467384 72.642342
v 44.544365 34.627174 71.601883
v 45.377907 34.462807 71.362358
v 44.682514 34.778511 70.399055
v 43.830772 34.641914 70.582947
v 44.991993 36.388336 70.240150
v 43.343136 34.809105 70.157600
v 43.474270 34.947777 70.441414
v 43.985035 34.985344 70.451981
v 45.062027 34.814934 70.461151
v 45.526367 34.451035 71.722000
v 43.937149 34.121483 73.445305
v 44.441254 34.634193 73.424721
v 44.356689 35.147209 73.532410
v 43.790573 35.470818 73.591805
v 44.368092 34.778938 74.569328
v 44.708179 34.694458 74.319382
v 45.571915 34.282829 75.174088
v 45.727573 34.297371 74.838333
v 44.043312 35.119629 70.110123
v 44.701954 34.266823 73.977531
v 45.742474 33.930817 74.540298
v 45.383209 33.554710 74.607071
v 44.150215 33.867470 74.019394
v 45.762653 34.495338 74.451103
v 45.637379 34.131508 74.096962
v 45.818924 33.611046 74.231277
v 46.184177 33.730370 74.001663
v 46.057991 34.218956 73.857140
v 46.552032 33.957367 74.006874
v 46.532684 34.316994 73.937317
v 46.625511 34.237122 74.130333
v 46.150223 34.603714 74.166786
v 46.334820 34.518814 74.504181
v 45.960613 34.438667 74.800140
v 35.750751 41.141327 61.447845
v 38.886082 40.434410 65.391739
v 39.641144 40.651085 64.808777
v 36.915070 41.311546 60.687485
v 35.455482 41.393097 61.036133
v 34.755753 40.703476 60.613716
v 33.322510 38.797272 61.265099
v 37.078293 40.982834 60.408863
v 37.746895 40.846436 61.198990
v 38.428432 40.761307 62.159580
v 39.002804 40.334740 63.294205
v 39.768959 40.239403 64.373611
v 40.016922 40.208580 64.722900
v 39.636185 40.100822 65.161415
v 37.872116 39.931175 66.030807
v 38.277069 39.670311 65.983803
v 36.469776 37.742363 66.951874
v 36.890755 37.513542 66.894150
v 36.590652 36.274170 65.778809
v 36.937866 35.995834 65.804138
v 34.139339 36.516510 61.109505
v 34.549011 36.429817 60.911289
v 33.168427 38.997910 61.797405
v 33.603073 38.916550 62.169018
v 37.542641 40.034309 65.745438
v 36.081810 38.026344 66.482040
v 38.559753 41.002777 61.866493
v 38.447361 40.908501 62.098228
v 38.816029 40.960457 61.842667
v 38.234043 41.054375 60.946152
v 38.084496 41.070328 61.166931
v 37.823521 40.985741 61.219139
v 38.878990 40.826027 61.841454
v 38.242310 40.928284 60.860680
v 38.520515 41.100616 59.778770
v 40.843536 40.256668 64.214157
v 40.141094 40.261940 64.135071
v 39.419216 40.376053 63.024529
v 32.931488 38.797386 60.296555
v 33.607483 39.478676 59.752396
v 37.606064 40.378021 58.821712
v 38.206543 39.823906 59.555889
v 40.875000 39.691162 64.065674
v 41.867813 39.567825 66.101151
v 38.859459 39.640312 67.710571
v 37.436913 37.330193 68.638092
v 37.640579 39.634834 58.595253
v 39.371700 38.938385 68.155838
v 41.856819 39.014351 66.765366
v 38.068779 36.846268 68.923805
v 36.199924 38.510529 58.943443
v 36.332565 38.035172 58.603378
v 32.874344 38.910324 59.752525
v 31.450533 38.772934 58.612129
v 33.041271 36.695526 56.195728
v 34.369392 35.119888 59.625538
v 35.284271 35.172310 61.029316
v 37.113533 34.509377 64.949265
v 38.106968 34.195908 67.135078
v 38.545780 35.024094 67.853561
v 39.636551 41.676437 61.088570
v 39.168678 41.836983 60.868992
v 38.384106 41.129753 60.854206
v 39.021774 40.726425 61.233074
v 36.470680 39.426956 60.278076
v 36.875504 39.201401 60.391098
v 36.311893 37.718666 60.456692
v 36.107708 37.901192 60.492619
v 35.184334 37.777443 60.075130
v 33.285023 38.581963 59.894978
v 31.243795 39.162621 57.755417
v 32.897614 39.363853 54.991817
v 35.784569 38.152283 60.422989
v 39.695164 48.649345 52.822689
v 42.982502 52.123932 56.883736
v 43.349651 49.411667 53.182682
v 39.521122 51.576752 56.428207
v 42.606186 49.572815 60.112492
v 40.256248 49.730232 60.175220
v 39.501965 48.357567 60.739338
v 41.961006 45.850868 62.075123
v 40.972599 45.681923 62.190868
v 42.575939 44.806145 62.165863
v 41.666744 44.916664 61.981796
v 42.109005 43.983086 62.228893
v 41.484169 42.889000 61.702747
v 41.657681 42.796700 61.121891
v 39.192451 40.610535 60.621788
v 36.496986 37.631516 59.852535
v 39.582035 46.947311 62.078354
v 42.211914 43.731117 61.614994
v 42.685390 44.570930 61.570129
v 42.437038 45.492920 61.199066
v 42.359005 45.869728 60.083191
v 42.520737 45.190247 60.612431
v 36.188370 47.123650 57.625309
v 36.952133 45.517105 55.162994
v 38.937035 47.448631 61.688694
v 38.281490 46.237000 61.210159
v 39.470375 45.095604 61.657082
v 40.453762 44.128090 61.223923
v 40.644203 43.350563 61.518543
v 40.173996 43.630409 61.328323
v 34.871925 42.753685 54.895439
v 36.373428 43.275856 53.859680
v 37.737110 45.094574 53.342144
v 39.414886 40.505447 63.104820
v 40.081230 40.399719 64.129860
v 39.815475 40.422874 64.233025
v 39.228271 40.510231 63.285110
v 41.033333 35.742119 67.613419
v 40.763779 34.535507 68.546722
v 40.010391 35.525345 67.988312
v 41.567619 34.930771 68.215645
v 41.347778 33.805038 68.770821
v 43.356262 33.067787 70.798233
v 43.425442 32.811218 70.494598
v 43.794506 32.575508 69.981056
v 43.256271 33.173058 70.379532
v 43.465885 32.928146 70.062973
v 44.474354 32.444565 70.353035
v 43.675259 31.929190 70.733170
v 42.645527 32.125320 70.421051
v 41.942101 32.773262 69.812668
v 44.598087 31.959028 70.697296
v 39.409962 36.301697 68.718163
v 43.855656 33.980576 74.116287
v 43.198463 34.905052 73.388664
v 43.348408 34.385628 73.263367
v 43.032021 34.751068 72.822060
v 43.140945 35.453407 73.307724
v 42.877205 35.455536 72.428894
v 43.050270 34.112656 72.687706
v 42.382809 34.976891 72.059647
v 41.807884 33.753998 71.215683
v 41.903152 35.585182 71.446411
v 41.329498 34.342567 70.570740
v 40.925823 36.924744 70.254585
v 40.388184 35.322548 69.619522
v 40.475323 38.320633 68.693359
v 40.406200 34.621361 68.998169
v 41.080067 33.675240 69.661102
v 42.413509 32.103668 71.067474
v 41.641647 32.987251 70.404938
v 43.546013 31.846876 71.132797
v 42.226673 36.585182 71.609550
v 41.835365 37.948074 70.257454
v 41.371647 38.646919 68.540154
v 42.264328 38.159424 69.818253
v 43.288300 38.153961 70.194176
v 43.299900 38.304703 69.685768
v 44.754498 38.029549 69.798424
v 43.795517 36.574341 71.676682
v 42.828506 37.373199 71.077431
v 43.277897 37.885170 70.598839
v 44.767075 37.824799 70.265022
v 45.503349 37.349098 69.872276
v 45.512360 37.270035 70.345078
v 45.992672 37.072815 70.521027
v 45.288002 36.976013 70.600067
v 45.673359 36.790276 70.672600
v 44.976845 36.642899 70.556953
v 45.405888 36.418022 70.614395
v 45.356983 36.249336 70.357147
v 45.800343 36.011826 70.690323
v 45.683609 35.803223 70.447563
v 46.336674 35.477127 70.723663
v 46.037312 37.195404 69.973541
v 43.467831 35.894707 72.612213
v 44.258430 36.881783 70.813629
v 44.361748 37.504486 70.640518
v 43.922478 34.685432 74.612350
v 43.732758 34.387505 74.419525
v 44.080292 34.165764 74.689072
v 44.135902 34.568390 74.791214
v 46.331432 34.222404 74.699417
v 45.789696 34.113228 75.164825
v 45.147560 34.133522 75.241714
v 44.942276 33.876022 75.116112
v 44.148224 33.832008 74.320084
v 45.795315 33.786484 75.097145
v 46.268250 33.945671 74.650566
v 42.527729 32.711769 71.663002
v 42.869186 33.562134 72.111115
v 43.918224 34.126671 72.492813
v 45.094715 33.560860 74.879822
v 45.646118 33.568024 74.786972
v 46.222958 33.684631 74.358917
v 43.454464 34.853004 69.965668
v 44.049431 35.024773 69.830383
v 44.081409 34.727821 69.758560
v 45.352993 34.286736 70.023056
v 45.332142 34.641693 70.019958
v 45.500359 34.029594 71.278564
v 45.524323 34.396812 71.394890
v 45.422436 34.219025 72.214302
v 45.269394 33.886185 72.256622
v 43.977043 34.195747 70.065590
v 44.950974 33.851990 70.169083
v 45.068645 33.572639 71.243500
v 45.082703 33.403130 71.848747
v 43.927132 33.401337 72.207687
v 44.812126 33.311386 70.212418
v 43.952709 33.598198 69.984924
v 44.836891 33.011276 71.036530
v 44.887600 32.818100 71.703003
v 43.603539 32.790184 71.970337
v 43.669071 32.308655 71.687874
v 44.750664 32.549438 71.339043
v 44.508820 32.717346 71.033211
v 44.500603 32.997147 70.254128
v 43.987267 33.218513 70.189072
v 44.029823 32.880211 70.193611
v 44.326729 32.701469 70.149612
v 44.374535 32.392441 70.873749
v 44.629486 32.192635 71.210968
v 44.556221 31.953028 70.964676
v 44.142910 32.150574 70.838593
v 44.104160 32.486748 70.004822
v 43.891251 32.636856 70.256577
v 42.905628 42.315201 56.783886
v 41.920639 41.969070 56.466236
v 37.710762 36.936287 57.449532
v 38.763069 38.339424 57.317604
v 39.619858 39.265747 57.886646
v 38.466652 36.552559 57.966908
v 40.685051 35.527863 61.590363
v 41.296692 38.153664 61.292953
v 38.028030 36.262604 56.877262
v 36.565746 35.502319 55.794773
v 36.305260 34.815811 58.472115
v 38.506618 34.416801 63.812302
v 39.591007 34.102249 65.878181
v 42.387348 35.179695 65.544472
v 42.448551 38.070374 64.736481
v 42.658939 37.878433 66.060471
v 42.242222 35.656967 66.753906
v 40.378990 34.731804 67.146339
v 34.353573 36.834702 53.963898
v 37.855804 41.669128 53.959229
v 38.888390 43.575272 53.552258
v 39.211212 38.266594 55.795311
v 40.734264 40.542839 55.948322
v 40.631721 38.736252 59.542641
v 42.638271 40.333626 59.913788
v 43.326443 41.293709 60.136375
v 41.670139 41.542480 55.986641
v 40.435867 46.879005 52.929512
v 43.472641 45.424614 52.025639
v 42.177971 43.374565 53.579910
v 43.576492 42.388382 60.289536
v 40.266533 43.332436 61.580593
v 39.457932 41.875618 61.147736
v 41.561768 52.396713 59.593689
v 40.301308 50.422440 61.197685
v 40.266239 45.826309 60.388428
v 39.813328 44.884377 60.898094
v 39.720116 39.515984 61.359188
v 40.119698 40.119034 55.115993
v 42.674908 41.675262 50.029583
v 42.805958 42.554802 52.407532
v 45.856426 44.765503 48.445560
v 48.482834 43.889618 46.747398
v 44.343052 45.379707 50.741718
v 53.950340 32.263863 42.929474
v 51.429325 32.923683 42.592590
v 51.894726 38.030518 44.349472
v 46.286560 36.460228 44.523624
v 53.951321 44.898750 47.740841
v 47.805691 46.144440 47.814831
v 45.268486 50.819244 52.121044
v 44.640381 50.935730 53.053223
v 43.470612 53.438828 57.135178
v 53.701019 31.155909 44.094040
v 56.852142 32.139816 43.945377
v 61.319450 31.068941 47.433037
v 54.775509 37.697662 45.162422
v 56.870121 43.527374 49.423439
v 51.922672 50.402924 52.509140
v 46.951107 50.986206 51.287189
v 45.109756 54.743111 57.718613
v 42.908947 52.537895 60.193398
v 41.075603 50.517151 61.974243
v 39.790276 47.384453 62.092476
v 53.846725 53.302063 59.832180
v 55.811249 49.158867 54.939625
v 60.281517 41.966446 52.179146
v 57.693810 37.052010 46.412434
v 61.740158 33.025833 48.542076
v 61.968590 37.612511 55.949299
v 62.276543 39.580994 57.736237
v 60.008625 47.041176 57.932808
v 62.095245 44.773331 60.730072
v 61.786568 39.102280 58.649765
v 61.824299 38.058449 57.545193
v 61.480881 37.503059 57.276016
v 61.671768 36.152679 56.268372
v 61.345383 34.810043 55.590405
v 61.266937 33.496162 54.521137
v 61.607449 33.208649 49.916656
v 61.182373 31.848757 48.715981
v 58.639053 51.537178 63.843758
v 57.875317 51.188744 64.688927
v 59.325024 49.148300 66.382080
v 61.926918 44.396889 61.062817
v 59.568226 47.921379 66.429588
v 48.681324 54.959679 57.339317
v 53.194176 52.908218 60.763184
v 56.846268 49.408836 64.501007
v 57.149624 48.993401 65.551048
v 58.145676 48.745491 66.391663
v 53.016121 51.489510 60.331398
v 47.040455 52.636047 59.352081
v 49.821568 51.514961 59.897167
v 47.246429 52.080971 59.908722
v 43.494431 46.773567 63.562927
v 41.923828 47.541466 63.638058
v 42.897167 45.300667 64.917702
v 44.230537 48.843033 62.034367
v 42.375504 50.049530 62.465614
v 45.791584 50.676773 60.843918
v 43.969208 52.037819 60.945103
v 45.925236 53.355080 59.781094
v 47.791771 54.313454 58.569782
v 41.432278 44.142059 63.665131
v 45.779778 41.587822 67.761124
v 43.806805 45.258949 64.857140
v 44.601791 45.391304 65.054680
v 47.028103 43.327141 66.495758
v 53.252216 42.988167 69.889099
v 53.244514 42.940575 70.539612
v 53.982777 42.665154 70.043121
v 54.288006 38.912079 69.060081
v 53.886322 38.026741 69.401421
v 52.980587 42.999496 71.226822
v 51.620564 42.030273 71.257378
v 50.707233 43.241974 70.057526
v 46.474304 42.650658 67.106880
v 46.775497 43.093933 66.813919
v 50.974709 42.927719 68.642502
v 49.855690 43.699425 68.105881
v 52.167866 43.345833 69.518509
v 54.575500 39.357002 68.644836
v 54.337952 40.814186 68.976082
v 44.508862 36.660385 65.388382
v 50.553284 35.113533 68.205978
v 54.803841 33.840225 65.883606
v 55.314491 33.816139 65.132004
v 55.337212 34.259735 64.673729
v 55.487549 33.193710 63.403419
v 55.069904 32.998711 63.872501
v 55.056110 32.713371 63.270824
v 54.078308 32.561005 63.771412
v 54.731689 32.559906 64.453598
v 50.976120 32.615036 64.692024
v 50.707897 32.392670 65.229111
v 55.444996 32.836143 62.886566
v 44.890732 33.949921 62.502434
v 39.769272 36.452011 58.758446
v 39.993298 39.004456 55.019039
v 39.809967 39.099030 53.951820
v 42.254944 38.066360 48.648647
v 42.251812 35.154327 48.870007
v 45.742348 33.288513 43.825851
v 42.087730 31.334452 49.281483
v 41.344185 31.638151 55.553833
v 40.252480 35.295403 53.521542
v 40.110027 38.429977 54.637131
v 40.189278 36.473869 58.209175
v 45.251541 33.876617 61.845715
v 39.869423 35.876701 58.442589
v 47.550449 32.175179 44.010803
v 43.805443 30.805616 49.191730
v 44.342232 28.751299 54.541321
v 42.730206 29.004732 54.215492
v 45.600391 28.667837 60.203644
v 43.055878 32.260796 59.754303
v 44.860474 33.265823 62.012653
v 50.519688 32.090416 64.883949
v 54.049614 32.008125 63.999870
v 55.179577 32.182793 63.349918
v 45.054962 27.368101 58.929497
v 45.537895 27.155840 57.329906
v 49.390919 28.035089 62.021420
v 48.078545 26.702108 60.083424
v 53.155933 26.055647 61.077728
v 50.286243 26.357016 60.524902
v 55.569588 31.594423 62.092216
v 55.524406 30.817530 61.618771
v 56.694916 29.916086 61.196678
v 56.060131 29.443544 60.456795
v 57.862537 28.841249 59.071350
v 58.121414 27.512968 58.590912
v 57.749664 28.983618 59.621449
v 57.923382 26.882528 58.507828
v 57.740730 26.553076 59.193001
v 57.586586 26.706274 58.676445
v 57.098915 26.527719 59.491783
v 53.109375 27.951696 62.215553
v 47.865170 30.880632 62.386486
v 57.340809 28.435274 61.081390
v 51.944122 30.471601 63.267578
v 55.309116 29.874208 62.593887
v 56.456169 29.616499 62.106621
v 57.716537 28.526785 60.513237
v 56.427616 26.924898 58.165764
v 53.090416 26.285078 59.283123
v 36.012970 38.157158 60.641075
v 36.563339 39.182648 60.494587
v 34.508148 42.927956 55.132347
v 32.609230 39.756935 55.199303
v 31.048101 39.726349 57.741425
v 36.527088 45.469284 55.375671
v 35.668552 47.140358 58.060715
v 37.691837 46.350273 61.436218
v 39.052212 44.781761 61.686913
v 40.000988 44.183777 61.537647
v 38.043785 41.232590 61.240791
v 35.298031 40.034729 61.358360
v 35.321312 38.273323 60.618752
v 33.289856 38.868835 60.344051
v 33.330868 43.175697 57.986469
v 35.305634 46.509125 57.952110
v 37.530174 45.645973 61.333454
v 35.082687 42.253441 60.825184
v 53.853928 -13.948436 74.675575
v 53.655769 -14.730854 74.585739
v 55.759014 -15.057969 74.376587
v 51.918667 -14.735354 73.095886
v 52.213772 -13.846869 73.084579
v 53.938503 -13.786074 74.405449
v 55.962456 -14.238357 74.459518
v 55.941181 -14.052381 74.199669
v 57.522057 -14.656201 72.650642
v 57.294563 -15.561097 72.655785
v 57.131889 -14.108270 64.414009
v 58.183868 -13.555674 68.753922
v 57.959427 -14.447802 68.562172
v 56.979240 -13.206850 62.616207
v 57.791786 -13.240004 72.560013
v 57.218391 -11.896343 72.146431
v 57.226498 -12.002534 69.471161
v 57.207207 -10.186825 65.557304
v 57.088341 -9.786264 63.418564
v 55.621349 -12.989302 60.347435
v 55.544090 -11.840382 60.083374
v 55.413429 -9.467267 60.467163
v 57.141136 -8.302024 63.673683
v 57.353859 -8.332294 65.969833
v 53.133099 -12.490091 60.494888
v 53.312408 -11.158153 60.201405
v 53.223755 -8.975684 60.658558
v 53.318409 -6.992869 61.569733
v 55.980587 -7.216303 61.419193
v 57.896492 -6.209135 63.826851
v 57.911987 -6.651877 66.142899
v 55.925430 -4.866318 61.172695
v 53.246555 -4.739080 61.101727
v 53.882908 -12.394714 74.592720
v 56.531273 -13.074551 74.310715
v 56.085274 -11.363681 72.325195
v 56.210629 -12.070713 74.078247
v 54.186359 -11.485283 74.251472
v 52.284298 -12.100155 73.067780
v 53.945728 -9.074456 67.963371
v 55.852814 -7.782331 67.336609
v 53.635963 -7.529266 67.405624
v 56.199898 -9.387942 67.810699
v 56.030251 -11.029914 70.399841
v 54.031464 -10.496149 70.605522
v 54.179005 -10.881764 72.522232
v 53.071747 -11.013843 72.489655
v 52.805943 -11.018192 70.108749
v 51.917801 -9.559954 65.934822
v 52.423260 -7.639974 66.125870
v 53.606216 -6.407163 67.225502
v 55.863373 -6.528643 67.258957
v 52.377628 -6.299102 66.234032
v 52.875000 -13.752703 60.430332
v 51.437893 -13.887831 62.983032
v 51.702618 -13.285070 64.901405
v 51.540176 -14.055235 64.849548
v 55.372952 -14.180861 60.289619
v 56.687523 -14.701595 62.434177
v 56.969463 -14.878463 64.362457
v 53.713131 -6.044072 68.801018
v 51.486267 -5.729003 66.884758
v 51.065578 -4.475921 67.442215
v 51.578800 -5.512387 64.027412
v 52.255009 -5.800609 63.967552
v 50.023571 -3.547677 68.324478
v 50.832783 -2.384199 65.460510
v 50.891380 -0.336535 68.938347
v 50.417961 -0.073063 67.376587
v 51.872169 7.332802 70.024017
v 50.716751 0.853893 69.712708
v 51.105801 1.255510 64.997078
v 50.997658 0.007250 65.181061
v 52.093220 -2.030407 71.024055
v 56.502594 -0.761826 70.685738
v 56.210049 2.463497 72.011490
v 55.256489 15.740629 69.397041
v 55.862747 16.345976 68.830177
v 55.074551 16.167570 68.815239
v 56.000614 15.900789 69.241089
v 53.788227 13.374407 71.558006
v 56.138695 11.291742 72.078445
v 53.700058 4.768312 70.978485
v 52.562164 0.202829 70.693230
v 51.426025 11.118246 68.659027
v 58.705490 12.210691 68.330910
v 58.674305 5.480074 69.366554
v 59.230507 8.910387 64.195000
v 50.667931 9.212969 67.922546
v 50.120167 12.880812 62.526306
v 50.318405 16.647165 64.169800
v 52.151661 19.074579 66.530670
v 54.898602 18.494585 67.459251
v 54.803158 19.178015 66.410072
v 55.634602 19.318010 66.392624
v 55.752750 18.634493 67.481720
v 50.541443 19.900343 58.948280
v 54.797249 21.269926 64.591949
v 54.997295 24.416990 61.142418
v 52.716595 24.311293 60.464272
v 55.952927 24.865221 57.653252
v 57.469273 25.020689 56.198231
v 59.456333 24.551115 55.335644
v 51.923725 24.559549 59.666290
v 50.591705 21.780825 55.572624
v 52.437851 25.506357 59.516891
v 55.704609 22.130926 63.763603
v 55.695107 21.359640 64.622887
v 54.825001 22.014006 63.769928
v 54.902657 23.846350 61.772976
v 55.708218 24.214216 61.336052
v 56.621292 24.763929 59.683884
v 59.154797 23.844656 57.646740
v 55.763565 23.883356 61.847313
v 50.970654 20.821150 54.344006
v 51.111870 20.087896 52.492477
v 50.604862 21.842794 55.458172
v 48.997581 21.713804 59.164345
v 49.062401 24.588865 59.940617
v 49.948883 15.757250 57.171116
v 51.365456 18.782930 50.818748
v 59.829330 -2.596193 67.688377
v 58.170280 4.108341 68.893250
v 58.939919 5.901009 64.828590
v 55.222843 7.068983 65.889229
v 58.904259 10.629585 60.960762
v 56.488014 10.601032 59.031570
v 58.213913 12.978563 57.357193
v 56.843277 15.348143 50.882961
v 58.965637 16.025438 53.527092
v 59.924072 20.209242 48.969646
v 59.371658 17.703249 52.641914
v 59.339706 20.181944 53.679653
v 60.471973 25.511961 52.559513
v 59.380783 21.290010 54.622040
v 58.596756 21.035315 46.103348
v 59.263096 28.271841 46.542328
v 52.729053 12.736925 54.777393
v 52.874802 11.857922 60.555374
v 54.544636 17.334677 47.202206
v 55.976555 22.200418 43.904716
v 57.073051 29.194838 45.805702
v 53.508858 28.990053 43.677967
v 53.474312 26.721373 42.536270
v 53.185638 24.277609 42.461048
v 52.378120 20.043455 44.555016
v 51.866730 18.500868 47.013329
v 51.521908 18.468081 50.344639
v 51.058994 6.294394 66.198227
v 54.936871 6.965424 63.931015
v 52.219131 -1.281948 60.770035
v 56.910439 0.342741 60.070011
v 52.580769 -4.345351 60.627579
v 56.636044 -3.679199 60.415600
v 57.637901 -1.769329 60.512680
v 58.387451 4.146496 65.641090
v 59.498585 -0.066198 62.768509
v 59.313610 -1.947515 62.277233
v 59.428345 -3.846806 67.329208
v 56.580971 -3.914451 70.956825
v 52.163750 -4.751545 70.499527
v 59.087307 -4.804923 61.525917
v 59.468609 -6.031328 66.471352
v 56.240486 -5.954944 69.083801
v 59.312195 -4.303763 65.230270
v 60.363834 31.133818 71.429077
v 58.326851 31.247381 70.636559
v 61.656681 30.942259 71.146912
v 59.048443 31.389227 71.001808
v 58.128597 32.000122 70.982048
v 58.125706 31.852217 71.341713
v 57.933205 33.402008 71.134689
v 57.101486 35.837631 71.124962
v 58.556400 31.957640 71.367195
v 60.752289 43.415604 62.122700
v 59.574474 46.368248 65.730606
v 62.394127 43.034424 65.891068
v 58.642616 44.323265 68.757126
v 56.343361 43.726891 67.856804
v 55.495144 40.073158 67.462326
v 55.085972 41.746193 70.177368
v 54.832668 41.352325 69.709778
v 55.838604 40.773491 70.031204
v 55.668339 40.497337 69.467529
v 55.664803 39.951843 70.928627
v 55.608837 39.674164 70.423904
v 56.079716 38.631920 71.071297
v 55.957668 38.538200 70.503174
v 56.859116 35.658104 70.464523
v 58.026283 31.891157 70.305450
v 58.262920 32.587791 69.362831
v 56.442150 40.174347 70.644493
v 56.950165 41.436829 69.928764
v 63.087387 39.683174 67.623077
v 62.022942 37.898300 65.163948
v 59.358086 43.568642 69.712784
v 57.654266 40.983307 70.749794
v 58.837246 39.906952 70.966621
v 57.548847 39.052216 70.567032
v 56.947693 38.609726 70.849709
v 57.319618 36.966721 70.851456
v 57.909203 36.902916 70.792091
v 58.038567 35.872070 70.894028
v 58.435719 33.373482 71.145042
v 57.533718 38.560936 70.773361
v 59.639114 42.161224 70.167740
v 60.450371 40.365143 70.560272
v 63.016743 28.862940 69.920517
v 61.527012 28.845907 71.992622
v 59.536831 27.323977 71.101135
v 61.541790 30.220362 71.300667
v 60.752136 31.388552 72.046585
v 57.970955 32.600693 72.493439
v 58.553818 32.532394 71.807228
v 57.592216 32.852928 72.142151
v 57.520977 33.327385 71.118706
v 58.928295 32.572319 71.697594
v 63.406246 30.030943 69.208313
v 61.706917 28.957853 66.113716
v 62.095409 29.839922 66.713249
v 61.117405 35.304169 63.949341
v 62.097092 34.391159 65.293442
v 61.037403 37.328819 63.186615
v 60.993229 39.343559 62.346962
v 56.853626 32.806999 73.053246
v 54.352329 32.402809 75.816147
v 55.850056 32.208351 74.731186
v 56.175034 32.036751 75.021118
v 57.232121 32.591873 73.349442
v 55.013432 32.158203 75.763184
v 55.339886 32.027206 75.988548
v 55.041725 31.947031 76.327461
v 57.208794 32.841011 70.753746
v 54.136150 31.932310 75.542801
v 52.088734 31.496237 78.233780
v 55.304962 31.619341 76.742416
v 56.313236 30.554743 77.489990
v 55.072407 29.005186 79.938950
v 56.713657 27.900537 77.934036
v 55.180744 27.567060 80.287552
v 56.247307 26.760210 76.528343
v 55.646294 25.650244 75.354477
v 58.495960 26.420996 70.768539
v 60.404228 26.659616 68.044159
v 53.601810 25.280535 78.094261
v 54.256493 27.381212 80.241150
v 53.915451 29.922735 79.943344
v 53.543644 26.128836 78.848854
v 52.570984 29.553289 79.164078
v 52.585300 29.351141 79.656769
v 51.687183 31.255671 78.769646
v 53.463844 29.829931 80.258270
v 53.809650 27.414782 80.699341
v 52.997169 27.533941 79.487762
v 52.365036 27.304090 78.932045
v 53.132019 28.260530 79.710678
v 52.155903 -7.456044 63.920025
v 52.044052 -9.303079 63.737179
v 51.803562 -12.138799 63.179260
v 51.627575 -13.480556 69.163177
v 51.914352 -12.166883 69.716927
v 56.068913 33.214111 65.657936
v 54.298462 37.489677 69.557785
v 55.860237 35.666084 65.869102
v 54.736191 35.046318 69.008667
v 56.389637 30.773325 68.991226
v 56.632542 31.810385 68.376984
v 57.271023 29.028296 66.683914
v 59.143604 34.715714 63.760555
v 59.660400 28.728811 65.694908
v 59.247765 36.816628 63.351559
v 59.530579 38.598122 62.192486
v 56.034645 36.877388 65.025703
v 54.051064 38.507172 69.503723
v 54.233246 39.469604 68.843460
v 53.770058 40.847282 68.577103
v 53.903294 39.924355 68.754074
v 57.562881 37.453880 63.240749
v 59.783932 39.647858 60.510643
v 59.147385 27.118246 66.825439
v 57.762840 37.558372 62.982922
v 57.034931 28.456198 67.249481
v 56.192268 29.130018 68.496780
v 55.952644 32.066612 69.203003
v 53.362274 31.233736 72.793465
v 52.946709 28.568388 72.509605
v 51.110046 30.883795 76.804626
v 50.030888 28.085630 76.940132
v 57.496468 26.811686 69.117294
v 54.521175 26.360594 74.588715
v 52.355133 26.195917 77.554504
v 51.503166 28.003229 77.915924
v 51.122780 28.763025 77.974815
v 51.091850 30.803709 77.849457
v 51.786926 28.148893 78.410278
v 51.779613 28.927271 78.395821
v 51.862411 29.592539 78.572166
v 57.012695 38.568344 71.001190
v 57.283215 38.451157 71.037186
v 57.376812 37.033829 70.987686
v 57.627422 37.115997 70.995728
v 58.339050 32.108871 71.539368
v 58.170929 31.943598 71.486862
v 57.995186 33.360847 71.298553
v 58.220104 33.246788 71.374397
v 61.484310 29.007261 72.782845
v 58.791042 32.713821 72.152435
v 59.504723 32.686424 72.208862
v 60.795498 31.754858 72.653435
v 60.266060 31.591646 73.090691
v 61.010078 29.024252 73.112137
v 57.783955 28.176508 77.468681
v 57.211525 30.642065 77.189590
v 59.549633 32.388084 72.595108
v 55.953205 31.621469 77.019737
v 55.539368 32.188721 76.523270
v 59.769081 27.264078 71.520905
v 56.672020 26.886080 76.577850
v 57.392311 28.021166 77.968399
v 56.934292 30.647421 77.573143
v 53.235794 27.941126 85.009018
v 53.606728 28.117464 84.486176
v 53.566967 28.169512 84.913422
v 53.179230 28.001818 84.443649
v 53.008472 28.063845 84.015503
v 52.587795 28.145365 83.924606
v 52.736374 28.105658 84.491463
v 52.838253 28.069365 85.135330
v 53.593605 28.002359 85.730698
v 53.222263 28.054144 85.909378
v 52.471165 27.689348 81.924675
v 51.492954 27.545996 82.023293
v 52.873253 28.063837 80.819031
v 53.178898 27.961710 81.984474
v 51.809402 27.801218 83.049103
v 52.392647 27.992502 83.091988
v 52.024689 28.482821 83.241516
v 52.443985 28.490587 84.086380
v 52.626297 28.375769 84.613281
v 52.732922 28.313715 85.281769
v 53.164764 28.408335 86.019333
v 53.822693 28.106188 86.320389
v 54.001808 28.157278 85.600319
v 53.751350 28.704912 84.891876
v 53.808331 28.468294 86.389832
v 50.881958 28.119230 83.880524
v 50.333260 27.976778 83.269440
v 50.999363 29.166590 83.834991
v 54.106598 28.162405 86.173492
v 54.256893 28.447283 86.146454
v 54.058506 28.546827 85.573059
v 50.823013 29.368177 84.590958
v 50.761700 28.701960 84.763382
v 50.382431 28.120443 84.558861
v 49.689552 28.315386 84.025986
v 49.110966 28.439875 83.552216
v 48.963032 28.822615 83.918076
v 48.419926 29.282370 83.600037
v 48.368439 30.087545 84.501816
v 48.611198 29.678793 84.958496
v 48.603527 30.099966 85.186028
v 48.931561 29.982473 85.351997
v 49.510235 31.631952 84.956116
v 49.842686 31.559248 85.059196
v 50.181473 32.245720 84.630318
v 50.463600 32.183662 84.734802
v 50.645767 32.463020 84.195770
v 50.626087 31.961340 84.627762
v 50.718346 32.386589 83.995644
v 50.278164 32.418358 83.764069
v 49.879623 32.118080 84.100357
v 49.210384 31.534212 84.434128
v 48.417614 30.379236 84.653244
v 50.775448 29.814154 85.546890
v 50.940399 31.062986 85.728622
v 50.534359 29.845770 85.830856
v 50.589066 31.050859 85.710648
v 50.164642 30.030073 85.754257
v 50.456776 29.537275 85.726006
v 50.071316 29.558104 85.622681
v 50.038170 28.560244 84.681389
v 49.547752 28.805788 84.449013
v 49.696587 29.521215 84.596420
v 48.902473 29.683393 85.184624
v 49.289349 30.080019 85.182167
v 49.987179 31.063997 84.881767
v 50.452599 31.325731 85.030991
v 50.372410 31.262640 85.413055
v 50.526398 31.535917 85.359093
v 49.845219 30.156034 85.388397
v 49.783966 30.046980 85.113724
v 49.697292 29.755545 85.292076
v 51.400871 31.967459 85.349297
v 51.470661 31.534494 85.335938
v 51.693104 31.899904 85.096260
v 51.537876 32.350937 84.820419
v 51.119812 32.018654 85.315056
v 51.249424 32.415794 84.713203
v 50.856434 32.143562 85.050186
v 50.899361 32.168877 84.655235
v 50.627563 31.849867 84.864532
v 50.780735 31.500280 85.675529
v 51.085575 31.375509 85.708466
v 51.285004 31.190878 85.450714
v 50.844765 30.049845 85.206261
v 53.595589 28.971796 85.542603
v 52.757465 28.880247 84.730690
v 52.870247 28.777910 85.388557
v 53.337078 29.042059 84.820450
v 53.055931 29.083582 84.214767
v 53.487007 29.072542 84.214836
v 53.775623 28.646330 84.369835
v 53.522453 28.729856 83.930733
v 53.712223 28.745821 83.149490
v 53.713490 28.798052 86.152481
v 51.524277 29.697660 79.790405
v 52.622452 29.755075 80.114365
v 53.345177 28.963461 80.676147
v 53.398125 28.348818 80.920372
v 53.755989 28.727530 81.768036
v 53.470139 29.243345 81.836632
v 53.502007 29.180815 83.075119
v 52.709957 29.239630 83.252678
v 52.651230 28.869589 84.129227
v 52.951305 29.547026 82.198753
v 51.768608 29.492887 82.804459
v 51.702854 30.305117 81.624390
v 51.176617 30.422895 80.742989
v 49.652988 30.378908 82.388184
v 50.043987 30.518991 79.987991
v 48.997429 30.596331 81.822701
v 48.414867 30.621164 81.253288
v 48.281418 30.927080 82.502975
v 48.562519 30.533300 82.795868
v 48.198887 31.380999 83.151138
v 48.384712 31.033667 83.559128
v 49.089264 31.529470 83.131577
v 50.734055 29.404039 79.418854
v 49.468925 32.411003 82.913132
v 49.577244 32.388512 83.264130
v 49.558990 32.045479 82.990570
v 49.454983 32.032074 82.683769
v 48.877495 31.659464 82.718391
v 47.603390 31.283415 83.224838
v 47.718235 30.862562 82.410294
v 47.728889 30.397478 81.679054
v 48.295353 30.095579 80.744858
v 49.357559 30.008356 79.575508
v 50.544376 28.670973 79.398926
v 48.465847 31.849298 82.901619
v 49.121368 32.247978 82.753731
v 63.470268 39.283821 67.838676
v 61.025745 40.195534 70.888916
v 60.843254 39.488632 70.915436
v 63.500557 38.549721 67.884880
v 62.361763 37.765549 65.444183
v 63.726467 34.963692 68.649902
v 61.515957 35.534569 71.250450
v 63.734299 30.669401 69.275925
v 61.832039 31.689032 71.362328
v 61.892784 31.072557 71.579918
v 60.317772 31.518110 71.774719
v 59.140007 31.592791 71.653259
v 58.865284 32.199356 71.589676
v 60.053818 33.512505 71.662041
v 59.069054 39.489716 71.117157
v 62.477528 34.428886 65.563011
v 62.541809 30.214556 66.835907
v 57.848560 39.021515 70.872841
v 58.279793 35.864510 71.274445
v 53.516487 28.279497 81.903183
v 53.487457 28.242666 83.245750
v 53.007404 27.906023 83.006195
v 53.446819 28.266569 84.021797
v 51.864506 28.119558 80.351944
v 50.484222 27.957602 81.847343
v 49.396629 28.615122 80.835030
v 48.815449 28.723185 81.636124
v 48.263371 29.429941 80.951614
v 47.482685 29.828291 81.974991
v 47.507450 30.490095 82.405975
v 47.499100 31.039106 83.276932
v 47.554066 31.260862 83.420273
v 48.277332 31.879732 83.162125
v 47.655918 31.097532 83.696548
v 48.366989 31.719954 83.450287
v 51.031170 28.169413 79.957108
v 48.939533 29.295454 80.020645
v 48.684654 32.159172 83.078430
v 48.801575 32.100792 83.333984
v 47.909531 30.883600 83.893890
v 48.556122 31.577044 83.719330
v 49.100925 32.101143 83.497299
v 50.640072 28.309072 79.607727
v 47.927799 29.287378 82.471756
v 47.683426 29.934557 82.849716
v 47.605362 30.790503 83.501297
v 47.856121 30.629019 83.764816
v 49.372925 32.248329 83.799591
v 48.751102 31.588041 84.118568
v 47.999626 30.691835 84.280075
v 47.931210 30.299086 84.094818
v 48.017139 29.524115 83.039787
v 48.696548 28.903131 83.021210
v 49.893078 28.094625 82.627029
v 50.157433 32.479332 83.357895
v 49.959354 32.279358 83.215805
v 50.308456 32.145836 83.491280
v 50.128738 31.762838 83.608383
v 49.877201 31.868322 83.196411
v 49.344933 31.323858 83.334274
v 48.690517 30.894190 83.695953
v 48.972401 30.397795 83.111557
v 49.086441 30.153723 83.645767
v 50.316841 29.843687 83.283066
v 49.597301 30.004950 84.062973
v 49.582211 29.598341 84.349945
v 49.467579 30.319014 84.931885
v 49.584038 31.240084 83.878136
v 48.950417 30.608660 84.271103
v 50.093010 31.088736 84.511093
v 50.641758 31.743113 84.327042
v 50.852501 32.071976 83.995621
v 50.469139 31.767054 83.968536
v 49.974117 31.136198 84.196350
v 49.366043 30.522490 84.611809
v 51.300838 31.908453 84.439545
v 51.056019 31.553076 84.627579
v 50.918739 31.250196 84.810303
v 50.431618 30.221067 84.890488
v 50.493546 29.741312 84.434425
v 51.696266 31.779356 84.721329
v 51.573486 32.281975 84.605415
v 51.446396 31.434492 84.952362
v 51.272602 31.106886 85.090302
v 50.103672 50.498772 60.170811
v 51.803867 50.150871 61.856274
v 47.917767 50.247307 60.690540
v 51.998184 50.887428 61.142467
v 53.773518 50.010445 62.121284
v 53.949772 49.181770 63.117989
v 54.505234 47.341080 63.832661
v 54.139481 46.105820 64.524117
v 52.467449 45.672295 66.171562
v 51.361214 44.875130 66.558754
v 51.918415 43.713150 64.983185
v 50.121811 42.159401 64.686539
v 48.191547 42.408089 63.479397
v 46.402645 43.412155 62.594906
v 45.962349 45.199821 61.752365
v 45.263794 47.687843 63.541695
v 46.163570 46.739967 61.508995
v 46.244545 49.082214 61.718143
v 43.762032 53.176430 64.839844
v 43.561691 54.356537 64.429749
v 44.288666 53.843399 64.670166
v 43.035057 53.689568 64.599426
v 43.368576 54.383705 64.509537
v 42.960014 53.866058 64.640709
v 43.372498 54.563515 65.444359
v 44.099472 54.050385 65.684776
v 43.222538 54.543472 65.292717
v 42.901260 53.836655 65.317146
v 43.628235 53.323524 65.557571
v 44.603336 50.832497 67.573761
v 45.040165 49.743027 68.838448
v 45.364441 49.813148 68.896057
v 44.715405 50.460320 67.213036
v 45.152233 49.370842 68.477715
v 45.039375 50.524017 67.267426
v 45.476204 49.434547 68.532104
v 44.927616 50.902626 67.631378
v 44.532425 51.402374 67.389114
v 44.771225 50.608574 66.621414
v 45.092026 50.682816 66.685974
v 44.851955 51.488312 67.461990
v 44.601944 52.716423 68.289520
v 44.668190 52.850761 68.611847
v 44.497192 52.799347 68.569298
v 44.777508 52.769447 68.333153
v 44.302185 52.754242 68.582344
v 44.426277 53.110596 68.474525
v 44.597275 53.162010 68.517075
v 44.697647 53.122040 68.226028
v 44.522087 53.069023 68.182388
v 44.474411 52.911995 67.716278
v 44.553810 52.559723 67.824844
v 43.988976 52.656265 68.502731
v 43.921337 52.969421 68.412003
v 43.828640 52.587738 68.404480
v 43.761459 52.900574 68.312309
v 43.657219 52.538246 68.361359
v 43.590038 52.851082 68.269188
v 43.739697 52.446419 68.076546
v 44.232281 52.458412 67.743355
v 43.915741 52.497261 68.120834
v 43.663692 52.800644 67.972046
v 43.839737 52.851479 68.016327
v 44.155815 52.812965 67.640289
v 44.231728 53.065155 68.486137
v 45.450138 55.383751 65.213699
v 44.588879 54.556763 63.545811
v 45.149246 54.273338 63.876030
v 44.605747 55.688812 64.955887
v 44.412144 54.836945 63.431953
v 44.415192 55.830177 64.709702
v 46.314724 56.917191 63.980106
v 45.786629 57.293182 63.743999
v 45.378922 57.139526 63.720673
v 50.993637 59.476212 63.723999
v 52.130630 58.329277 62.893299
v 50.607304 58.496391 62.531273
v 52.084743 59.107712 64.082924
v 50.582817 57.903465 62.846088
v 49.805962 57.913422 62.858593
v 49.851921 58.549568 62.485329
v 49.843227 59.719780 63.485531
v 51.022018 59.250549 64.191353
v 52.152046 58.846397 64.544304
v 52.165287 57.757912 63.228859
v 49.810844 59.424706 63.995949
v 42.598606 47.290878 64.632034
v 52.651989 54.247002 62.408157
v 46.909279 53.810249 62.362671
v 52.164688 53.722336 62.982826
v 43.831085 50.674286 64.099747
v 43.572437 48.467087 65.066818
v 43.414871 47.123817 65.099464
v 42.238613 48.882050 64.158981
v 42.696396 50.573257 63.356621
v 46.446957 54.331245 61.615543
v 54.921207 51.385208 66.949814
v 53.507519 47.719986 69.602722
v 51.858021 45.947502 69.791382
v 51.251877 44.676041 69.519562
v 52.060192 44.136894 69.806244
v 53.230362 45.543869 70.435791
v 54.402683 47.059235 70.075020
v 55.866161 51.503761 67.021355
v 52.789532 51.214226 60.582222
v 56.025925 49.122353 64.857605
v 53.908424 45.627731 67.323166
v 52.140095 43.940071 68.271553
v 49.093407 58.579155 62.488445
v 47.533924 58.580551 62.763275
v 47.500362 59.354210 63.957642
v 48.658413 59.603874 63.657944
v 48.601219 59.362701 64.100601
v 47.399654 59.061859 64.370316
v 47.400139 57.978645 63.050236
v 49.013443 57.976173 62.787258
v 51.932365 55.895050 62.183418
v 50.555367 56.293121 61.350563
v 50.620232 56.340324 61.891151
v 51.745781 55.969162 61.606857
v 50.825706 54.991707 61.130310
v 51.724907 54.930733 61.396076
v 51.877571 54.565163 61.904163
v 50.912106 54.721672 61.615173
v 49.708565 54.782967 61.304626
v 49.735481 55.047989 60.902546
v 49.781521 56.386261 61.328266
v 49.750301 56.422462 61.925415
v 49.678066 50.995155 61.588356
v 46.346687 50.224213 63.188332
v 46.630833 48.286568 62.995502
v 46.651089 50.195488 63.466415
v 46.239292 50.433479 65.459824
v 45.670643 50.443176 65.549812
v 45.591866 50.535927 64.642265
v 46.293289 51.440453 64.030388
v 47.486073 51.529968 62.966888
v 48.675087 52.092491 62.819530
v 49.525654 51.801140 62.499157
v 48.322357 52.869392 62.336632
v 49.593376 53.145844 62.354248
v 48.352875 53.718147 62.008560
v 49.663887 54.264664 61.855961
v 48.484680 54.834129 61.524185
v 47.069267 52.629341 62.593754
v 46.805111 53.614174 62.168148
v 47.251675 54.718651 61.906021
v 46.834614 48.649155 67.205605
v 46.461853 48.933456 64.735985
v 45.796421 46.317642 62.645004
v 46.429016 46.907608 64.245232
v 45.958477 47.106422 66.721710
v 47.335274 46.025681 67.526016
v 47.691872 46.310829 69.059647
v 46.590645 46.863808 69.365059
v 46.313667 48.802742 68.434418
v 46.543026 50.504662 67.763130
v 45.599136 50.936920 68.204895
v 45.467468 50.757866 66.728363
v 45.464725 50.761856 66.738380
v 45.388073 51.624901 67.548401
v 45.324924 51.201347 68.225883
v 45.413574 51.455597 68.246597
v 45.441113 51.212486 68.920334
v 45.489868 51.447578 68.859978
v 45.051151 50.455307 70.224258
v 45.059990 50.909920 70.122009
v 45.585129 50.263741 68.539169
v 46.849384 48.572823 69.809517
v 47.038063 46.965027 71.423294
v 47.609962 45.942291 70.841278
v 49.015442 45.299133 70.390747
v 49.076107 45.643921 69.198372
v 48.733250 45.375778 67.813309
v 46.637970 45.739502 64.212906
v 46.569298 44.399590 63.217911
v 48.141422 43.227554 63.870781
v 47.809669 44.999893 65.085716
v 49.766533 43.179932 65.190147
v 50.195248 45.463455 68.099800
v 50.493637 45.925056 69.359314
v 50.436699 45.811348 70.947243
v 49.013332 45.874352 71.157936
v 47.678841 46.537338 71.791496
v 46.930847 48.012436 71.912209
v 46.311077 48.501587 70.899117
v 45.874077 49.521332 70.119537
v 46.267765 49.215698 71.243675
v 45.579475 50.356483 70.108658
v 45.881111 49.742828 71.331200
v 46.530083 48.863579 72.842705
v 46.119396 49.475998 72.279564
v 45.740028 51.188278 68.821526
v 49.010406 46.345360 71.818069
v 45.418724 49.771019 71.162125
v 45.234917 49.913055 71.270973
v 46.340839 49.146309 73.276764
v 45.442738 49.496552 71.902313
v 48.959911 49.738449 75.060387
v 49.055019 49.844025 74.827591
v 49.072243 50.159866 74.758400
v 49.060459 49.813828 74.645134
v 47.761642 49.740746 74.607079
v 47.730644 49.597488 75.047028
v 47.068413 49.169716 74.433174
v 46.925274 49.311951 74.468376
v 45.998447 49.055824 74.026344
v 46.872448 49.505867 74.345924
v 45.912720 49.280708 73.928047
v 46.305210 49.805878 73.573303
v 46.014206 50.103371 72.677002
v 45.607086 49.332527 73.304047
v 45.289574 49.804192 71.969635
v 45.287354 49.626091 72.013535
v 46.677876 49.181038 73.798340
v 46.015839 50.693375 71.862946
v 48.964966 49.881935 75.128418
v 47.643066 49.743828 75.133507
v 47.616985 49.917328 75.054550
v 47.261757 50.179588 73.708084
v 45.212631 50.112846 71.228081
v 45.895718 51.092781 70.729202
v 46.089905 51.764786 70.876915
v 46.287437 51.316116 71.739006
v 46.379745 51.013321 72.425629
v 47.258938 51.120758 72.714394
v 47.874836 50.676201 74.281372
v 48.980782 50.054924 75.029091
v 49.169147 51.572571 73.919197
v 49.206810 52.307304 73.822418
v 49.134228 52.233055 73.973068
v 49.081738 51.484978 74.108971
v 49.126820 50.719337 73.993858
v 49.041660 50.882179 74.295647
v 48.979530 52.251801 73.868698
v 48.865681 52.536293 73.877182
v 48.856728 51.731606 73.777771
v 48.514565 51.334229 73.668900
v 47.980148 51.044823 73.527939
v 44.524948 53.847382 68.696739
v 45.109676 55.061981 69.718208
v 44.614655 55.576530 68.152908
v 44.627705 53.583282 69.721039
v 45.298428 54.728630 70.442780
v 45.237534 53.923050 70.937576
v 45.640194 54.528587 71.474464
v 45.555431 53.382683 72.234299
v 45.902267 53.759491 72.604263
v 45.720711 52.810402 73.110756
v 46.139019 53.108078 73.421722
v 45.778259 52.664429 73.197472
v 46.168949 52.987015 73.448776
v 46.865978 53.218399 73.858810
v 46.996639 53.096375 73.745407
v 47.845345 53.165665 73.871185
v 48.082394 52.783081 73.915009
v 49.175247 53.207298 73.820374
v 45.350010 53.016792 72.067177
v 45.549721 52.510277 72.942551
v 45.647255 52.001083 72.724304
v 45.777702 51.841591 72.867844
v 45.709557 52.312889 73.011002
v 46.059364 51.233315 72.797401
v 46.368313 56.574142 71.375397
v 46.508888 55.534737 71.939926
v 47.950150 57.352478 71.862549
v 48.117531 58.538567 71.096649
v 49.426025 58.457977 71.535637
v 49.352470 57.203384 72.344215
v 47.961159 55.703201 72.333008
v 49.304276 55.802559 72.774612
v 48.055328 54.500977 72.682274
v 49.266060 54.640984 73.032372
v 48.216000 53.639610 73.618011
v 46.452862 53.963875 72.954994
v 45.869293 55.769424 70.966248
v 46.548134 58.096001 70.155945
v 47.539883 59.593529 69.467667
v 49.550140 59.757462 69.789078
v 49.490143 58.296738 71.496910
v 49.425190 57.098816 72.274666
v 49.379707 55.745087 72.682045
v 49.339016 54.615440 72.929916
v 49.251953 53.182808 73.700165
v 49.613411 59.555077 69.740898
v 45.985882 58.883018 69.055603
v 45.748154 56.817039 69.641579
v 45.183968 57.413483 68.558464
v 45.078438 57.096779 68.495010
v 45.797451 52.395729 63.745354
v 45.879158 52.292137 62.987106
v 45.485004 53.158791 62.968533
v 45.806412 53.860176 63.167351
v 46.367706 55.019585 62.649204
v 47.537525 56.098648 62.018681
v 46.778313 55.884560 62.466385
v 47.779194 57.261482 62.600937
v 46.047222 57.406120 64.683273
v 44.859058 56.127739 66.129410
v 44.831684 54.379990 67.578468
v 48.903313 56.419868 61.826790
v 44.638084 53.358788 67.536057
v 44.880112 54.026703 66.838501
v 45.096958 54.284050 65.838547
v 44.974297 54.007103 64.770088
v 45.651661 53.402245 64.064041
v 49.693558 60.732918 67.096657
v 47.900814 60.245255 67.759872
v 49.651932 60.554337 67.996384
v 47.929070 60.571198 66.628006
v 46.093399 59.227242 67.461899
v 47.218006 59.885468 65.873840
v 45.307602 57.780472 66.820312
v 46.308628 58.536621 65.160049
v 49.730438 60.503380 66.009216
v 49.842842 60.102066 64.726418
v 45.566139 56.353714 69.981659
v 45.421677 56.396996 70.071793
v 45.391991 56.302277 69.982040
v 45.541828 56.256920 69.897064
v 44.925255 57.401756 68.364922
v 45.031082 57.721893 68.441917
v 52.125751 49.197670 72.504959
v 52.291973 48.664124 73.443893
v 51.801300 48.893326 73.481514
v 50.346180 49.621010 74.703957
v 50.330872 49.477028 75.144501
v 50.994778 48.987831 74.580353
v 51.431019 48.960846 73.976501
v 51.854767 48.619492 74.179909
v 52.480118 48.799759 73.584389
v 52.828186 49.154419 72.179153
v 52.458828 49.438126 71.577698
v 52.932270 49.423065 71.443802
v 52.893032 50.017464 70.382942
v 53.420479 50.067719 70.537910
v 52.862434 50.823219 69.125420
v 52.986118 49.269432 72.302124
v 53.003639 49.446838 72.258789
v 52.545139 49.011116 73.564117
v 52.258911 49.814079 72.911087
v 52.365738 50.176872 72.009224
v 53.163929 49.744499 71.526131
v 53.119949 49.547775 71.566544
v 53.496559 50.366020 70.509933
v 53.157051 50.838631 69.237480
v 53.009323 50.590652 68.494308
v 49.122314 49.730919 75.066483
v 50.424877 49.614952 75.237785
v 51.147408 49.116356 74.626640
v 52.077049 48.774223 74.254196
v 52.190273 48.989899 74.163361
v 51.882381 49.769836 73.874115
v 51.998779 50.753014 72.636253
v 52.287849 51.093338 72.065720
v 52.598557 50.711922 71.049469
v 53.410954 50.676521 70.363129
v 50.950203 50.008720 73.846344
v 51.226910 49.304146 74.509148
v 51.095490 50.884590 72.838028
v 50.374882 50.890785 73.591415
v 50.340981 50.456604 74.337440
v 50.472691 49.785034 75.161591
v 49.813751 51.211647 73.696053
v 52.665771 51.292610 69.884773
v 53.129032 51.049423 69.184563
v 52.578449 51.395470 71.181137
v 52.916645 51.911911 69.346542
v 52.856552 51.353668 68.997391
v 53.232639 51.063606 68.549995
v 53.301674 50.825432 68.535759
v 53.776371 50.700180 66.661888
v 53.623009 50.508636 66.358299
v 52.889008 51.411133 64.768181
v 53.129463 50.150513 65.671928
v 52.139027 51.313835 63.618664
v 52.395943 50.469582 63.699120
v 50.750797 51.938919 62.999756
v 52.459248 50.798317 62.471802
v 50.831200 52.753166 62.430676
v 53.572643 47.586639 65.247398
v 53.155216 51.955070 63.259846
v 52.034050 52.399338 62.779858
v 50.903767 53.599976 62.104179
v 52.428406 53.414482 62.203686
v 53.627983 52.781555 63.273769
v 53.034374 51.838348 64.975739
v 53.810211 51.221367 66.857658
v 53.008327 51.395966 68.472755
v 53.004520 51.729263 68.637222
v 53.657028 51.539528 67.187401
v 53.253899 52.222862 65.141327
v 52.794952 51.669930 72.992302
v 52.392277 51.004257 72.968422
v 52.767078 51.540100 72.105515
v 53.086254 51.934509 71.095665
v 53.459671 51.877342 69.288864
v 53.256588 51.775124 68.572456
v 53.651371 51.833694 67.502350
v 53.491474 52.804985 65.047310
v 53.358753 53.510307 63.450447
v 52.790085 55.164070 62.790840
v 51.756268 57.077248 62.750015
v 53.092667 52.107056 72.255005
v 53.526768 52.503075 71.060966
v 53.787636 52.133522 69.387581
v 53.632820 52.172920 68.449959
v 53.654114 52.523735 67.196136
v 53.978821 53.240639 64.698868
v 52.922676 52.168755 73.219070
v 53.224743 52.598106 72.406151
v 53.941666 52.989655 70.717468
v 54.183628 52.896103 69.707962
v 54.301395 53.031860 68.960052
v 54.108673 52.861855 67.039993
v 54.108707 53.788170 64.454575
v 53.726894 54.536652 64.866776
v 53.037430 56.212807 63.710964
v 54.414101 55.615181 66.452309
v 54.414787 54.944786 68.482613
v 53.906994 57.032692 68.799896
v 53.229881 56.471466 69.921600
v 54.073391 53.955505 67.738548
v 54.348602 53.699783 69.148499
v 54.250229 53.560669 70.095840
v 53.418865 53.496742 71.281952
v 53.105137 52.997925 72.540245
v 52.768051 52.483978 73.375031
v 53.745667 54.641838 70.043060
v 53.504452 54.326874 70.765045
v 53.074741 54.175987 71.761711
v 52.739727 53.440582 72.862427
v 52.356964 52.820099 73.654892
v 52.313931 52.702354 73.679131
v 52.690762 52.344185 73.456635
v 52.740479 51.987144 73.274643
v 52.639999 51.523659 73.125153
v 52.979015 55.440269 71.232529
v 53.333778 57.068565 64.956413
v 53.926037 57.270393 67.462753
v 53.204201 58.548744 69.326157
v 52.494522 57.820129 70.379196
v 52.504131 56.289940 71.605850
v 52.281059 55.267303 72.156898
v 52.155712 53.699554 73.168839
v 51.612679 52.998558 74.036827
v 51.480000 52.888680 73.913460
v 50.634266 53.036469 73.975731
v 50.360317 52.677551 74.000397
v 49.562618 52.504005 73.903305
v 53.243938 58.866417 67.815147
v 53.142979 58.220016 65.416229
v 52.311245 59.649521 66.064758
v 49.863525 60.497223 66.014206
v 49.781536 60.271729 66.141357
v 50.691429 54.381027 72.781693
v 50.393349 53.538742 73.699631
v 50.894630 55.565300 72.444382
v 51.042004 57.206367 71.980011
v 51.021717 58.402168 71.206482
v 51.696224 59.400970 69.623459
v 51.525593 60.077347 67.895744
v 51.612183 60.400581 66.766060
v 49.840107 60.726128 67.102150
v 49.752678 60.487190 67.177467
v 49.797737 60.547577 68.001846
v 49.711990 60.311081 68.045242
v 49.310390 53.201042 73.825447
v 49.406754 54.634514 73.037613
v 49.451790 55.795906 72.780045
v 49.498405 57.196861 72.349548
v 49.564083 58.451714 71.540733
v 49.691315 59.750923 69.794365
v 49.260773 52.227196 73.977814
v 49.236732 51.497696 74.057434
v 49.203869 50.874664 74.301727
v 49.133156 50.047867 75.034798
v 49.125462 49.874496 75.134430
v 49.504639 51.701591 73.802063
v 49.423943 52.231216 73.885361
v 48.977448 48.838196 75.651154
v 48.989979 49.068306 75.601257
v 48.175800 48.927361 75.446503
v 49.704685 48.643494 75.566452
v 49.796944 48.852264 75.507278
v 50.230556 48.179260 75.280273
v 50.380470 48.337120 75.189720
v 50.414158 47.569870 74.869308
v 50.584202 47.660934 74.733704
v 50.206295 46.978622 74.443672
v 50.353550 47.004852 74.261398
v 49.662663 46.563934 74.117409
v 49.750317 46.544708 73.899368
v 48.928925 46.436920 73.977936
v 48.936134 46.403763 73.744606
v 48.201691 46.631615 74.062645
v 48.129169 46.619804 73.838600
v 47.675816 47.095848 74.348816
v 47.545643 47.134933 74.156143
v 47.492214 47.705231 74.759781
v 47.341911 47.811134 74.612167
v 47.700077 48.296494 75.185425
v 47.572563 48.467201 75.084473
v 48.243710 48.711182 75.511688
v 48.960060 47.706139 74.715927
v 49.051373 48.617157 73.405846
v 49.078293 49.949425 74.334167
v 49.885258 49.733383 74.240181
v 48.264114 49.808487 74.179413
v 47.660877 49.348328 73.817383
v 47.430225 48.692261 73.345078
v 47.633957 48.016068 72.889053
v 48.217484 47.500931 72.571503
v 49.024452 47.284889 72.477516
v 49.838631 47.425835 72.632271
v 50.441864 47.885986 72.994308
v 50.672516 48.542061 73.466614
v 50.468784 49.218254 73.922630
v 44.413578 54.143761 65.741005
v 44.313034 53.967079 67.299545
v 44.343719 53.902252 66.761665
v 44.449356 54.437218 65.311913
v 44.360401 55.049805 67.802246
v 44.498146 55.522331 65.820793
v 42.856735 53.979591 65.194717
v 44.537750 53.159607 63.910004
v 44.604279 53.933479 64.717461
v 44.855495 53.243828 63.950790
v 44.779934 52.181053 63.607906
v 44.950321 51.169952 63.844822
v 44.230064 51.285324 64.256020
v 44.109539 52.000534 64.088432
v 45.099747 52.256912 63.646114
v 43.938229 52.692741 64.302132
v 43.652824 51.911568 65.495514
v 44.269379 50.754730 64.764320
v 45.004791 50.416954 64.558777
v 45.271591 51.237167 63.885056
v 45.326717 50.481140 64.604889
v 44.939598 50.212051 65.576050
v 45.261414 50.280312 65.630745
v 45.196419 52.605400 67.852394
v 44.604237 52.437996 67.764145
v 44.415691 53.300293 67.503922
v 44.284950 52.326172 67.685776
v 44.029106 53.799576 66.695946
v 44.099342 53.190781 67.431053
v 43.576828 53.133141 66.269829
v 43.623425 52.677780 66.784874
v 43.753380 52.056885 66.963150
v 43.929779 51.404251 66.759354
v 44.100365 50.859787 66.217522
v 44.222645 50.602837 65.485062
v 46.295830 50.997368 72.893692
v 46.946651 50.808861 73.207375
v 47.778294 50.978622 73.536880
v 48.267769 51.292969 73.819046
v 48.731564 51.689529 73.938614
v 46.048954 51.227760 72.907707
v 46.481976 51.053337 73.035728
v 47.012882 50.907555 73.328285
v 47.652458 51.076164 73.584457
v 48.127728 51.422409 73.723404
v 48.530502 51.758827 73.896538
v 48.839962 52.186981 74.026306
v 45.881763 52.510689 73.362808
v 46.154861 52.820961 73.566444
v 46.897064 52.906914 73.958153
v 47.998695 52.623764 74.100601
v 48.713234 52.453835 74.031311
v 48.642986 52.155121 73.953804
v 48.342777 52.050690 73.272690
v 47.996201 51.768517 73.114166
v 47.499565 51.489258 72.934029
v 46.926334 51.341476 72.791824
v 48.570946 52.354782 73.980568
v 47.976177 52.541649 74.018921
v 47.207115 52.708725 73.910339
v 46.365112 52.663040 73.651695
v 46.074532 52.348526 73.495399
v 47.171322 52.783867 73.368851
v 48.024376 52.662880 73.456100
v 48.511864 52.384453 73.423866
v 46.314907 51.475899 72.747330
v 46.231544 51.262711 73.024109
v 45.889462 51.746323 73.021194
v 45.827682 52.169296 73.186539
v 46.030334 52.059021 73.336388
v 46.059666 52.130646 72.952225
v 46.094860 52.413925 73.064034
v 46.387028 52.702591 73.217888
v 46.069622 51.694733 73.159882
v 46.066681 51.833931 72.842384
v 48.964016 45.306152 72.408005
v 48.944664 44.265648 71.638313
v 49.582489 44.354691 71.785385
v 48.308586 44.413712 71.737633
v 47.844692 44.759193 72.056725
v 47.677284 45.209541 72.510101
v 47.851219 45.644073 72.976257
v 48.319885 45.946358 73.330315
v 48.957714 46.035400 73.477386
v 49.593792 45.887337 73.378067
v 50.057686 45.541855 73.058975
v 50.225094 45.091507 72.605606
v 50.051159 44.656975 72.139435
v 50.435692 52.427711 74.111115
v 51.545433 52.691574 74.132393
v 50.414814 52.511833 74.191162
v 51.222851 52.522697 74.060837
v 52.303711 52.536118 73.796936
v 52.073997 52.398582 73.865662
v 52.561440 52.201241 73.613220
v 51.458977 51.131485 72.961731
v 51.855362 50.804413 73.237144
v 51.951385 51.114204 72.933563
v 52.283211 51.422966 73.035774
v 52.124214 50.989723 73.245018
v 52.314735 51.405403 73.394043
v 52.380375 51.837830 73.189163
v 52.374187 51.765114 73.574272
v 52.363224 52.123535 73.299011
v 52.345161 52.058029 73.730469
v 52.088287 52.438477 73.431610
v 51.305801 52.592323 73.523834
v 50.441078 52.550919 73.546700
v 49.933743 52.318573 73.477173
v 49.830746 52.296425 74.027786
v 49.694820 52.408356 74.068100
v 52.596786 51.855698 73.440338
v 52.508743 51.439659 73.269371
v 52.310982 50.937660 73.142456
v 52.045631 50.731003 73.109222
v 51.294971 50.771576 73.510330
v 50.892841 51.332047 73.061234
v 50.654278 50.937103 73.696991
v 50.412029 51.656601 73.204742
v 50.203957 51.326225 73.801224
v 50.082108 51.970116 73.337898
v 49.822159 51.698990 73.944954
v 49.742779 52.104172 73.995026
v 49.544724 52.154335 74.052727
v 51.359894 50.643883 73.386429
v 50.517761 50.811913 73.754257
v 50.045815 51.210594 73.885696
v 49.612980 51.648697 73.971649
v 45.835407 48.963257 73.201874
v 46.210415 48.880974 73.968330
v 45.650623 49.116142 73.328384
v 45.718239 55.718117 62.417728
v 45.315948 55.716911 60.789703
v 45.622253 55.997757 62.275749
v 45.206131 55.402321 60.873917
v 45.333828 55.784737 62.511311
v 44.828785 55.476646 60.988167
v 45.190460 56.015648 62.416660
v 44.884148 55.734795 60.930614
v 45.239037 55.277283 60.709904
v 45.160446 55.645180 60.367241
v 45.410976 55.769859 60.578049
v 45.056259 55.346703 60.447144
v 44.648209 55.393646 60.888786
v 44.698242 55.417213 60.555534
v 44.734894 55.797867 60.798679
v 44.750771 55.662140 60.500931
v 44.104420 54.363564 65.556992
v 43.988152 54.001907 67.061714
v 44.105797 55.269402 67.601021
v 44.224171 55.639877 66.103455
v 45.922264 59.431091 67.723473
v 45.135334 57.977051 67.103035
v 44.692497 56.600311 66.499863
v 44.489216 56.082596 68.047684
v 45.834171 59.210815 68.954437
v 47.898155 60.430298 68.059540
v 47.559277 59.920952 69.354897
v 49.722580 60.738632 68.291145
v 49.641899 60.093094 69.645721
v 50.524818 60.448463 68.733330
v 50.505104 60.248894 69.153801
v 51.572083 59.800285 69.527832
v 50.991364 60.204567 69.066277
v 51.379398 60.334259 68.212547
v 50.907963 60.385437 68.671074
v 48.630760 55.093391 61.048035
v 47.497948 55.077888 61.378429
v 47.771839 56.153259 61.457897
v 49.002880 56.365036 61.292370
v 45.105339 52.614815 68.132828
v 45.570068 52.184532 68.314117
v 45.493652 52.323540 68.992157
v 45.945301 51.722900 69.538452
v 45.796257 51.778450 68.688553
v 45.899410 51.883820 68.236282
v 45.119781 52.898155 70.736855
v 44.854641 53.472610 70.762390
v 45.445297 52.461281 71.968369
v 45.915462 51.368652 72.659218
v 45.727875 51.866180 71.841667
v 45.508575 52.286255 70.811035
v 44.905636 52.565956 69.043274
v 47.391167 52.201157 73.524803
v 47.136589 52.473152 73.535995
v 47.112240 52.226326 73.491348
v 47.708469 52.421570 73.604591
v 48.033741 52.205841 73.572815
v 48.412582 52.320923 73.534714
v 47.957012 52.578194 73.563835
v 47.160080 52.694115 73.483315
v 46.427292 52.618179 73.342270
v 46.611702 52.418762 73.434967
v 46.856232 52.199799 73.442078
v 47.090897 52.003204 73.414375
v 47.549816 52.095940 73.509308
v 47.494625 51.987000 73.459961
v 47.920582 51.982475 73.471649
v 47.381493 51.894890 73.408218
v 47.688637 51.793633 73.365555
v 47.221848 51.819649 73.303307
v 47.356262 51.606743 73.245003
v 47.032269 51.755493 73.302994
v 46.972633 51.507843 73.149826
v 46.832687 51.799370 73.288475
v 46.563438 51.597794 73.120049
v 46.751663 51.916245 73.319504
v 46.397308 51.837410 73.183670
v 46.749374 52.013092 73.355347
v 46.760860 52.105568 73.391853
v 46.416172 52.225571 73.332008
v 46.154316 52.348473 73.198517
v 48.254601 52.009087 73.393471
v 46.121429 52.083794 73.094048
v 46.392616 52.035988 73.257172
v 46.127983 51.806564 72.991432
v 46.359909 51.472046 72.902611
v 46.931183 51.346451 72.944176
v 47.466763 51.484520 73.077042
v 47.930786 51.745445 73.245361
v 50.904392 51.829033 73.587784
v 50.480160 51.863899 73.567604
v 50.700954 51.654083 73.478485
v 50.855961 51.942772 73.633240
v 50.380863 52.097107 73.660812
v 51.730961 51.284599 73.294312
v 51.903309 51.121262 73.086998
v 52.213345 51.409752 73.182503
v 51.401421 51.296165 73.313164
v 51.443241 51.137421 73.113319
v 51.022739 51.436874 73.382439
v 50.914288 51.324806 73.206284
v 51.012081 51.726700 73.544319
v 51.310158 51.807732 73.572540
v 51.022041 52.032951 73.660912
v 50.721378 52.281990 73.717537
v 51.303825 52.032143 73.648476
v 51.299110 52.280304 73.692032
v 51.559242 51.981918 73.618378
v 51.822784 52.177353 73.630318
v 51.648987 51.879112 73.575096
v 52.006786 51.966583 73.541580
v 51.654587 51.785851 73.539238
v 52.018265 51.775368 73.468063
v 51.622768 51.647194 73.487823
v 51.953236 51.497726 73.365410
v 51.514355 51.543159 73.453110
v 51.353626 51.548805 73.462311
v 51.169029 51.620758 73.497475
v 50.465050 51.628036 73.340363
v 50.156799 51.920959 73.464783
v 50.018177 52.246544 73.594910
v 50.493561 52.504654 73.674103
v 51.300125 52.502312 73.638504
v 52.031223 52.358574 73.552338
v 52.288105 52.064316 73.428452
v 52.304127 51.797371 73.325813
v 50.929066 60.683807 68.988510
v 50.849731 60.683281 69.153008
v 50.978508 60.576584 69.222794
v 50.637394 60.577553 69.256226
v 50.649082 60.695854 69.006958
v 50.315269 48.215408 73.016335
v 49.056107 47.924583 72.550598
v 49.027245 47.097588 72.298569
v 49.068470 48.637756 73.045578
v 47.795128 48.332153 72.921860
v 47.785152 47.589798 72.624115
v 50.352257 46.413490 71.891708
v 47.054176 48.520660 72.475037
v 46.942436 48.857765 73.448509
v 47.338947 48.862221 73.678833
v 49.052692 49.059814 73.920471
v 50.755314 48.703995 73.806808
v 51.165215 48.662178 73.606674
v 51.621719 48.627983 73.033173
v 52.037350 48.948723 71.459442
v 52.524677 49.213036 70.368958
v 51.103100 48.333221 72.626442
v 51.959568 48.462532 71.353401
v 51.493382 48.304886 70.028709
v 52.106232 48.431969 68.748764
v 52.955650 49.922142 68.815544
v 50.923531 47.823166 68.050690
v 51.753559 50.007652 68.234077
v 49.871609 45.204254 66.499298
v 51.397762 45.702164 68.205963
v 51.603786 46.273613 69.865929
v 51.050476 46.628372 71.521645
v 51.222126 47.813644 72.073059
v 50.281670 47.474152 72.717697
v 52.846733 49.788094 66.945702
v 52.216061 49.305374 66.954094
v 51.507286 46.660156 66.334778
v 50.966702 44.030266 65.799019
v 49.135876 44.480682 65.831314
v 60.187889 18.691938 58.011547
v 59.929325 17.858950 52.792030
v 59.897480 20.337664 53.829742
v 60.543224 21.287386 54.947350
v 59.316746 21.769541 60.823601
v 60.317139 23.842020 57.972012
v 57.155228 24.866056 60.095932
v 59.732224 17.677649 52.382370
v 59.647015 20.377604 53.482883
v 59.983990 21.592890 54.481007
v 59.718380 24.245977 57.619221
v 56.845043 25.161020 59.922127
v 56.249435 24.370573 61.485291
v 56.143414 19.382830 66.501053
v 59.344978 17.436659 65.196480
v 60.542351 14.633898 62.839767
v 55.894173 24.618601 61.550705
v 55.786392 19.563250 66.640862
v 56.263321 16.508707 69.322281
v 59.030025 13.972643 67.042854
v 59.616970 9.214106 64.261414
v 59.461601 10.783596 61.109238
v 58.755119 13.134199 57.505707
v 59.523087 16.181025 53.677040
v 59.334469 15.859892 53.364273
v 58.570164 12.783682 57.235287
v 55.998653 16.431696 69.500977
v 56.684258 15.811129 69.572571
v 56.420040 15.719088 69.770393
v 59.230453 12.413979 68.489929
v 58.964695 12.148649 68.647316
v 59.268906 10.415964 60.872017
v 54.956135 18.612253 67.617981
v 55.346802 18.568605 67.798309
v 55.455544 16.677561 68.901535
v 55.122326 16.371099 68.861389
v 55.290905 22.410509 63.698498
v 54.892235 22.205587 63.836849
v 54.965622 23.937746 61.949780
v 55.345001 23.833193 62.145935
v 55.242832 19.686354 66.413513
v 54.868484 19.373198 66.473450
v 54.858311 21.364191 64.765366
v 55.255920 21.282148 64.941780
v 57.209999 32.841545 73.127914
v 56.960251 32.904633 73.086838
v 57.754440 32.861473 72.477539
v 57.635582 32.947029 72.254135
v 56.361523 33.925041 63.818493
v 55.800594 34.706856 64.201942
v 55.989990 33.619057 62.956524
v 47.570595 21.795774 57.294140
v 48.439892 19.168188 54.949211
v 50.669662 21.235014 54.745174
v 44.877121 22.012205 54.761509
v 46.643002 17.869272 53.068756
v 49.781666 10.970943 50.199257
v 49.405674 0.519640 41.085846
v 50.943020 -3.058296 38.429768
v 53.265873 -1.847513 36.866676
v 51.203556 2.949072 41.874294
v 48.562584 4.370205 46.263062
v 51.474102 6.469345 43.569733
v 52.226086 12.375525 47.513535
v 51.685131 18.364267 48.859058
v 46.673294 24.436861 57.660679
v 43.616669 26.352217 53.283436
v 42.665421 28.020006 48.594120
v 42.116848 24.869070 51.804989
v 45.112274 19.414328 52.675354
v 42.933250 21.134367 50.770256
v 43.334110 23.193884 47.405170
v 43.614468 23.732550 46.082741
v 44.167625 26.518984 43.202221
v 44.030842 23.927504 43.435001
v 44.602692 22.541479 42.204018
v 47.412521 26.019213 41.472904
v 47.314568 23.245916 40.653236
v 50.447689 23.858889 40.274845
v 51.111759 20.106764 40.534561
v 53.213150 18.710325 44.561440
v 50.953995 25.552729 41.152874
v 53.107578 12.726900 43.510380
v 49.775562 30.048151 44.116272
v 47.216064 29.629038 43.832905
v 47.296829 15.545065 39.612148
v 50.787621 14.646807 40.527184
v 48.599220 7.713844 38.030888
v 52.568676 6.463985 41.637280
v 49.239944 6.462999 36.354080
v 52.709362 4.518492 38.534885
v 53.085381 1.510405 29.750523
v 53.343021 0.506290 34.504795
v 44.819386 13.778311 39.455223
v 45.390648 17.868399 41.017006
v 53.740292 -2.165539 33.096554
v 53.004295 -0.881132 27.798927
v 48.464638 3.394789 29.264883
v 45.211445 5.200476 35.884052
v 44.480732 10.177387 38.791069
v 53.541313 -3.862073 30.002722
v 54.143459 -4.806930 34.849083
v 53.345371 -5.011100 33.418289
v 53.129452 -5.689159 32.172935
v 52.894661 -4.312119 29.816727
v 52.497456 -6.060940 31.113388
v 52.246502 -1.601891 28.154446
v 49.009064 -0.076883 27.309151
v 47.846825 1.446619 28.260426
v 45.497894 1.576359 30.692970
v 45.916008 0.329407 29.248943
v 44.543613 -3.334708 33.077526
v 45.100140 -4.153947 32.143211
v 47.286232 -6.419395 35.513741
v 51.770206 -6.980495 35.484554
v 47.152794 -3.704796 37.136036
v 51.529072 -5.079766 37.487999
v 46.952671 -1.869373 40.108765
v 45.423077 1.349625 38.219364
v 46.498260 -1.559675 27.041498
v 45.607716 -3.305050 30.232834
v 45.415604 -5.584544 30.244078
v 48.181057 -7.290280 32.818428
v 50.715748 -7.214444 33.019855
v 51.233135 -7.064432 31.467133
v 48.983212 -7.098565 31.051058
v 47.096996 -6.248146 29.919371
v 47.383343 -4.396482 28.636314
v 49.613464 -1.632584 27.663671
v 56.275028 32.672615 62.213524
v 55.867474 33.174736 62.460442
v 56.010212 32.143341 61.656166
v 59.709305 35.065331 60.821217
v 59.517281 34.845726 60.489323
v 61.328899 39.980362 59.402988
v 61.446301 44.244041 61.910191
v 60.203732 46.720444 66.035492
v 56.078064 44.575172 69.331261
v 56.793350 43.674744 68.775551
v 55.629074 45.806976 68.526550
v 53.586369 43.403160 69.594666
v 55.437260 39.783356 68.496674
v 55.870094 35.731926 65.032906
v 59.200397 36.695305 61.747902
v 58.754669 37.115295 61.935543
v 58.995132 33.109695 60.486275
v 59.570415 32.502342 59.046528
v 56.365246 31.056322 61.216347
v 59.606712 35.928696 61.502197
v 61.857071 38.310844 58.450607
v 57.145660 34.721466 63.666065
v 57.246693 33.363579 62.888489
v 57.167290 33.491417 62.609413
v 56.341343 33.447083 63.046665
v 55.467556 34.156258 64.751221
v 56.197666 34.548843 64.222328
v 56.198166 34.304985 64.392891
v 57.222168 34.506752 63.866882
v 56.335365 33.290520 63.318604
v 55.762741 33.150436 63.555492
v 55.619808 33.107681 63.505898
v 55.616627 34.111603 64.692383
v 59.949505 34.090569 60.373989
v 61.738052 36.514038 57.177502
v 56.288177 33.115746 62.433792
v 57.289455 32.375473 61.466087
v 56.388142 32.203468 61.818768
v 55.713623 31.567122 62.219131
v 55.840179 31.731005 62.328148
v 56.456841 32.132263 61.967190
v 57.399742 32.346771 61.614632
v 57.302231 33.443344 61.874020
v 56.319855 33.124664 62.605553
v 55.594002 32.757309 62.963062
v 55.750214 32.711899 62.902294
v 57.396229 33.363297 61.984936
v 57.398972 31.025137 60.561981
v 56.674847 30.728067 61.408615
v 57.455135 30.802778 60.815968
v 55.658848 29.104876 60.743744
v 55.954403 29.510286 60.400719
v 55.591793 30.781435 61.835125
v 55.878670 30.772898 61.697430
v 56.567223 28.952478 60.621002
v 57.245499 28.976484 60.152233
v 57.176228 29.072206 59.852215
v 56.501617 29.062838 60.324245
v 55.626770 29.075560 60.764317
v 60.655453 30.463900 54.880112
v 59.150772 29.333517 57.946537
v 61.192490 29.515261 53.449757
v 61.359177 29.960485 54.151825
v 58.894127 27.929701 57.837799
v 59.710453 31.179243 57.713673
v 61.285873 32.425232 49.471386
v 59.822262 31.592421 58.723816
v 61.405479 33.850258 55.452316
v 45.020916 26.910307 57.546173
v 49.481628 26.526182 58.657951
v 45.215355 27.125120 56.853920
v 49.240406 26.193140 59.423038
v 54.153805 26.094030 59.036739
v 53.959381 25.879248 59.728931
v 54.550293 25.294622 59.717541
v 54.744789 25.509489 59.025093
v 53.365192 24.981806 62.303085
v 51.554352 23.924009 65.355057
v 50.032814 21.715097 67.315941
v 49.471390 21.227629 67.556824
v 48.249683 20.581636 67.009926
v 46.991627 20.034254 66.104698
v 45.393742 20.208918 65.740273
v 44.165051 20.505831 65.211731
v 43.775204 20.943964 64.471146
v 43.744862 22.884443 61.922596
v 44.270630 24.006338 58.186409
v 44.680882 26.534231 56.518360
v 53.103195 25.466333 62.797268
v 51.291237 24.483725 65.782784
v 49.770271 22.273592 67.742729
v 49.209335 21.785093 67.982834
v 52.870888 25.344751 62.619492
v 51.012386 24.744551 65.813545
v 49.538109 22.593069 67.713684
v 49.084507 22.175959 67.926102
v 47.877132 21.660891 66.932701
v 47.990696 21.132586 67.430946
v 46.733070 20.584265 66.525017
v 45.134747 20.759874 66.161301
v 43.907150 21.054453 65.630981
v 43.942184 21.437647 65.711853
v 43.608711 21.821596 65.079941
v 45.480682 21.347002 65.866302
v 43.516693 21.493898 64.891396
v 45.003544 26.569792 57.789688
v 44.613380 26.246706 57.460777
v 49.117577 25.934729 59.722721
v 44.040535 24.867491 59.310677
v 48.433640 25.856180 61.203312
v 43.586887 23.775999 62.513229
v 47.551212 23.555067 63.864624
v 54.229179 25.251860 59.988884
v 43.481754 23.444159 62.350327
v 43.960606 24.549688 58.974968
v 44.486748 26.360872 57.166973
v 53.828339 25.478441 59.928947
v 45.989677 36.441414 69.659042
v 45.866562 35.732819 69.990257
v 45.544987 36.180214 69.859360
v 46.505322 35.892113 69.767197
v 46.231125 35.724083 70.250885
v 45.471214 36.724228 69.600861
v 45.208504 36.490898 69.856499
v 45.877998 35.593658 70.619995
v 46.023285 35.893616 70.682053
v 46.952515 35.855751 70.447876
v 46.940201 36.091393 70.176483
v 46.397743 36.634346 69.981567
v 45.723156 37.037064 69.563889
v 44.671135 37.770699 69.395950
v 52.922028 25.854223 58.386414
v 49.869278 25.585691 57.815460
v 46.940495 26.327986 56.719147
v 42.692730 38.499786 67.194260
v 42.068520 39.169418 67.644318
v 48.212070 26.458815 58.302341
v 50.306870 26.221231 58.948689
v 39.673912 38.716438 68.857971
v 38.423473 36.869514 69.457077
v 54.674793 46.667267 68.260666
v 52.528664 43.748405 69.143990
v 52.769321 44.021919 69.426765
v 54.652096 46.554688 67.843987
v 53.472878 43.830040 69.660789
v 55.490765 46.073044 68.752037
v 53.284214 43.452873 70.020256
v 53.238583 43.188454 70.059776
v 53.506718 43.521553 69.823502
v 52.501640 43.804497 69.359268
v 52.421265 43.734207 69.671555
v 52.156380 43.542938 69.710800
v 46.874603 36.044373 70.564369
v 46.266781 36.606483 70.526611
v 46.000854 36.329193 70.775970
v 46.317314 35.815262 70.912086
v 46.975784 35.710663 70.676659
v 46.551628 35.775688 70.740799
v 59.934582 27.908781 52.206116
v 59.452339 29.934183 47.192539
v 57.321045 26.624716 55.733231
v 43.587555 29.893377 48.230400
v 47.373020 31.278662 44.332802
v 44.672676 28.491629 52.961334
v 50.334980 25.808172 60.488991
v 52.473503 25.954046 60.995178
v 52.652943 25.656286 60.200531
v 50.401661 25.750277 59.646118
v 53.148773 -5.791298 28.830303
v 52.114178 -3.719861 27.857054
v 53.440113 -6.526245 27.203274
v 52.094650 -3.387171 26.734720
v 52.143211 -3.377531 24.503674
v 53.855263 -6.394921 24.238743
v 52.431889 -3.917772 23.271944
v 54.118511 -8.300810 23.471809
v 54.435104 -12.522902 24.019539
v 54.096409 -12.637905 25.355011
v 53.732128 -15.415091 26.728174
v 53.155289 -12.616005 26.482800
v 53.599220 -8.613648 27.618362
v 52.728264 -7.586782 29.853464
v 53.863407 -16.196877 25.240219
v 51.463123 -8.651302 30.360552
v 49.287632 -10.318465 28.089653
v 51.519573 -10.279827 28.531595
v 49.250401 -8.561704 29.925629
v 51.901337 -13.033146 27.095924
v 48.275669 -15.467047 25.287161
v 49.782589 -16.249933 27.100607
v 48.810066 -14.602197 26.252665
v 49.498020 -16.929029 26.311689
v 52.112041 -16.848537 27.157848
v 52.114933 -17.339100 25.841267
v 52.907528 -14.431931 27.393995
v 51.799149 -14.517445 27.448154
v 49.936253 -13.064300 26.419867
v 48.765133 -12.652699 25.204872
v 48.364307 -8.562774 26.523159
v 47.929806 -7.823776 28.565220
v 51.778728 -16.120077 27.785418
v 49.918171 -14.555059 26.847422
v 50.128273 -17.289814 25.423262
v 48.599743 -16.213335 24.093588
v 54.747112 -11.034656 23.003181
v 54.193283 -16.624477 24.475391
v 60.995579 30.182203 49.615524
v 61.228607 30.686827 49.728691
v 59.598564 32.438828 47.497372
v 55.949173 33.767120 44.798122
v 52.706905 33.704697 43.615112
v 52.735424 33.085648 43.739151
v 64.592804 26.799971 42.974594
v 62.248936 24.833521 46.316360
v 62.556656 24.602133 44.458691
v 64.512672 28.428061 44.540882
v 63.354664 28.603964 47.474995
v 53.962345 31.863092 40.065254
v 53.347160 28.562044 40.081902
v 57.138687 29.813818 36.805092
v 56.568596 31.620985 37.920540
v 63.487938 30.190474 41.780666
v 58.955502 33.480698 40.591614
v 62.828140 32.051445 43.500015
v 64.914810 28.654875 44.572998
v 64.182007 30.361605 45.953957
v 63.665462 28.968882 47.563641
v 56.595257 32.013809 37.607113
v 59.181911 31.350908 38.836166
v 54.035934 32.566162 39.842258
v 56.231262 33.568954 39.355453
v 59.400116 31.709017 38.659958
v 63.268677 29.832857 41.956127
v 44.827427 17.793005 41.089901
v 44.498478 13.806211 39.167656
v 44.235168 13.704794 39.553589
v 45.084019 17.944212 40.704720
v 45.955727 17.644369 52.821617
v 45.695580 17.575827 53.236115
v 45.907101 17.056444 52.660652
v 44.813972 19.322325 53.084084
v 44.536865 19.073824 52.810452
v 42.321350 21.306543 51.044823
v 41.760834 20.863127 50.676903
v 42.706940 23.443533 47.545914
v 42.161594 22.922613 47.311825
v 43.029442 23.658064 46.183128
v 42.636848 19.181654 45.886620
v 42.464226 13.326365 43.516937
v 44.049904 10.223736 39.032425
v 43.299259 23.991255 46.154556
v 43.700638 24.176962 43.271408
v 43.703316 9.084694 44.446022
v 43.040115 11.947155 47.067913
v 42.813267 17.469145 49.782047
v 45.803997 11.226841 49.821365
v 45.387001 17.570356 52.925060
v 46.118027 11.140240 50.092392
v 46.128929 7.440369 48.008465
v 46.226276 7.238064 47.428261
v 45.795235 6.971914 47.354897
v 44.173725 7.292830 43.247353
v 43.901020 6.981730 43.244362
v 43.613346 7.223957 43.400452
v 45.537720 7.197233 47.336437
v 45.871597 7.642778 47.981770
v 46.324039 11.292402 49.810947
v 46.217102 10.046799 49.487965
v 47.081425 9.995785 49.490646
v 47.162682 11.204285 49.822155
v 47.132874 7.769073 47.714108
v 46.972633 6.925121 47.435699
v 46.331017 8.044168 47.743183
v 46.113007 13.621084 51.166157
v 46.062248 14.681055 51.621368
v 47.013771 13.592646 51.220436
v 46.945911 14.609259 51.658684
v 46.767357 17.087126 52.744801
v 44.736137 2.204102 39.295326
v 46.338779 3.774639 45.021603
v 45.758801 3.283983 35.617310
v 46.846119 14.609041 51.847748
v 46.425274 14.797636 51.983452
v 46.677277 16.950773 52.874699
v 46.292904 16.723291 52.827122
v 47.064537 11.208508 50.013798
v 46.641670 11.348352 50.299660
v 46.925449 13.460363 51.352287
v 46.530842 13.280020 51.264496
v 47.054688 7.998539 47.898315
v 46.652439 8.101994 48.283653
v 46.994366 9.884743 49.640457
v 46.600670 9.712696 49.590981
v 44.276756 22.654982 41.937878
v 43.445923 23.852980 43.535404
v 44.018017 22.467066 42.304295
v 55.119167 32.261314 75.791176
v 55.365906 32.219215 75.836288
v 55.930225 32.299713 74.998558
v 55.891541 32.307953 74.838760
v 57.786518 -15.245520 66.821114
v 49.645840 46.408150 72.900566
v 50.362133 46.638351 72.178116
v 49.805794 47.052689 72.560799
v 50.117008 46.057251 72.576462
v 50.562904 46.098267 71.634399
v 50.287041 45.599838 72.115990
v 48.999786 46.558533 73.001442
v 48.351963 46.468094 72.852066
v 47.875942 46.161072 72.492462
v 47.699284 45.719719 72.018990
v 47.869316 45.262314 71.558517
v 48.340485 44.911407 71.234413
v 48.672653 44.675674 70.797836
v 50.110378 45.158493 71.642517
v 49.482990 45.112686 70.370026
v 50.354309 45.577133 71.075333
v 49.634361 44.851471 71.282913
v 48.717880 45.028206 70.130699
v 47.985672 45.228615 70.241791
v 47.708134 45.699722 70.976143
v 47.507362 46.239815 71.519867
v 47.715958 46.760933 72.078918
v 48.278027 47.123459 72.503532
v 49.042957 47.230255 72.679916
v 45.522842 26.721701 58.156654
v 48.104927 26.097105 58.940331
v 47.913651 26.205645 59.992474
v 45.481098 26.693480 59.231812
v 49.508167 -3.653496 27.215452
v 49.939816 -3.428300 26.080528
v 49.963730 -3.530713 23.675329
v 49.982170 -4.021268 22.600746
v 48.750015 -6.365275 22.761908
v 48.440048 -6.483672 26.224792
v 48.281933 -6.046721 27.507139
v 47.881721 -12.456322 23.500366
v 48.157028 -12.492016 22.611916
v 48.746384 -8.311856 22.233942
v 48.862823 -16.643457 23.308477
v 48.312393 -10.990853 21.460802
v 49.035133 46.169037 71.577133
v 50.313255 -4.185873 21.439650
v 52.777477 -4.089276 22.040634
v 49.140476 -6.465816 21.282066
v 48.961594 -8.404270 21.480692
v 52.201180 -17.653578 25.829041
v 50.109882 -17.606709 25.380819
v 50.347080 -17.919044 24.628347
v 52.431744 -17.942320 25.105869
v 55.949547 26.980642 39.388714
v 59.109653 28.034849 38.171688
v 60.193787 25.080862 42.566254
v 62.532326 26.803373 40.671112
v 63.592587 28.661421 40.611443
v 59.843971 30.045523 37.821342
v 51.283344 -14.210739 67.472580
v 54.333725 -8.392923 22.718531
v 54.337151 -6.527517 22.512030
v 60.541569 27.783579 56.511848
v 59.292187 27.722151 57.637794
v 60.398182 27.754778 56.422237
v 60.364048 29.542833 56.461983
v 58.573467 27.465391 58.573254
v 58.767109 29.048090 58.971672
v 59.457695 29.292192 57.953724
v 60.505028 29.443110 56.549591
v 59.452915 27.699091 57.738361
v 58.853195 27.557852 58.491344
v 59.111004 29.084459 58.846371
vn 0.6927 -0.5261 -0.4933
vn 0.7411 -0.6592 0.1273
vn 0.8093 -0.5874 -0.0032
vn -0.4553 -0.6980 -0.5528
vn 0.5428 -0.8137 0.2080
vn 0.8217 -0.1370 -0.5532
vn 0.3028 0.2363 -0.9233
vn 0.4777 0.1608 -0.8637
vn -0.7038 0.6980 -0.1324
vn -0.8862 0.4608 -0.0477
vn -0.0997 -0.0688 0.9926
vn 0.2634 -0.4204 0.8683
vn 0.6387 -0.2289 -0.7346
vn 0.5924 -0.2086 -0.7782
vn 0.3472 -0.3832 -0.8559
vn 0.4609 -0.4107 -0.7867
vn 0.3038 0.0740 -0.9498
vn -0.7470 0.2383 -0.6206
vn 0.0646 -0.4036 0.9127
vn -0.0895 -0.6818 0.7260
vn -0.0292 -0.1835 0.9826
vn 0.0370 0.0869 0.9955
vn -0.7549 0.3157 0.5749
vn -0.8614 -0.1488 0.4856
vn -0.9992 0.0296 -0.0257
vn -0.6632 -0.3670 -0.6523
vn -0.6261 0.2022 -0.7531
vn 0.6356 -0.1847 -0.7496
vn 0.6329 0.1416 -0.7612
vn 0.4011 0.0825 -0.9123
vn 0.8427 -0.3694 -0.3917
vn 0.9859 -0.0756 -0.1492
vn 0.1916 0.4283 -0.8831
vn -0.8292 0.5588 -0.0162
vn -0.8363 0.3463 -0.4250
vn -0.0889 -0.0171 0.9959
vn -0.1169 0.0038 0.9931
vn 0.0829 0.0737 0.9938
vn 0.7214 -0.1717 -0.6709
vn 0.7270 0.5136 -0.4558
vn 0.3051 0.7906 -0.5309
vn 0.1592 0.5949 -0.7878
vn 0.0742 -0.5269 -0.8467
vn 0.8577 -0.3504 0.3762
vn 0.7920 0.6090 0.0426
vn 0.3218 0.7952 -0.5139
vn -0.6957 0.6877 0.2076
vn -0.2322 0.0298 0.9722
vn 0.0399 0.1953 0.9799
vn -0.7564 0.1262 0.6419
vn -0.3626 -0.9281 0.0844
vn -0.8033 0.5465 -0.2366
vn -0.8545 -0.1483 -0.4978
vn -0.4944 0.6490 0.5782
vn 0.0415 0.6362 0.7704
vn 0.2402 0.9568 0.1638
vn 0.7841 0.5909 0.1898
vn 0.0933 -0.9870 -0.1309
vn 0.9483 -0.3118 -0.0588
vn 0.8160 0.5608 0.1404
vn -0.0208 0.8112 0.5844
vn 0.1040 0.8524 0.5124
vn 0.6538 0.7387 -0.1639
vn 0.1678 0.6251 0.7623
vn -0.6985 0.3243 -0.6379
vn -0.0855 0.9957 0.0348
vn 0.6808 -0.1385 -0.7193
vn -0.6378 0.6348 -0.4361
vn -0.1236 -0.9616 -0.2450
vn -0.0680 -0.9057 -0.4184
vn -0.6778 0.7333 -0.0537
vn -0.8318 0.1829 -0.5240
vn -0.2258 -0.8043 -0.5496
vn 0.1594 -0.7371 -0.6568
vn -0.2259 0.2134 -0.9505
vn 0.8378 -0.5015 -0.2157
vn 0.5518 0.3837 -0.7405
vn 0.9717 0.2139 0.0998
vn 0.0084 0.9326 -0.3608
vn 0.5475 0.7386 0.3934
vn 0.2089 0.8008 0.5613
vn -0.2370 0.8665 0.4393
vn 0.1935 0.7658 0.6133
vn 0.5944 0.7960 -0.1142
vn 0.1876 0.9713 -0.1459
vn -0.4942 0.8692 -0.0155
vn -0.5562 0.7720 -0.3076
vn -0.9448 0.3097 -0.1066
vn 0.2920 0.8340 -0.4682
vn 0.2644 0.9605 -0.0868
vn 0.6710 0.6872 -0.2786
vn 0.8121 0.3993 -0.4256
vn 0.6550 0.6355 -0.4088
vn 0.6644 0.6404 0.3853
vn 0.4224 0.4725 0.7735
vn 0.1012 0.5294 0.8423
vn 0.3144 0.3290 0.8904
vn -0.4295 -0.0587 0.9012
vn -0.0552 -0.2025 0.9777
vn -0.6445 -0.6108 0.4599
vn -0.4013 -0.7882 0.4666
vn -0.8105 -0.5767 0.1029
vn -0.7467 -0.5516 -0.3716
vn -0.9917 0.1242 -0.0333
vn -0.7464 0.1428 0.6500
vn -0.3521 0.7884 0.5045
vn -0.7955 0.1333 0.5912
vn 0.0280 0.9689 0.2459
vn -0.0906 0.7522 0.6527
vn 0.5348 0.8063 0.2528
vn 0.0125 0.8744 -0.4851
vn -0.1591 0.9872 -0.0127
vn -0.5930 0.8030 -0.0593
vn -0.1488 0.3894 0.9090
vn 0.8804 0.4197 0.2207
vn 0.1656 0.5511 -0.8179
vn -0.8604 0.4999 -0.0987
vn 0.2375 0.9061 -0.3502
vn 0.1524 0.9866 0.0583
vn 0.3014 0.9534 0.0092
vn 0.1378 0.9735 0.1824
vn -0.0027 0.9960 0.0898
vn 0.0703 0.9706 0.2302
vn -0.0035 0.9953 0.0972
vn -0.0765 0.9507 0.3006
vn 0.0955 0.9454 0.3116
vn 0.0957 0.9454 0.3116
vn -0.9142 0.2006 0.3521
vn -0.2415 0.8121 -0.5311
vn -0.5143 0.6558 -0.5526
vn -0.1143 0.9922 -0.0500
vn -0.0294 0.9805 0.1941
vn -0.8802 -0.0880 0.4664
vn 0.1415 0.5402 -0.8296
vn 0.8134 -0.0682 -0.5777
vn 0.8876 0.1711 -0.4276
vn 0.5480 0.8152 0.1871
vn 0.0580 0.9666 0.2496
vn -0.1534 0.7945 0.5875
vn -0.4081 0.8754 0.2593
vn -0.8548 0.0337 0.5179
vn -0.9310 0.2026 0.3037
vn -0.9048 -0.2938 0.3083
vn -0.0081 0.3054 -0.9522
vn 0.1120 0.5882 0.8009
vn 0.6363 0.5749 0.5144
vn -0.4958 -0.1972 0.8458
vn -0.6833 -0.0400 -0.7291
vn -0.8875 0.0167 -0.4606
vn 0.4870 -0.1532 -0.8598
vn -0.9258 0.0434 0.3754
vn -0.8247 -0.5182 -0.2267
vn -0.8258 -0.4221 0.3740
vn -0.7767 -0.4103 0.4779
vn -0.8101 -0.3901 0.4377
vn -0.8672 -0.3456 0.3586
vn -0.5879 -0.4878 0.6454
vn -0.2809 -0.5397 0.7936
vn -0.3848 0.2423 0.8906
vn -0.3119 0.3330 0.8899
vn -0.3516 0.2086 0.9126
vn -0.1145 -0.0828 0.9900
vn -0.3852 0.0806 0.9193
vn -0.2507 0.1006 0.9628
vn -0.1710 -0.6565 0.7347
vn -0.1816 -0.2624 0.9477
vn -0.2271 -0.6459 -0.7289
vn -0.1278 -0.3513 -0.9275
vn -0.6150 -0.7797 -0.1173
vn -0.1881 -0.4202 -0.8877
vn -0.3745 -0.2331 0.8974
vn -0.5717 0.6416 -0.5113
vn -0.0983 0.9932 -0.0625
vn -0.3567 0.8212 -0.4454
vn -0.4446 0.8243 -0.3506
vn -0.0752 0.4415 0.8941
vn -0.2745 0.5188 0.8096
vn -0.3357 0.6629 0.6692
vn 0.4770 0.4177 0.7733
vn -0.0753 -0.0317 0.9967
vn 0.6115 0.1252 0.7812
vn -0.2353 -0.1222 0.9642
vn 0.3089 -0.3364 0.8896
vn -0.0010 -0.1663 0.9861
vn 0.6662 -0.6724 0.3227
vn 0.6316 -0.7126 0.3055
vn -0.3154 -0.9471 0.0585
vn -0.0438 0.2871 0.9569
vn 0.7833 -0.5238 0.3347
vn 0.9797 -0.0578 0.1918
vn 0.8724 0.4678 0.1418
vn 0.9931 0.1050 0.0524
vn 0.9700 0.2431 0.0064
vn -0.7668 0.5995 0.2294
vn -0.7302 0.4581 -0.5069
vn -0.4053 0.4403 0.8012
vn -0.6873 0.0548 0.7243
vn -0.3162 -0.2747 0.9080
vn -0.2427 0.0289 0.9697
vn -0.1600 0.1939 0.9679
vn -0.1953 0.3053 0.9320
vn -0.6094 0.4260 -0.6687
vn -0.6449 0.3949 -0.6544
vn -0.8031 0.4264 -0.4162
vn -0.0498 0.8094 -0.5852
vn 0.1950 0.5220 -0.8303
vn -0.6507 0.6845 -0.3286
vn 0.6046 0.7791 0.1657
vn 0.8445 0.4885 0.2195
vn -0.0332 0.8389 0.5433
vn -0.1018 0.6279 0.7716
vn -0.4134 0.9103 -0.0221
vn 0.4969 -0.8651 -0.0685
vn -0.4183 -0.6194 -0.6643
vn -0.1452 -0.9069 0.3956
vn 0.3006 -0.3459 -0.8888
vn -0.3542 -0.6969 -0.6236
vn -0.2721 -0.3587 0.8929
vn -0.3296 -0.9430 0.0470
vn -0.1175 0.5847 0.8027
vn -0.8877 -0.1629 -0.4307
vn -0.5606 0.1891 -0.8062
vn 0.2249 0.1926 0.9552
vn 0.6487 0.1192 0.7516
vn 0.0754 -0.2358 0.9689
vn -0.8568 0.3950 0.3314
vn -0.9439 0.1544 0.2920
vn 0.0531 -0.7687 -0.6374
vn -0.1638 -0.8593 -0.4844
vn -0.2764 -0.7763 -0.5665
vn 0.8300 -0.0713 -0.5531
vn -0.7556 -0.0997 0.6474
vn -0.5894 -0.8068 0.0419
vn -0.8505 -0.0574 0.5228
vn -0.6530 -0.7295 0.2036
vn -0.9230 -0.1474 0.3554
vn -0.7765 0.3927 0.4927
vn -0.7220 0.3670 0.5866
vn -0.4853 -0.5336 0.6927
vn -0.7344 -0.0180 0.6784
vn -0.7828 -0.1983 0.5898
vn -0.7382 0.0987 0.6673
vn -0.8328 -0.1687 0.5273
vn -0.7495 0.2469 0.6142
vn -0.8166 -0.1631 0.5537
vn -0.4705 0.6411 0.6063
vn -0.8460 -0.5327 0.0221
vn -0.8392 -0.5376 0.0816
vn -0.5579 -0.7947 0.2392
vn -0.8191 -0.5551 0.1444
vn -0.0914 -0.9535 0.2872
vn -0.4019 0.4805 0.7795
vn -0.3988 0.6609 0.6358
vn 0.2838 0.9531 0.1051
vn -0.1118 0.9704 0.2140
vn 0.0260 0.9019 0.4312
vn 0.0127 0.9673 -0.2532
vn 0.4316 0.8950 -0.1124
vn 0.4716 0.5076 0.7211
vn -0.0006 0.6717 0.7408
vn 0.0667 0.6741 0.7356
vn 0.3465 0.7653 0.5425
vn 0.4849 0.8596 -0.1613
vn 0.3290 0.7660 0.5523
vn 0.4292 0.6757 0.5994
vn 0.0940 0.2857 0.9537
vn -0.0152 0.2342 0.9721
vn 0.0269 -0.3514 0.9358
vn -0.4202 -0.3265 0.8466
vn -0.6129 -0.7487 0.2526
vn -0.4317 -0.3337 0.8380
vn -0.7430 -0.6364 0.2073
vn -0.3172 0.9393 0.1307
vn 0.6145 0.7413 -0.2700
vn -0.0506 0.8916 0.4501
vn 0.3911 0.2265 0.8920
vn 0.1975 0.4186 0.8864
vn -0.4545 0.5337 0.7132
vn -0.8153 -0.1636 0.5555
vn -0.6040 -0.3971 0.6910
vn -0.3926 0.3360 0.8561
vn 0.7379 0.1648 0.6545
vn 0.4712 0.0957 0.8768
vn -0.1310 0.1182 0.9843
vn -0.3411 -0.4754 0.8109
vn -0.4516 -0.8711 0.1929
vn 0.3752 -0.5446 0.7501
vn 0.7439 -0.4637 0.4812
vn -0.4865 -0.4661 0.7389
vn -0.4154 -0.3347 0.8459
vn 0.0656 -0.8005 0.5957
vn -0.1585 -0.9010 0.4039
vn 0.1986 -0.9266 0.3193
vn 0.4672 -0.8801 0.0843
vn -0.5582 0.2199 -0.8001
vn -0.0082 0.7043 -0.7098
vn -0.0622 -0.0881 -0.9942
vn 0.6773 -0.2983 -0.6725
vn 0.6651 0.4719 -0.5788
vn 0.9197 -0.3854 -0.0748
vn 0.9966 0.0778 -0.0276
vn 0.6712 0.3359 0.6608
vn 0.6211 -0.3327 0.7096
vn -0.1374 -0.4055 -0.9037
vn 0.3728 -0.6004 -0.7075
vn 0.7622 -0.6410 -0.0904
vn 0.6958 -0.5406 0.4728
vn 0.0761 -0.4036 0.9118
vn -0.0416 0.0114 -0.9991
vn 0.6128 -0.4061 -0.6779
vn -0.0620 -0.2219 -0.9731
vn 0.6223 -0.2187 -0.7516
vn 0.9397 -0.3125 -0.1386
vn 0.8274 -0.5171 -0.2191
vn 0.7767 -0.4411 0.4497
vn 0.7047 -0.5611 0.4342
vn 0.0119 -0.5054 0.8628
vn 0.0586 -0.6297 0.7746
vn 0.9419 -0.3184 0.1066
vn 0.7450 -0.5811 -0.3275
vn 0.3959 -0.5381 -0.7441
vn -0.0903 -0.4274 -0.8995
vn 0.0188 -0.0226 -0.9996
vn -0.1531 0.0846 -0.9846
vn 0.6602 -0.1434 -0.7373
vn 0.6323 -0.1160 -0.7660
vn 0.8807 -0.2228 -0.4181
vn 0.7997 -0.2649 -0.5387
vn 0.9376 -0.3448 0.0453
vn 0.8643 -0.4596 0.2043
vn 0.7628 -0.6405 -0.0891
vn 0.8520 0.2716 -0.4476
vn 0.2181 -0.3198 -0.9220
vn -0.2511 0.5454 -0.7996
vn -0.6304 0.7099 -0.3141
vn -0.1870 0.8706 -0.4551
vn -0.1292 0.5277 -0.8395
vn 0.1391 -0.5231 0.8408
vn 0.3515 -0.8618 0.3657
vn -0.7871 -0.5340 -0.3087
vn -0.7950 -0.2982 -0.5283
vn -0.2550 0.7150 -0.6510
vn 0.2958 0.1053 -0.9494
vn 0.5162 0.5075 -0.6899
vn 0.7219 -0.5846 -0.3704
vn 0.6559 -0.6374 -0.4044
vn 0.8978 0.2320 -0.3743
vn 0.7308 0.6466 -0.2185
vn 0.3004 0.9477 -0.1076
vn 0.6734 -0.2149 -0.7073
vn 0.2523 -0.8319 -0.4943
vn 0.0768 -0.9874 -0.1381
vn 0.0824 -0.9811 -0.1749
vn 0.2189 -0.9531 0.2091
vn 0.7739 -0.6243 -0.1065
vn 0.9446 0.2332 -0.2310
vn 0.9461 0.3210 -0.0432
vn 0.8105 -0.4353 0.3919
vn 0.3117 -0.7425 0.5930
vn 0.0493 -0.7219 0.6902
vn 0.1655 -0.9495 0.2664
vn -0.1665 -0.9844 -0.0574
vn -0.1646 -0.9855 0.0409
vn -0.2206 -0.9695 -0.1063
vn -0.5074 -0.2381 -0.8282
vn -0.5736 -0.6646 -0.4788
vn 0.0540 -0.2024 -0.9778
vn -0.1314 -0.1963 -0.9717
vn 0.1524 -0.2464 -0.9571
vn 0.6202 -0.5236 -0.5841
vn 0.6334 -0.4813 -0.6059
vn 0.4150 -0.7821 0.4649
vn 0.6058 -0.6907 0.3949
vn 0.7492 -0.4648 0.4718
vn 0.6623 -0.4974 -0.5603
vn -0.0500 -0.2196 -0.9743
vn -0.0568 -0.1636 -0.9849
vn 0.0199 -0.0625 -0.9978
vn -0.0608 0.1687 -0.9838
vn -0.1752 0.0531 -0.9831
vn -0.7975 -0.3141 -0.5152
vn 0.9956 -0.0431 0.0827
vn 0.9497 0.1109 0.2928
vn 0.3408 -0.3492 0.8729
vn 0.1476 -0.4106 0.8998
vn -0.9545 0.1032 0.2797
vn 0.9794 0.1957 -0.0488
vn 0.9795 0.1955 -0.0483
vn -0.2195 0.2335 0.9473
vn 0.1111 0.1968 0.9741
vn -0.3625 0.5046 0.7835
vn -0.4406 -0.2776 0.8537
vn -0.2134 -0.5091 0.8338
vn -0.6863 -0.2187 0.6937
vn -0.5717 -0.1874 -0.7987
vn -0.8593 0.4946 -0.1302
vn -0.7184 0.2456 -0.6509
vn -0.9410 0.3095 -0.1371
vn -0.5145 0.3519 -0.7820
vn -0.9944 0.0946 -0.0462
vn -0.9341 -0.1154 0.3379
vn -0.9091 0.3976 -0.1245
vn -0.7843 0.4360 -0.4414
vn -0.9070 0.3796 -0.1823
vn -0.9829 -0.1373 -0.1230
vn -0.6582 0.3503 -0.6664
vn -0.2891 0.3553 -0.8889
vn -0.7325 0.2362 -0.6384
vn -0.8502 0.1380 -0.5081
vn -0.5629 0.4123 -0.7163
vn 0.1928 -0.2598 -0.9462
vn -0.0838 -0.2761 -0.9575
vn 0.1135 0.3658 -0.9238
vn -0.4978 0.2927 -0.8164
vn 0.3475 0.5097 -0.7871
vn -0.1711 0.4748 -0.8633
vn -0.6816 0.4393 -0.5851
vn -0.7046 0.4815 -0.5212
vn -0.7240 0.6336 -0.2728
vn 0.0629 -0.7258 -0.6850
vn 0.4316 -0.3097 -0.8473
vn 0.5749 -0.7882 -0.2196
vn 0.3674 0.4135 -0.8331
vn 0.6218 0.4547 -0.6376
vn 0.3420 0.7348 -0.5858
vn -0.1569 0.7111 -0.6854
vn -0.2784 0.9490 0.1476
vn -0.2516 0.8307 0.4966
vn -0.4024 0.5268 0.7487
vn -0.8672 0.1382 0.4784
vn 0.3379 0.9411 -0.0094
vn 0.5860 0.6716 -0.4533
vn 0.8419 0.3042 -0.4457
vn 0.6014 0.4238 -0.6773
vn 0.9944 -0.0520 -0.0925
vn 0.9781 -0.2053 0.0345
vn 0.9993 -0.0365 -0.0061
vn 0.7909 0.5290 -0.3075
vn 0.9750 0.1703 0.1424
vn 0.8434 -0.1245 0.5226
vn 0.8975 -0.4208 0.1316
vn 0.8779 -0.4298 0.2110
vn 0.9637 -0.1914 0.1863
vn 0.9601 -0.2341 0.1531
vn 0.9682 -0.2011 0.1489
vn -0.7667 -0.6419 -0.0121
vn 0.7865 -0.5891 0.1856
vn 0.5516 0.8200 0.1529
vn -0.2551 0.6112 0.7492
vn 0.2239 0.6614 0.7159
vn 0.8634 -0.1859 0.4690
vn 0.6257 0.2660 0.7333
vn 0.1093 0.9894 -0.0951
vn -0.2462 0.5242 0.8152
vn -0.3827 0.6120 0.6921
vn -0.4117 0.8236 0.3901
vn 0.1277 0.4619 0.8777
vn -0.3556 0.0936 0.9299
vn 0.1630 0.3913 0.9057
vn -0.0013 0.4372 0.8994
vn -0.0203 0.9969 -0.0761
vn -0.9958 0.0918 -0.0065
vn -0.1859 0.4218 0.8874
vn -0.3390 0.3963 0.8533
vn -0.7230 0.6011 0.3404
vn 0.1130 0.4099 0.9051
vn -0.5377 0.8064 0.2462
vn 0.1040 0.5773 0.8099
vn 0.2411 0.6175 0.7488
vn 0.0399 0.7147 0.6983
vn -0.7509 -0.0310 0.6597
vn -0.5258 0.2280 0.8195
vn -0.2284 0.4513 0.8626
vn 0.5025 0.2896 0.8146
vn 0.0039 0.8282 0.5604
vn 0.2092 0.5573 0.8035
vn 0.6545 0.6825 0.3253
vn 0.7856 0.3111 0.5348
vn 0.8307 -0.0997 0.5478
vn 0.4472 -0.3591 0.8191
vn 0.3019 0.6776 0.6706
vn -0.2304 -0.0737 0.9703
vn -0.2496 0.8984 0.3613
vn -0.1990 0.7796 0.5938
vn -0.1103 0.7302 0.6742
vn -0.3633 0.6733 0.6440
vn -0.7787 0.5359 0.3261
vn -0.3968 0.8927 0.2137
vn 0.8956 -0.0257 0.4441
vn 0.8900 -0.0032 0.4559
vn -0.6034 -0.4150 0.6810
vn -0.0961 -0.5815 0.8079
vn 0.5971 -0.5656 0.5689
vn 0.8695 -0.3609 0.3373
vn 0.9838 -0.0011 0.1795
vn 0.8276 -0.4904 0.2732
vn 0.6324 -0.7272 0.2669
vn 0.5658 -0.8026 0.1890
vn 0.2032 -0.9791 -0.0121
vn 0.3668 -0.9034 0.2221
vn -0.0273 -0.9389 -0.3432
vn -0.1104 -0.9709 0.2125
vn 0.6277 -0.6721 0.3928
vn -0.4608 -0.8563 0.2332
vn -0.8536 -0.5209 0.0027
vn -0.9923 -0.1235 0.0090
vn -0.9941 0.0853 -0.0663
vn -0.6640 0.0245 -0.7473
vn -0.9167 0.0487 -0.3966
vn -0.4837 -0.4816 -0.7308
vn -0.7137 -0.5914 -0.3753
vn -0.9324 -0.1210 0.3406
vn -0.9131 -0.3466 -0.2146
vn -0.9855 -0.1373 0.0992
vn -0.6258 -0.7398 -0.2472
vn -0.2706 -0.9553 -0.1193
vn -0.8804 0.0055 0.4743
vn -0.5979 0.5223 0.6081
vn -0.3175 0.4882 0.8129
vn -0.1895 -0.3956 -0.8987
vn -0.2702 -0.8688 -0.4150
vn -0.2922 -0.9099 -0.2944
vn -0.6095 -0.7813 -0.1344
vn -0.6299 -0.3744 0.6805
vn -0.7679 -0.4700 0.4353
vn -0.5019 -0.0033 0.8649
vn -0.1827 -0.1341 0.9740
vn -0.0191 0.3579 0.9335
vn 0.2935 -0.2092 0.9328
vn 0.3349 0.2982 0.8938
vn 0.5326 0.2655 0.8037
vn 0.7958 0.0612 0.6025
vn -0.7388 -0.6739 0.0024
vn -0.6898 -0.7151 -0.1134
vn -0.2495 -0.3991 0.8823
vn -0.4204 -0.5737 0.7030
vn -0.4083 -0.5539 0.7256
vn 0.1104 -0.9196 0.3771
vn -0.1345 -0.6423 0.7545
vn 0.8414 0.0345 0.5394
vn 0.8856 -0.2529 0.3896
vn 0.4583 0.7014 -0.5460
vn 0.7726 0.6346 -0.0201
vn 0.0459 0.8233 -0.5658
vn 0.8969 0.1662 0.4098
vn 0.9508 -0.2242 0.2136
vn 0.2616 0.6747 -0.6902
vn 0.6903 -0.7064 -0.1567
vn 0.5883 -0.8085 0.0152
vn 0.1407 -0.9574 -0.2522
vn 0.2719 -0.9038 0.3305
vn 0.1108 -0.4446 0.8888
vn -0.4139 -0.4747 0.7768
vn 0.6300 -0.2853 0.7223
vn 0.0860 -0.5734 0.8147
vn 0.1450 -0.5845 0.7983
vn 0.6180 -0.1702 0.7676
vn 0.9182 -0.0113 0.3960
vn 0.3829 -0.8554 -0.3489
vn 0.0166 -0.9643 -0.2642
vn 0.1116 -0.9434 -0.3124
vn 0.0308 -0.9675 -0.2509
vn -0.3151 -0.1342 0.9395
vn -0.6730 -0.0844 0.7348
vn -0.0700 -0.4364 0.8970
vn 0.0127 0.3857 0.9225
vn -0.2311 0.6090 0.7588
vn 0.3591 0.2970 0.8848
vn -0.6066 0.4250 -0.6719
vn -0.7387 0.2153 -0.6387
vn -0.9962 0.0861 0.0110
vn -0.8903 -0.3948 0.2269
vn -0.5786 -0.7514 0.3172
vn -0.6807 0.0664 -0.7296
vn -0.4105 0.3084 -0.8581
vn -0.5893 0.5129 -0.6242
vn -0.4934 0.5611 -0.6646
vn -0.5527 0.8196 -0.1513
vn -0.1602 0.9510 -0.2644
vn -0.1648 0.5394 0.8258
vn 0.1796 0.6592 0.7302
vn -0.0146 0.0998 0.9949
vn 0.2016 0.1485 0.9681
vn 0.2945 -0.0939 0.9510
vn 0.5728 0.0470 0.8183
vn 0.4453 -0.2962 0.8450
vn 0.3497 -0.4029 0.8458
vn 0.5089 -0.5298 0.6784
vn -0.0959 -0.1549 0.9833
vn 0.5631 -0.6610 0.4960
vn 0.1969 -0.5802 0.7903
vn -0.5916 -0.3509 0.7259
vn -0.0895 -0.7096 0.6989
vn -0.8497 0.5188 0.0939
vn -0.8484 0.5279 0.0384
vn -0.5496 0.1836 0.8150
vn -0.5704 0.2695 0.7759
vn 0.6796 -0.5260 0.5113
vn 0.2437 -0.4536 0.8572
vn -0.2311 0.5208 0.8218
vn -0.3201 0.0189 0.9472
vn 0.4218 -0.1787 0.8889
vn -0.8511 0.2523 0.4604
vn -0.8231 0.4012 0.4018
vn -0.0893 0.8629 0.4975
vn 0.4891 0.3433 0.8018
vn 0.4218 0.7566 0.4997
vn 0.8897 0.0746 0.4503
vn 0.9164 -0.2758 0.2900
vn 0.9546 -0.2173 -0.2037
vn 0.9972 0.0058 -0.0740
vn 0.9769 -0.2071 -0.0518
vn 0.9619 0.0007 -0.2734
vn 0.9280 0.1169 0.3538
vn 0.8803 -0.2474 0.4047
vn 0.7013 0.6772 0.2228
vn 0.8527 0.5173 0.0727
vn 0.9797 0.1572 0.1247
vn 0.9599 0.0176 -0.2796
vn 0.4421 -0.1631 -0.8820
vn 0.4789 0.0013 -0.8779
vn 0.5094 0.2008 -0.8367
vn 0.9368 -0.1383 -0.3213
vn 0.9376 -0.1220 0.3257
vn -0.6968 -0.2452 -0.6741
vn -0.5720 0.0284 -0.8198
vn -0.5556 0.2534 -0.7919
vn -0.5509 0.1114 -0.8271
vn 0.4996 0.0372 -0.8654
vn 0.9095 -0.2383 -0.3407
vn 0.8529 -0.2413 0.4630
vn 0.4548 -0.1521 -0.8775
vn -0.5654 -0.0992 -0.8188
vn 0.4157 -0.2135 0.8841
vn -0.2765 0.1960 0.9408
vn -0.3123 -0.0971 0.9450
vn 0.4860 0.0877 0.8696
vn 0.3908 0.8956 0.2124
vn 0.4603 0.6803 0.5703
vn -0.0670 0.7745 0.6291
vn -0.8369 0.4078 0.3651
vn -0.8781 0.0288 0.4777
vn -0.2853 0.6015 0.7462
vn 0.4062 0.0952 0.9088
vn -0.3586 0.1488 0.9216
vn 0.5581 0.5002 0.6620
vn 0.4974 0.8276 0.2601
vn -0.0806 0.9474 0.3098
vn 0.0330 0.9697 0.2420
vn -0.4720 0.8284 0.3016
vn -0.6651 0.7174 0.2073
vn -0.9179 0.2983 0.2615
vn -0.9041 0.0691 0.4216
vn -0.3874 0.0696 0.9193
vn 0.2801 -0.0088 0.9599
vn -0.9045 0.0054 0.4265
vn -0.6632 0.3814 -0.6439
vn -0.5203 -0.3472 -0.7803
vn -0.9299 -0.2835 -0.2345
vn -0.7947 0.3896 0.4654
vn -0.6264 -0.5128 0.5871
vn 0.3030 -0.5038 -0.8089
vn 0.4609 -0.0362 -0.8867
vn 0.9229 -0.1526 -0.3536
vn 0.5202 -0.7925 -0.3183
vn 0.5209 -0.7297 0.4429
vn 0.7695 -0.1914 0.6093
vn -0.3468 -0.8587 0.3773
vn -0.6876 -0.6963 0.2061
vn -0.3873 -0.9109 0.1424
vn -0.1277 -0.9609 0.2457
vn -0.7312 -0.6422 0.2301
vn -0.7977 -0.5738 -0.1858
vn -0.4204 -0.8707 -0.2552
vn -0.9326 -0.2905 0.2141
vn -0.9822 -0.0306 -0.1854
vn -0.9105 -0.0934 0.4028
vn -0.9994 -0.0236 -0.0260
vn -0.8500 0.0473 0.5246
vn -0.7661 -0.1236 0.6307
vn -0.9851 0.0710 -0.1566
vn -0.9633 0.0394 -0.2654
vn -0.5228 -0.0010 0.8524
vn 0.3941 -0.0842 0.9152
vn 0.1579 -0.0658 0.9853
vn -0.0890 0.6995 0.7091
vn 0.1268 0.6448 0.7538
vn -0.1106 0.6659 0.7378
vn -0.5179 0.2646 0.8135
vn -0.3364 0.4093 0.8481
vn 0.2929 0.1837 0.9383
vn -0.3515 -0.0508 0.9348
vn -0.4695 -0.1103 0.8760
vn -0.8933 0.1565 0.4213
vn 0.8269 0.2167 0.5189
vn 0.9171 -0.0998 0.3860
vn 0.6522 -0.5552 -0.5161
vn -0.9789 -0.0999 0.1782
vn -0.9726 -0.2241 -0.0613
vn -0.9566 0.1705 0.2362
vn -0.3140 0.6777 0.6649
vn -0.1144 0.7367 0.6664
vn -0.0466 0.7822 0.6213
vn -0.1390 0.8280 0.5433
vn -0.1391 0.8280 0.5432
vn -0.9566 0.2445 0.1584
vn -0.0711 0.7137 0.6968
vn -0.0682 0.9177 0.3915
vn -0.5800 0.6906 0.4321
vn 0.0524 0.9815 0.1841
vn 0.4329 0.5989 0.6737
vn 0.0965 0.9120 0.3988
vn -0.3224 -0.0099 0.9465
vn -0.9221 0.2450 0.2995
vn 0.2422 0.6091 0.7552
vn -0.0950 0.7404 0.6655
vn -0.0954 0.7405 0.6652
vn -0.1126 0.7375 0.6659
vn -0.1033 0.7559 0.6465
vn 0.2136 0.8663 0.4515
vn -0.1286 0.9821 0.1373
vn 0.8114 0.5164 0.2739
vn -0.0228 0.7851 0.6190
vn 0.5345 -0.8450 0.0184
vn -0.7476 -0.5795 -0.3246
vn -0.4736 -0.7956 0.3777
vn -0.1416 -0.7189 0.6805
vn -0.2859 0.2937 0.9121
vn -0.9715 -0.1515 -0.1822
vn -0.9416 0.1018 -0.3211
vn 0.9361 -0.0035 0.3517
vn 0.9301 -0.0620 0.3620
vn 0.7882 0.0324 -0.6145
vn -0.2710 0.2707 -0.9237
vn 0.3253 -0.8203 -0.4704
vn 0.1495 -0.8769 -0.4568
vn 0.5703 -0.6929 -0.4413
vn 0.3883 -0.7819 -0.4877
vn 0.8037 -0.5240 -0.2821
vn 0.9432 -0.2848 -0.1708
vn 0.9867 -0.1591 0.0319
vn 0.9863 -0.1117 0.1218
vn 0.9774 0.0629 0.2017
vn 0.9700 -0.1681 0.1756
vn 0.6938 -0.2891 -0.6596
vn 0.8360 0.1091 -0.5377
vn -0.4592 -0.8278 -0.3223
vn -0.4623 -0.8027 -0.3768
vn -0.0210 -0.7302 -0.6829
vn 0.3388 -0.2681 -0.9019
vn 0.4698 0.0603 -0.8807
vn 0.3033 0.2516 -0.9191
vn 0.5340 0.2542 -0.8064
vn 0.3681 -0.2554 -0.8940
vn 0.0721 -0.6684 -0.7403
vn -0.5370 0.3302 -0.7763
vn -0.9696 0.1355 -0.2036
vn -0.8825 0.2922 -0.3686
vn -0.0732 0.8354 -0.5447
vn -0.7756 0.1415 -0.6151
vn 0.4601 0.2075 -0.8633
vn -0.4027 -0.5251 -0.7497
vn 0.1679 -0.3949 -0.9033
vn -0.0814 -0.7327 -0.6757
vn 0.0234 -0.6729 -0.7393
vn 0.3497 -0.8637 -0.3629
vn 0.5408 0.0059 -0.8411
vn 0.9902 0.0373 -0.1346
vn 0.9156 0.1974 -0.3504
vn 0.9281 -0.0362 -0.3705
vn 0.8045 -0.5136 0.2982
vn 0.3892 -0.4751 0.7891
vn -0.1857 -0.5995 0.7785
vn 0.7876 -0.4224 -0.4486
vn 0.7898 -0.6017 0.1190
vn 0.2780 -0.9473 0.1593
vn 0.2507 -0.7361 0.6287
vn 0.0333 -0.9592 0.2807
vn 0.9984 -0.0077 -0.0564
vn 0.8828 -0.0301 0.4689
vn -0.1984 -0.9573 0.2102
vn 0.7811 -0.6086 0.1392
vn 0.2239 0.0193 0.9744
vn -0.2950 -0.6243 0.7234
vn -0.7751 -0.5089 0.3745
vn -0.7166 -0.6972 0.0192
vn -0.3541 -0.0624 0.9331
vn -0.1717 -0.0139 0.9850
vn 0.0701 -0.4957 0.8656
vn 0.7745 -0.0520 -0.6305
vn 0.8220 -0.1256 0.5554
vn 0.9258 0.3415 -0.1620
vn -0.0959 0.6585 0.7464
vn 0.5820 -0.7291 0.3600
vn -0.1596 0.6227 -0.7660
vn -0.5323 0.4708 0.7036
vn -0.8764 0.4480 -0.1766
vn -0.4664 0.2430 0.8505
vn -0.8884 -0.2125 0.4070
vn -0.5946 0.3351 0.7309
vn -0.9850 -0.0179 0.1719
vn -0.1573 0.0225 0.9873
vn -0.9136 -0.2850 0.2900
vn -0.8990 -0.2876 0.3303
vn -0.8408 -0.5187 -0.1553
vn 0.8768 0.4805 -0.0159
vn -0.0519 0.3874 0.9205
vn -0.1327 0.3657 0.9212
vn 0.8583 0.3732 0.3523
vn 0.8857 -0.0347 -0.4629
vn 0.3073 0.5132 0.8014
vn -0.1519 0.3506 0.9241
vn -0.0070 0.1053 0.9944
vn 0.1358 0.1937 0.9716
vn 0.2168 0.2356 0.9474
vn 0.2685 0.1237 0.9553
vn 0.1874 0.1607 0.9691
vn 0.1691 0.1252 0.9776
vn 0.1504 0.0895 0.9846
vn 0.1505 0.3789 0.9131
vn 0.4378 0.3737 0.8177
vn 0.4537 0.3932 0.7997
vn 0.8681 -0.3976 0.2971
vn 0.7597 -0.3108 0.5713
vn 0.5585 -0.7733 0.3002
vn 0.7069 0.2937 0.6434
vn 0.4248 0.6368 -0.6434
vn 0.3797 0.8952 0.2334
vn 0.3097 0.8463 0.4335
vn 0.1432 0.9780 0.1518
vn 0.3446 0.9375 -0.0484
vn 0.4487 0.8937 0.0009
vn 0.9667 -0.2347 -0.1021
vn 0.5707 -0.4453 -0.6900
vn 0.8159 -0.2111 -0.5382
vn 0.6805 -0.1669 -0.7135
vn 0.7656 -0.1113 -0.6337
vn 0.6873 -0.2156 -0.6936
vn 0.5915 -0.1780 -0.7864
vn 0.0037 0.9787 0.2052
vn -0.0129 0.9906 0.1364
vn 0.3339 0.8389 0.4298
vn 0.1564 0.9003 0.4063
vn 0.3540 0.9168 0.1846
vn 0.3086 0.9208 0.2386
vn 0.2190 0.8480 0.4826
vn -0.6031 0.6663 -0.4385
vn -0.7010 0.5966 -0.3906
vn 0.1495 0.9377 0.3137
vn 0.2421 0.7835 0.5723
vn 0.5849 0.5087 0.6318
vn 0.5438 0.5631 0.6223
vn 0.8266 -0.2651 0.4964
vn 0.4867 -0.3305 0.8086
vn 0.6272 -0.7125 0.3145
vn 0.1970 -0.9804 0.0028
vn 0.2500 -0.9647 0.0830
vn 0.4412 -0.8948 -0.0686
vn -0.1966 -0.9224 0.3323
vn -0.0768 -0.4698 0.8794
vn 0.3093 0.4693 0.8271
vn -0.4406 -0.6453 0.6240
vn -0.9087 -0.3956 0.1333
vn -0.8721 -0.4182 0.2542
vn -0.4921 0.4131 0.7663
vn -0.1000 0.3920 0.9145
vn -0.4979 -0.3365 0.7993
vn 0.4573 0.5536 0.6960
vn 0.6175 -0.3326 0.7128
vn -0.6622 -0.3927 0.6382
vn -0.6784 -0.7168 0.1612
vn -0.1982 0.9401 0.2772
vn -0.4226 -0.2821 0.8613
vn -0.9843 0.0707 -0.1618
vn -0.9743 0.1234 -0.1884
vn -0.9867 -0.0005 -0.1626
vn -0.9778 -0.0151 -0.2091
vn -0.9603 -0.2029 -0.1914
vn -0.9955 0.0828 0.0469
vn -0.9304 0.3343 0.1503
vn -0.7757 -0.2122 -0.5944
vn -0.9177 -0.1828 0.3528
vn -0.7747 -0.1856 -0.6045
vn -0.8899 -0.2517 0.3805
vn -0.4604 -0.1421 0.8762
vn -0.4769 -0.1917 0.8578
vn -0.0198 -0.8329 0.5531
vn -0.1930 -0.9035 0.3827
vn 0.0823 0.2482 -0.9652
vn -0.6633 -0.3288 -0.6723
vn 0.3856 0.2088 -0.8988
vn -0.3434 0.9114 -0.2268
vn -0.1045 -0.2575 -0.9606
vn -0.0119 -0.4933 -0.8698
vn -0.2313 -0.3092 -0.9224
vn 0.1133 -0.6212 -0.7754
vn -0.6681 -0.2724 -0.6924
vn -0.9695 0.0377 0.2422
vn -0.6082 0.2569 0.7510
vn -0.9480 -0.1626 0.2735
vn -0.5419 0.1258 0.8309
vn -0.4778 0.2173 0.8512
vn 0.5695 0.3131 -0.7600
vn -0.8619 -0.4554 0.2231
vn -0.4437 0.8461 0.2955
vn 0.7940 -0.6013 -0.0893
vn -0.1476 -0.7591 -0.6341
vn 0.5728 0.8183 0.0484
vn -0.7372 -0.5450 -0.3993
vn -0.7900 -0.2423 -0.5632
vn -0.5555 0.6540 -0.5135
vn -0.6854 0.6290 -0.3670
vn -0.7816 -0.2839 -0.5554
vn -0.8353 0.5496 0.0157
vn -0.9072 -0.3435 0.2430
vn -0.3875 -0.8450 -0.3685
vn -0.4336 -0.8177 -0.3786
vn -0.6688 -0.6929 0.2694
vn -0.6332 -0.2476 0.7333
vn -0.7320 -0.0707 0.6777
vn -0.8839 0.2741 0.3788
vn -0.4836 0.8744 -0.0403
vn -0.3884 0.9175 -0.0854
vn -0.8168 -0.2449 0.5224
vn -0.5847 -0.1606 0.7952
vn -0.5959 -0.0433 0.8019
vn -0.2246 0.5516 0.8033
vn 0.3239 0.3431 0.8817
vn 0.3926 0.7192 0.5733
vn -0.6250 0.6068 0.4910
vn -0.5614 -0.6522 0.5095
vn -0.2660 -0.5190 0.8124
vn 0.3107 -0.5178 0.7971
vn 0.2768 -0.1679 0.9462
vn 0.4328 -0.4668 0.7712
vn 0.2441 -0.1032 0.9642
vn -0.2680 -0.4520 0.8508
vn -0.5217 -0.6393 0.5649
vn -0.3473 0.6024 0.7187
vn -0.6413 0.6509 0.4062
vn 0.3478 0.7298 0.5886
vn 0.2131 0.4075 0.8880
vn 0.7768 0.4608 -0.4293
vn 0.9354 -0.3073 0.1748
vn 0.9046 -0.3919 0.1673
vn -0.0107 0.9988 -0.0473
vn -0.0502 0.9979 0.0416
vn 0.1337 0.8688 -0.4768
vn 0.4013 0.9104 0.1003
vn 0.7584 0.6127 0.2224
vn 0.5401 0.5421 0.6438
vn 0.6760 -0.3127 0.6673
vn 0.8008 -0.2872 0.5255
vn 0.6600 0.5081 0.5534
vn 0.3206 0.7924 0.5189
vn 0.1278 0.6961 0.7065
vn -0.1678 0.9738 0.1535
vn 0.6989 -0.7035 -0.1291
vn 0.3651 -0.8980 0.2454
vn 0.3813 -0.8737 0.3023
vn 0.4607 -0.3770 0.8035
vn 0.1454 0.4062 0.9021
vn -0.3388 0.3527 0.8723
vn -0.4698 0.7997 0.3738
vn -0.3169 0.9342 -0.1639
vn -0.5871 0.7420 -0.3235
vn -0.3627 0.9288 -0.0754
vn 0.4549 0.8155 0.3579
vn -0.1497 0.2944 0.9439
vn 0.0124 -0.3851 0.9228
vn 0.0902 -0.9547 0.2837
vn 0.0932 -0.9956 -0.0124
vn 0.7087 -0.6814 -0.1828
vn 0.7324 -0.6641 -0.1506
vn 0.0605 -0.9904 -0.1239
vn 0.1210 -0.9926 -0.0046
vn -0.5555 -0.8154 0.1629
vn -0.6239 -0.7787 0.0659
vn -0.6506 -0.7437 0.1541
vn 0.1267 -0.9915 0.0290
vn -0.4261 -0.7785 0.4608
vn 0.2778 -0.9604 0.0199
vn -0.0195 -0.9981 -0.0584
vn 0.1881 -0.8725 -0.4509
vn 0.4097 -0.9122 0.0104
vn 0.1249 -0.8014 0.5849
vn -0.2561 -0.8940 0.3676
vn -0.2247 0.0039 0.9744
vn -0.9751 0.0246 0.2206
vn -0.9600 -0.1481 0.2376
vn -0.9383 -0.1122 0.3270
vn -0.7010 0.1588 0.6953
vn 0.0837 -0.7822 0.6173
vn 0.7083 -0.6577 -0.2565
vn 0.9496 0.2718 -0.1564
vn -0.0378 0.1855 0.9819
vn 0.5590 -0.6156 0.5555
vn -0.2209 -0.9686 0.1142
vn 0.7086 0.6246 0.3283
vn 0.7317 -0.6283 0.2642
vn 0.8390 0.3072 0.4490
vn 0.9119 0.3293 -0.2449
vn 0.9641 0.2581 -0.0620
vn 0.6114 -0.4677 0.6383
vn -0.0781 -0.8551 0.5125
vn -0.4857 -0.7847 0.3852
vn -0.5676 -0.8029 0.1820
vn -0.6048 -0.6098 0.5122
vn -0.7472 -0.6049 0.2754
vn -0.8987 -0.3194 0.3005
vn -0.6391 -0.5523 0.5352
vn -0.7109 0.0753 0.6992
vn -0.0745 -0.1805 0.9808
vn -0.4963 0.5999 0.6275
vn 0.1832 0.1819 0.9661
vn -0.3070 0.8497 0.4287
vn 0.3995 0.4963 0.7708
vn 0.2182 0.9505 0.2211
vn 0.8744 -0.0633 0.4810
vn 0.7695 0.6355 -0.0638
vn 0.1428 0.9315 -0.3345
vn -0.5165 0.8404 0.1641
vn -0.6886 0.6657 0.2876
vn -0.8612 0.2449 0.4453
vn 0.8397 -0.2948 0.4560
vn 0.3285 -0.0442 0.9435
vn 0.2302 -0.2105 0.9501
vn -0.3977 0.2250 0.8895
vn -0.4804 0.0493 0.8757
vn 0.3092 -0.4996 0.8092
vn -0.4624 -0.3670 0.8072
vn -0.3881 -0.5703 0.7240
vn -0.7640 -0.3502 0.5419
vn -0.6058 0.6891 0.3978
vn 0.1037 -0.6627 0.7417
vn 0.6041 -0.2440 0.7586
vn 0.7203 -0.3805 0.5800
vn -0.8535 0.3214 -0.4102
vn -0.8297 0.4474 0.3338
vn -0.7798 0.5277 0.3369
vn -0.8656 0.2923 0.4066
vn -0.8395 0.4404 -0.3184
vn -0.9535 0.0530 0.2966
vn 0.4455 0.4637 0.7658
vn 0.8290 -0.2072 0.5194
vn 0.9061 0.1156 0.4070
vn 0.5734 0.7752 0.2649
vn -0.1448 0.7278 0.6703
vn -0.1420 0.9899 -0.0027
vn -0.6198 0.7392 0.2636
vn -0.6264 0.5381 -0.5640
vn -0.8582 0.2673 -0.4381
vn -0.3129 0.4438 0.8397
vn 0.3636 0.1467 0.9199
vn 0.8703 -0.3314 0.3643
vn 0.9452 -0.1375 -0.2961
vn 0.1470 0.9744 0.1703
vn -0.7569 0.5991 0.2612
vn -0.7292 0.5851 0.3549
vn 0.1418 0.9851 0.0978
vn -0.2140 0.9633 0.1622
vn 0.5916 0.8062 -0.0064
vn 0.9685 0.1558 -0.1943
vn 0.9919 -0.0246 -0.1245
vn 0.9952 0.0166 0.0963
vn 0.0444 0.7941 0.6061
vn -0.8888 -0.3856 -0.2479
vn 0.0504 0.8493 -0.5255
vn -0.9557 0.2622 -0.1335
vn 0.5024 0.8109 -0.3000
vn -0.8288 0.2113 0.5181
vn 0.8637 0.3724 -0.3397
vn 0.7250 -0.5150 -0.4573
vn 0.9934 -0.0420 -0.1071
vn 0.7254 0.6855 -0.0627
vn 0.5813 0.8036 0.1276
vn -0.2433 0.8691 0.4307
vn -0.6649 0.6998 0.2612
vn 0.2943 0.9473 0.1269
vn -0.5769 0.4887 0.6545
vn 0.3199 0.7801 0.5377
vn 0.4025 0.9018 0.1571
vn 0.3090 0.9266 -0.2145
vn 0.1625 0.9693 0.1843
vn 0.1023 0.8671 -0.4875
vn 0.2296 0.9708 0.0702
vn -0.2894 0.8788 -0.3794
vn 0.4482 0.8789 -0.1633
vn 0.6188 0.7855 -0.0083
vn 0.4188 -0.4141 -0.8082
vn 0.8165 -0.1606 -0.5546
vn 0.3465 -0.8353 -0.4268
vn -0.1822 0.4307 -0.8839
vn 0.1660 0.9012 -0.4004
vn 0.1921 0.9595 0.2060
vn 0.8686 -0.3215 -0.3770
vn 0.5025 0.0244 -0.8642
vn 0.0738 -0.5199 -0.8511
vn -0.6901 0.6071 -0.3939
vn -0.4957 0.7658 -0.4097
vn -0.7784 0.4195 -0.4670
vn -0.7009 0.3627 -0.6142
vn -0.4106 0.2398 -0.8797
vn -0.4285 -0.2342 -0.8726
vn -0.5160 -0.7391 0.4330
vn -0.5224 0.4332 -0.7344
vn -0.2725 0.6314 -0.7260
vn 0.9112 0.4057 -0.0718
vn 0.3931 0.4456 0.8043
vn 0.4753 0.0674 0.8772
vn 0.9905 0.0412 0.1314
vn 0.8133 0.1029 -0.5727
vn 0.9889 0.0541 0.1384
vn 0.4416 0.1072 0.8908
vn 0.9598 -0.1731 0.2212
vn 0.5331 0.2017 0.8217
vn 0.3608 -0.3115 0.8791
vn -0.0146 -0.3435 0.9390
vn -0.2149 -0.7152 0.6651
vn -0.3641 -0.7504 0.5516
vn -0.3741 -0.5460 0.7497
vn -0.5644 -0.1174 0.8171
vn -0.0376 0.0785 0.9962
vn -0.0615 0.1982 0.9782
vn 0.7807 -0.0877 -0.6187
vn 0.7780 -0.3000 -0.5519
vn 0.2199 0.8207 0.5274
vn -0.3065 0.4723 0.8264
vn -0.3771 0.2279 0.8977
vn -0.6027 -0.0198 0.7977
vn -0.8294 -0.0698 0.5543
vn -0.7174 0.0013 0.6966
vn -0.5350 -0.2882 0.7942
vn -0.9035 -0.1332 0.4075
vn -0.7268 0.0590 0.6843
vn -0.6192 0.4392 0.6509
vn 0.6436 0.7232 -0.2506
vn 0.6728 0.2012 -0.7119
vn 0.5801 -0.1263 -0.8047
vn 0.6940 -0.4222 -0.5832
vn 0.7384 -0.6502 0.1790
vn 0.0059 -0.9219 0.3875
vn 0.8051 -0.5925 -0.0296
vn 0.7901 -0.6113 0.0461
vn 0.1794 -0.9818 0.0624
vn 0.7338 -0.6535 -0.1854
vn 0.0585 -0.9754 -0.2127
vn -0.2836 -0.9405 -0.1870
vn -0.4404 -0.8486 -0.2932
vn -0.5444 -0.8287 -0.1301
vn -0.7731 -0.4280 -0.4682
vn -0.9390 -0.2414 -0.2451
vn -0.9849 0.1278 -0.1166
vn -0.9906 0.1368 0.0022
vn -0.7977 0.5502 0.2468
vn -0.6140 0.7892 0.0070
vn -0.6745 0.2803 0.6829
vn -0.4192 0.6882 0.5922
vn -0.1236 -0.9893 -0.0769
vn -0.6279 -0.4607 -0.6273
vn -0.4813 0.8694 -0.1117
vn -0.3643 0.8050 0.4682
vn -0.6027 0.1563 0.7825
vn -0.3920 0.6273 0.6729
vn -0.3231 0.7562 0.5690
vn -0.2184 -0.5526 0.8043
vn -0.4066 -0.8407 -0.3577
vn -0.7352 -0.6628 0.1424
vn -0.8835 -0.3513 0.3098
vn -0.8799 -0.2354 0.4127
vn -0.7636 -0.3301 0.5549
vn -0.6365 0.7256 0.2615
vn -0.4178 0.8365 0.3545
vn -0.5746 0.8034 0.1559
vn -0.1749 0.9521 -0.2509
vn -0.2344 0.8136 0.5320
vn -0.5355 0.6834 0.4962
vn -0.3845 0.5914 0.7088
vn -0.7449 0.2382 0.6232
vn -0.8470 0.3801 0.3716
vn -0.8722 -0.2619 0.4131
vn -0.9535 -0.1308 0.2717
vn -0.7906 -0.5215 0.3210
vn -0.6213 -0.7742 0.1214
vn -0.4163 -0.9079 -0.0500
vn -0.7517 -0.3823 0.5374
vn -0.6085 0.0794 0.7895
vn 0.2497 0.9577 0.1431
vn 0.4963 0.6383 -0.5885
vn 0.4304 0.1700 -0.8865
vn 0.3311 0.0255 -0.9433
vn 0.7899 -0.0064 -0.6132
vn 0.6272 -0.5302 -0.5705
vn 0.5340 -0.4136 -0.7374
vn 0.3216 -0.6898 -0.6486
vn 0.1381 -0.5572 -0.8188
vn 0.4798 0.1434 -0.8656
vn 0.7009 -0.1380 -0.6998
vn 0.5155 0.8569 0.0012
vn 0.5443 0.8377 -0.0439
vn 0.3546 0.8531 0.3827
vn 0.6946 0.7162 0.0675
vn 0.6268 0.7589 0.1767
vn 0.9403 -0.3393 0.0264
vn 0.5138 -0.7516 -0.4137
vn 0.8930 -0.1955 -0.4054
vn 0.6602 0.1084 -0.7432
vn 0.7376 -0.6713 -0.0724
vn 0.8008 -0.5981 -0.0322
vn 0.9421 -0.1998 -0.2692
vn 0.5794 -0.6547 -0.4854
vn 0.5085 -0.6052 -0.6125
vn 0.3685 -0.6761 -0.6380
vn 0.5096 -0.6999 -0.5005
vn 0.8063 -0.2101 -0.5529
vn 0.6530 -0.0409 -0.7562
vn 0.0809 -0.1129 -0.9903
vn -0.0959 -0.4237 -0.9007
vn -0.0147 -0.3067 -0.9517
vn 0.1223 0.3065 -0.9440
vn 0.2478 0.8661 -0.4341
vn 0.8460 -0.2894 -0.4479
vn 0.5539 0.5254 -0.6458
vn 0.7095 -0.6096 -0.3536
vn 0.7911 -0.4724 -0.3885
vn -0.1100 0.5197 -0.8472
vn -0.0632 -0.9461 -0.3178
vn -0.8094 0.4095 0.4209
vn 0.4553 0.5805 -0.6750
vn 0.8465 0.3328 -0.4155
vn 0.9380 0.3430 0.0505
vn -0.9213 0.2518 -0.2965
vn -0.5393 0.6877 0.4861
vn -0.7995 0.3645 -0.4773
vn -0.7012 0.6245 -0.3439
vn 0.1677 0.2566 0.9518
vn -0.5697 0.4707 0.6737
vn -0.2210 0.6131 0.7584
vn -0.0385 0.4581 0.8881
vn -0.2824 0.4825 0.8292
vn 0.8311 0.1029 0.5465
vn 0.0450 0.2404 0.9696
vn -0.1863 0.1964 0.9627
vn -0.3278 -0.7397 -0.5877
vn 0.1389 0.5813 -0.8017
vn 0.5202 0.3782 -0.7657
vn -0.6005 -0.4791 -0.6402
vn -0.4634 0.6713 -0.5785
vn -0.8475 0.0998 -0.5214
vn -0.1328 0.8391 0.5276
vn 0.2306 0.6611 0.7140
vn -0.6020 0.7944 0.0810
vn -0.8184 -0.2670 0.5089
vn -0.5698 -0.5027 0.6501
vn -0.8381 0.1526 0.5237
vn -0.8325 0.2438 0.4976
vn 0.4946 0.7356 0.4629
vn -0.5201 -0.7737 -0.3619
vn -0.5010 -0.7338 -0.4588
vn 0.8639 -0.4096 -0.2931
vn 0.8265 -0.2526 -0.5031
vn 0.5348 0.5427 0.6476
vn -0.8362 0.0609 0.5450
vn -0.5331 -0.8051 -0.2600
vn 0.8409 -0.5375 -0.0637
vn 0.5359 0.3080 0.7861
vn 0.6472 -0.7433 -0.1690
vn 0.4516 -0.2292 0.8623
vn 0.0268 -0.4663 0.8842
vn 0.8422 -0.5058 -0.1869
vn 0.0346 -0.4738 0.8799
vn -0.2843 0.8239 0.4902
vn 0.2140 0.8068 0.5507
vn 0.5892 0.6171 -0.5216
vn 0.2984 0.7262 -0.6194
vn 0.2098 0.9277 -0.3089
vn 0.6179 -0.7580 0.2091
vn -0.1373 -0.5273 0.8385
vn -0.4499 0.7781 0.4384
vn -0.1473 -0.5192 0.8419
vn -0.4431 0.7753 0.4500
vn -0.5895 -0.5367 0.6037
vn -0.8138 0.5024 0.2922
vn -0.2849 -0.8377 -0.4660
vn -0.1264 -0.9917 0.0244
vn -0.0060 -0.9428 -0.3334
vn -0.5227 0.2880 -0.8024
vn -0.3393 0.5329 -0.7751
vn -0.5241 0.6982 -0.4877
vn -0.2860 0.8295 0.4797
vn -0.3380 -0.0198 0.9409
vn -0.5426 -0.8134 -0.2099
vn -0.2862 -0.9541 -0.0880
vn -0.5662 0.0858 0.8198
vn -0.8991 -0.2620 -0.3508
vn -0.9091 0.2859 0.3029
vn 0.2616 0.9503 0.1689
vn -0.0485 0.9948 0.0897
vn -0.6032 0.7867 -0.1312
vn 0.2305 0.9662 -0.1157
vn 0.6918 0.1626 -0.7035
vn 0.2177 0.1441 -0.9653
vn 0.6517 0.7540 -0.0825
vn 0.0790 -0.4860 -0.8704
vn 0.0046 -0.4830 -0.8756
vn 0.0389 0.1262 -0.9912
vn 0.0559 0.9877 -0.1459
vn 0.1168 0.8815 0.4575
vn 0.7423 0.6177 0.2596
vn 0.7606 -0.2611 -0.5944
vn 0.0695 0.8804 0.4691
vn -0.4491 -0.0404 0.8926
vn -0.1094 0.7879 0.6060
vn 0.0105 0.3266 0.9451
vn -0.3907 0.3129 0.8657
vn 0.1693 0.4042 0.8989
vn 0.1449 0.2626 0.9540
vn -0.3063 -0.0350 0.9513
vn -0.4942 0.2798 0.8231
vn -0.4307 0.5711 0.6988
vn -0.2325 0.7492 0.6202
vn -0.6260 0.5083 0.5914
vn -0.6122 0.6521 0.4472
vn -0.6986 0.4919 0.5196
vn -0.5946 -0.0427 0.8029
vn -0.4780 -0.1741 0.8610
vn -0.3426 0.1722 0.9236
vn -0.1653 0.4874 0.8574
vn -0.1110 0.7033 0.7021
vn -0.7857 -0.4179 -0.4561
vn -0.7706 -0.2618 -0.5811
vn -0.6633 0.0568 -0.7462
vn -0.2772 0.4775 -0.8338
vn 0.5422 0.5084 -0.6690
vn 0.5385 0.5174 -0.6651
vn 0.9895 0.0448 -0.1373
vn 0.7153 0.5357 0.4487
vn 0.8627 -0.4795 0.1608
vn 0.5546 0.7718 0.3110
vn 0.7372 -0.6590 0.1493
vn 0.2220 0.0717 0.9724
vn 0.7075 -0.6955 0.1256
vn -0.1372 0.1762 -0.9748
vn -0.6120 0.2326 -0.7559
vn -0.5750 0.8114 -0.1049
vn -0.1175 0.9878 -0.1020
vn -0.0081 0.8718 0.4898
vn -0.0410 0.8626 0.5042
vn -0.6978 0.6682 0.2580
vn -0.7304 -0.1638 -0.6631
vn -0.0717 -0.4456 -0.8924
vn 0.7724 0.6015 -0.2041
vn 0.2557 0.7388 -0.6235
vn 0.2049 0.9769 -0.0608
vn 0.6612 0.5106 -0.5496
vn 0.1731 -0.3786 -0.9092
vn 0.5682 -0.2639 -0.7794
vn 0.6614 -0.5196 -0.5408
vn 0.0722 -0.8424 -0.5341
vn -0.0197 -0.8509 -0.5249
vn 0.0176 -0.3723 -0.9280
vn 0.0593 0.7663 -0.6397
vn 0.0487 0.9957 -0.0786
vn -0.0162 0.9530 0.3025
vn 0.0778 0.9824 0.1699
vn 0.1907 0.8768 -0.4414
vn -0.1175 0.7765 0.6191
vn -0.0413 0.8636 -0.5024
vn -0.4285 -0.7650 -0.4807
vn -0.9848 0.1188 0.1269
vn -0.8344 0.5333 -0.1391
vn -0.4611 -0.8873 0.0013
vn -0.2669 -0.9597 0.0881
vn -0.7018 -0.6484 -0.2951
vn -0.7583 0.1611 -0.6317
vn -0.3807 -0.0041 -0.9247
vn -0.4408 -0.0243 -0.8973
vn 0.3265 0.5464 -0.7712
vn -0.0438 -0.3971 -0.9167
vn 0.0346 -0.3300 -0.9434
vn -0.0492 -0.4004 -0.9150
vn 0.0118 -0.4629 -0.8863
vn -0.0924 -0.4099 -0.9074
vn 0.0068 -0.5351 -0.8447
vn -0.1634 -0.3757 -0.9122
vn -0.3262 -0.1970 -0.9246
vn -0.5083 0.0214 -0.8609
vn -0.9925 0.1194 0.0240
vn -0.9707 0.1525 0.1860
vn -0.9955 0.0704 -0.0632
vn -0.9772 0.1167 0.1773
vn -0.8874 -0.4441 0.1235
vn -0.5048 -0.8482 0.1601
vn -0.5240 -0.8516 0.0113
vn -0.8832 -0.4302 0.1870
vn -0.9879 -0.0463 -0.1477
vn -0.8776 -0.4235 -0.2246
vn -0.7144 -0.6944 -0.0863
vn -0.4172 -0.8708 0.2601
vn -0.3405 -0.7789 0.5267
vn -0.9655 -0.1815 0.1867
vn -0.9544 -0.2980 0.0178
vn -0.8347 0.5344 0.1331
vn -0.8674 -0.4734 -0.1533
vn -0.8772 0.4802 0.0069
vn -0.6942 -0.5953 -0.4047
vn -0.9142 0.3668 0.1722
vn -0.8997 -0.2936 -0.3230
vn -0.9522 -0.2977 0.0680
vn -0.8492 -0.4589 0.2612
vn -0.4582 -0.8377 0.2972
vn -0.0721 -0.9698 0.2330
vn -0.0970 -0.9950 0.0229
vn -0.2301 -0.9354 0.2684
vn -0.8549 -0.4674 0.2249
vn -0.7602 -0.3308 0.5592
vn -0.5828 -0.4647 0.6666
vn -0.6129 -0.6035 0.5100
vn -0.2750 -0.5608 0.7809
vn 0.1643 -0.9636 0.2107
vn 0.3002 -0.9444 0.1338
vn 0.2895 -0.8881 0.3571
vn -0.0594 -0.8143 0.5773
vn -0.4115 -0.6442 0.6447
vn -0.7957 -0.3959 0.4584
vn -0.8622 -0.4900 0.1283
vn -0.9136 -0.4066 -0.0036
vn -0.8539 -0.5187 0.0427
vn -0.9619 -0.2697 0.0451
vn -0.8588 -0.5093 0.0559
vn -0.7014 -0.6947 0.1592
vn -0.7720 -0.6303 0.0814
vn -0.7476 -0.6140 -0.2532
vn -0.0593 -0.7180 0.6935
vn -0.4819 -0.8229 -0.3009
vn 0.0144 -0.9118 -0.4104
vn 0.1942 -0.9117 -0.3620
vn -0.1728 -0.8355 -0.5216
vn -0.9572 -0.2889 -0.0161
vn 0.3432 -0.8788 -0.3317
vn -0.2778 -0.9144 -0.2946
vn 0.6517 -0.6701 0.3552
vn 0.9334 -0.2921 0.2085
vn 0.9462 0.0968 0.3087
vn 0.5308 -0.8446 -0.0699
vn 0.4833 -0.8254 -0.2917
vn 0.1505 -0.9048 0.3982
vn 0.3197 -0.9288 0.1877
vn -0.4945 -0.1699 0.8524
vn -0.6454 -0.3489 0.6795
vn -0.6062 0.4884 0.6277
vn -0.6542 0.4320 0.6208
vn -0.5517 0.6482 0.5248
vn -0.7488 0.5449 0.3774
vn -0.8629 0.3125 0.3972
vn -0.8671 0.3891 0.3110
vn -0.9105 -0.4135 -0.0059
vn 0.5030 -0.8026 -0.3207
vn -0.7941 0.5040 0.3396
vn 0.6143 0.0239 0.7887
vn -0.3119 -0.1130 0.9434
vn -0.4361 0.5500 0.7122
vn -0.5325 0.6790 0.5054
vn -0.9048 0.3221 0.2786
vn -0.7539 0.5597 0.3442
vn -0.9843 0.0160 0.1758
vn -0.8696 0.3933 0.2984
vn -0.6946 0.5362 0.4796
vn -0.6503 -0.5825 0.4876
vn -0.4406 0.6670 0.6008
vn 0.5438 0.4653 0.6984
vn 0.9246 0.0093 0.3809
vn 0.8883 0.0222 0.4588
vn 0.0992 0.0230 0.9948
vn -0.0147 0.4204 0.9072
vn 0.9473 0.1095 0.3012
vn 0.5583 0.3916 0.7314
vn -0.6499 -0.0643 0.7573
vn -0.2391 0.0009 0.9710
vn -0.6751 0.2398 0.6976
vn -0.5896 0.6022 0.5382
vn -0.4921 -0.3131 0.8123
vn -0.9992 -0.0360 0.0189
vn -0.8997 0.2580 0.3520
vn -0.9966 0.0451 0.0694
vn -0.9738 0.1027 0.2030
vn -0.8935 0.3050 0.3297
vn -0.8469 0.4016 0.3484
vn -0.8293 0.3345 0.4477
vn -0.8372 0.3609 0.4109
vn -0.7331 0.4355 0.5223
vn -0.7758 0.1841 0.6035
vn -0.6321 0.1623 0.7577
vn -0.6698 -0.0017 0.7425
vn -0.5014 -0.1987 0.8421
vn -0.3140 0.1526 0.9371
vn -0.2226 -0.3656 0.9038
vn -0.0374 0.2720 0.9616
vn -0.0378 -0.0675 0.9970
vn 0.2899 0.3046 0.9073
vn -0.9557 0.0514 0.2897
vn -0.8851 -0.0941 0.4557
vn -0.9014 -0.3483 0.2573
vn -0.8106 -0.3693 0.4545
vn -0.7501 -0.2282 0.6207
vn -0.7702 -0.6195 0.1514
vn -0.6490 0.4027 0.6454
vn -0.5138 0.3946 0.7618
vn -0.3557 0.4291 0.8302
vn -0.3545 0.6404 0.6814
vn 0.4459 0.5922 0.6712
vn 0.3479 0.3778 0.8580
vn -0.2768 0.3165 0.9073
vn 0.3087 0.2317 0.9225
vn -0.1770 0.5070 0.8436
vn 0.3718 0.3517 0.8591
vn -0.0788 0.6202 0.7805
vn -0.3309 0.5940 0.7332
vn -0.8503 0.3283 0.4113
vn -0.6825 0.4604 0.5676
vn -0.3296 0.7200 0.6107
vn 0.4973 0.6819 0.5364
vn 0.8956 0.2586 0.3619
vn 0.8283 0.2006 0.5231
vn 0.8061 0.1244 0.5785
vn 0.8237 0.1623 0.5433
vn 0.8563 0.1289 0.5001
vn 0.9293 0.2638 0.2583
vn -0.6583 0.4432 0.6085
vn -0.8495 0.3007 0.4336
vn -0.8241 0.2494 0.5086
vn -0.8580 0.2470 0.4504
vn -0.8151 -0.5624 -0.1393
vn -0.6163 -0.5439 -0.5695
vn -0.8895 0.0125 -0.4567
vn -0.8609 0.3381 -0.3803
vn -0.7504 0.1511 -0.6435
vn -0.4732 0.3152 -0.8227
vn -0.6600 0.3661 -0.6560
vn -0.4777 0.4254 -0.7687
vn -0.7593 0.2857 -0.5846
vn -0.8033 0.2991 -0.5150
vn -0.9602 0.1199 -0.2525
vn -0.9131 0.0973 -0.3960
vn -0.9747 0.0429 -0.2192
vn -0.8622 -0.1168 -0.4930
vn -0.0482 0.5180 -0.8540
vn -0.9840 -0.1672 -0.0621
vn -0.9657 0.2026 -0.1627
vn -0.9567 0.2756 -0.0932
vn -0.9759 -0.1068 -0.1902
vn -0.9750 -0.0940 -0.2015
vn 0.5818 0.8126 0.0355
vn -0.3848 0.9114 0.1459
vn 0.5292 0.8192 0.2212
vn -0.2559 0.9574 -0.1337
vn -0.6881 0.7186 -0.1004
vn -0.4733 0.8020 -0.3644
vn -0.8201 0.4827 -0.3073
vn -0.7518 0.5314 -0.3903
vn -0.5650 0.6683 -0.4838
vn -0.5682 0.4140 -0.7112
vn -0.0796 0.5028 -0.8607
vn 0.0560 0.5238 -0.8500
vn 0.0559 0.5238 -0.8500
vn 0.4128 0.8527 -0.3201
vn -0.2203 0.8235 -0.5228
vn 0.0583 0.8636 -0.5008
vn 0.0580 0.7308 -0.6802
vn 0.9404 -0.1102 0.3217
vn -0.0001 0.0685 0.9976
vn -0.7016 -0.5782 0.4165
vn 0.2515 -0.9647 0.0782
vn 0.9592 0.2798 -0.0394
vn 0.1837 -0.8021 -0.5683
vn -0.9528 -0.2887 0.0941
vn -0.1956 0.7460 0.6366
vn -0.2499 -0.8911 -0.3787
vn 0.0869 -0.9841 -0.1551
vn -0.3971 -0.8445 -0.3594
vn -0.5997 -0.7923 -0.1123
vn -0.5343 -0.7783 -0.3298
vn -0.2628 -0.8857 0.3827
vn -0.4172 -0.8946 0.1601
vn -0.5495 -0.7539 -0.3602
vn -0.1125 -0.9826 0.1479
vn 0.7880 -0.5531 0.2706
vn 0.2134 -0.9371 -0.2763
vn -0.0677 -0.9079 -0.4137
vn 0.3872 -0.8758 -0.2883
vn 0.1398 -0.8474 -0.5122
vn 0.6082 -0.6896 -0.3931
vn 0.6947 -0.6814 -0.2306
vn 0.8662 -0.4960 0.0605
vn 0.8909 0.2751 0.3614
vn 0.8778 0.2119 0.4296
vn 0.8298 0.4019 0.3872
vn 0.8642 0.3668 0.3445
vn 0.8119 0.3975 0.4275
vn 0.9384 -0.3287 0.1068
vn 0.9975 -0.0683 -0.0182
vn 0.8241 -0.5493 -0.1383
vn 0.6317 -0.7694 0.0943
vn -0.7355 -0.6059 0.3032
vn -0.9693 -0.2039 0.1372
vn 0.2288 -0.1380 0.9636
vn 0.4117 -0.2120 0.8863
vn 0.5578 -0.4046 0.7246
vn 0.6470 0.3169 0.6936
vn 0.5750 0.5887 0.5682
vn 0.6419 0.5199 0.5636
vn 0.9218 0.1630 0.3517
vn 0.8462 0.3844 0.3691
vn 0.8117 0.5263 0.2532
vn 0.4877 0.6516 0.5810
vn 0.5630 0.4197 0.7119
vn 0.4474 0.6773 0.5840
vn 0.6084 0.6534 0.4505
vn 0.4662 0.6370 0.6139
vn 0.4345 0.5272 0.7303
vn 0.6045 0.4927 0.6259
vn 0.9437 0.2302 0.2377
vn 0.9274 0.3740 0.0071
vn 0.9848 -0.0899 0.1484
vn 0.9578 -0.2371 0.1623
vn 0.9330 0.2937 0.2078
vn 0.9490 0.1818 0.2576
vn 0.7955 -0.5518 0.2504
vn 0.9955 -0.0643 -0.0694
vn 0.9293 -0.3383 -0.1484
vn 0.8457 -0.2880 -0.4492
vn 0.9788 -0.2038 -0.0192
vn 0.5263 -0.4207 -0.7389
vn 0.7354 0.6730 -0.0788
vn 0.3103 0.1080 -0.9445
vn 0.5285 0.8464 0.0647
vn 0.0347 -0.4650 -0.8846
vn 0.7731 -0.0521 0.6321
vn 0.5633 -0.6199 -0.5463
vn 0.1451 -0.5242 -0.8391
vn 0.0390 -0.4201 -0.9066
vn 0.0705 -0.4234 -0.9032
vn 0.3545 -0.2444 -0.9026
vn 0.5657 0.0051 -0.8246
vn 0.8990 -0.1845 -0.3973
vn 0.9225 -0.3186 -0.2180
vn 0.9989 0.0364 0.0290
vn 0.9398 0.1381 0.3127
vn 0.7450 -0.5773 0.3343
vn 0.9629 -0.2575 0.0806
vn 0.9838 -0.1542 -0.0914
vn 0.8440 -0.4401 0.3065
vn 0.7932 -0.6013 0.0958
vn 0.7693 -0.6387 -0.0138
vn 0.6820 -0.7257 -0.0912
vn 0.5757 -0.8170 -0.0320
vn 0.6819 -0.7291 0.0583
vn 0.2426 -0.9665 0.0834
vn 0.4899 -0.8692 0.0677
vn 0.6464 -0.7501 0.1396
vn 0.9022 -0.4304 0.0275
vn 0.9585 -0.2166 -0.1853
vn 0.8879 0.0387 -0.4584
vn 0.5947 0.3052 -0.7438
vn 0.7869 0.0123 -0.6170
vn 0.5361 0.4100 -0.7379
vn 0.6556 -0.7403 -0.1489
vn 0.8766 -0.4617 0.1355
vn 0.8095 -0.5550 0.1914
vn 0.7879 -0.6071 0.1036
vn 0.8241 -0.5652 -0.0381
vn 0.8584 -0.5097 -0.0570
vn 0.8017 -0.4484 -0.3952
vn 0.8338 -0.1943 0.5167
vn 0.9411 -0.0757 0.3294
vn 0.9091 -0.2539 0.3302
vn 0.9318 -0.3107 0.1877
vn 0.9419 -0.3325 -0.0485
vn 0.9587 -0.2671 -0.0974
vn 0.9230 -0.1511 -0.3538
vn 0.9686 0.0968 -0.2288
vn 0.8339 0.2774 -0.4772
vn 0.9748 0.1125 -0.1929
vn 0.9887 0.0383 0.1446
vn 0.9099 0.2579 0.3249
vn 0.8461 0.2428 0.4745
vn 0.9993 -0.0005 -0.0378
vn 0.9903 0.0955 0.1012
vn 0.9287 0.1317 0.3467
vn 0.8768 0.2037 0.4355
vn 0.8523 0.2698 0.4480
vn 0.7401 0.0945 0.6658
vn 0.9147 0.2296 0.3326
vn 0.8689 0.2893 0.4016
vn 0.8146 0.2821 0.5067
vn 0.7279 0.3837 0.5682
vn 0.5772 0.1038 0.8100
vn 0.4163 -0.2419 0.8765
vn 0.6088 -0.0615 0.7909
vn 0.6770 -0.2946 0.6744
vn 0.7534 -0.4456 0.4835
vn 0.8469 0.2700 0.4581
vn 0.8556 0.3017 -0.4207
vn 0.9279 0.3675 -0.0627
vn 0.7413 0.5224 0.4213
vn 0.6907 0.4048 0.5992
vn 0.6457 0.3561 0.6755
vn 0.4985 0.3609 0.7882
vn 0.3297 0.5670 0.7548
vn 0.2537 0.1259 0.9591
vn 0.1196 -0.3818 0.9165
vn -0.0085 0.2705 0.9627
vn -0.0430 -0.0677 0.9968
vn 0.1646 -0.0175 0.9862
vn 0.7717 0.6325 0.0660
vn 0.8272 0.4665 -0.3132
vn 0.5775 0.7501 -0.3223
vn 0.3341 0.7965 -0.5040
vn 0.6572 0.6126 -0.4390
vn -0.3074 0.8838 -0.3526
vn -0.9489 0.3046 -0.0825
vn 0.1566 0.4939 0.8553
vn 0.0774 0.6128 0.7864
vn 0.2345 0.3007 0.9244
vn 0.3342 0.4051 0.8510
vn 0.3660 0.6125 0.7006
vn 0.4280 0.7500 0.5043
vn 0.4877 0.8509 0.1953
vn 0.3540 0.9287 -0.1102
vn -0.5053 0.8629 -0.0052
vn -0.9441 0.3282 -0.0310
vn -0.4664 0.8653 0.1838
vn -0.9372 0.3478 0.0257
vn -0.3386 0.3319 0.8805
vn -0.4149 0.3777 0.8278
vn -0.3623 0.2479 0.8985
vn -0.3845 0.3974 0.8332
vn -0.4459 0.6277 0.6381
vn -0.4752 0.7269 0.4958
vn -0.9194 0.3461 0.1870
vn -0.8955 0.3297 0.2990
vn -0.8460 0.2501 0.4709
vn -0.8334 0.1679 0.5265
vn -0.8541 0.2161 0.4730
vn -0.8923 0.1952 0.4071
vn -0.1777 0.0205 0.9839
vn -0.9091 0.0967 0.4051
vn 0.0032 0.3875 0.9219
vn -0.9293 0.1000 0.3554
vn -0.5359 0.4875 0.6893
vn -0.9475 0.2058 0.2447
vn -0.5397 0.5311 0.6532
vn -0.9536 0.1848 0.2375
vn -0.6667 0.0832 0.7407
vn 0.6076 0.1149 0.7859
vn 0.5572 -0.1377 0.8189
vn -0.0476 -0.2454 0.9683
vn 0.0209 0.1703 0.9852
vn -0.0809 0.1858 0.9793
vn -0.0267 0.2132 0.9766
vn -0.0056 0.5527 0.8334
vn -0.4717 0.4720 0.7448
vn 0.3374 0.1157 0.9342
vn 0.4563 0.4290 0.7796
vn 0.6006 -0.1167 0.7910
vn 0.7903 0.1341 0.5978
vn 0.6926 -0.4218 0.5852
vn 0.9070 -0.2530 0.3368
vn 0.5885 -0.7178 0.3721
vn 0.7749 -0.6286 0.0664
vn 0.3163 -0.9254 0.2088
vn 0.4296 -0.8920 -0.1409
vn -0.0510 -0.9890 0.1389
vn -0.0365 -0.9727 -0.2294
vn -0.4151 -0.8915 0.1814
vn -0.4984 -0.8490 -0.1756
vn -0.6784 -0.6591 0.3246
vn -0.8324 -0.5541 0.0062
vn -0.7703 -0.3540 0.5304
vn -0.9491 -0.1670 0.2672
vn -0.6662 -0.0580 0.7435
vn -0.8170 0.2085 0.5376
vn -0.3941 0.1496 0.9068
vn -0.0571 -0.5700 0.8197
vn -0.0149 -0.5118 0.8590
vn -0.0556 -0.5009 0.8637
vn 0.0146 -0.5377 0.8430
vn 0.0248 -0.5719 0.8200
vn 0.0132 -0.6050 0.7961
vn -0.0172 -0.6282 0.7779
vn -0.0583 -0.6353 0.7701
vn -0.0990 -0.6244 0.7748
vn -0.1284 -0.5984 0.7908
vn -0.1387 -0.5643 0.8138
vn -0.1271 -0.5312 0.8377
vn -0.0967 -0.5080 0.8559
vn 0.0571 0.5700 -0.8197
vn -0.0166 -0.8203 -0.5716
vn 0.4848 -0.7336 -0.4763
vn 0.8562 -0.4502 -0.2534
vn 0.9982 -0.0462 0.0374
vn 0.8728 0.3701 0.3182
vn 0.5135 0.6873 0.5137
vn 0.0166 0.8204 0.5716
vn -0.4848 0.7336 0.4763
vn -0.8562 0.4502 0.2534
vn -0.9982 0.0462 -0.0374
vn -0.8728 -0.3701 -0.3182
vn -0.5135 -0.6873 -0.5137
vn 0.6992 -0.5164 -0.4944
vn 0.6041 -0.6133 0.5088
vn 0.6775 -0.6954 0.2396
vn 0.6961 -0.2098 -0.6866
vn 0.2955 -0.5002 0.8139
vn 0.5121 0.2592 -0.8189
vn -0.1591 0.4360 -0.8858
vn -0.2774 -0.3271 0.9033
vn -0.9708 0.2110 0.1145
vn 0.0177 -0.6918 0.7219
vn 0.0183 -0.6914 0.7223
vn 0.0179 -0.6916 0.7220
vn 0.0181 -0.6915 0.7221
vn -0.3724 0.4184 -0.8284
vn -0.1428 0.8695 -0.4729
vn -0.0101 0.5362 -0.8440
vn -0.1097 0.8766 -0.4686
vn 0.0120 0.5409 -0.8410
vn -0.2036 0.9789 -0.0141
vn -0.2477 -0.0202 -0.9686
vn -0.1588 -0.4865 -0.8591
vn -0.7480 -0.3881 -0.5383
vn -0.7900 -0.1446 -0.5958
vn 0.1174 0.0569 -0.9915
vn 0.1290 0.0592 -0.9899
vn 0.2128 -0.4453 -0.8698
vn -0.2986 0.8188 0.4902
vn -0.2583 0.8689 0.4223
vn -0.2158 0.9723 -0.0901
vn -0.3759 0.7480 -0.5470
vn -0.8490 0.0821 -0.5220
vn -0.9716 -0.2091 -0.1112
vn -0.7332 -0.5934 -0.3322
vn -0.1273 -0.8681 -0.4798
vn 0.2085 -0.4458 -0.8705
vn 0.2490 -0.8539 -0.4571
vn -0.1558 -0.9859 0.0609
vn 0.2707 -0.9558 0.1150
vn -0.3145 -0.8630 0.3954
vn 0.1123 -0.8580 0.5012
vn -0.2354 0.9426 -0.2369
vn -0.9243 0.1181 -0.3628
vn -0.9823 0.1761 -0.0630
vn 0.2453 -0.8660 -0.4358
vn 0.3652 -0.9304 0.0308
vn -0.0061 -0.5103 0.8600
vn -0.0448 -0.4519 0.8909
vn -0.1409 -0.0363 0.9894
vn 0.1152 -0.1405 0.9834
vn -0.2484 0.5138 0.8212
vn -0.0618 0.5869 0.8073
vn -0.6354 -0.3484 0.6892
vn -0.4713 -0.4868 0.7355
vn -0.7389 0.5591 0.3760
vn -0.7991 0.2875 0.5280
vn 0.4176 0.4881 0.7664
vn -0.8962 0.1027 0.4316
vn -0.7201 -0.5109 0.4694
vn 0.5969 -0.1164 0.7938
vn -0.9732 0.2053 0.1037
vn -0.9592 0.0227 0.2819
vn -0.9007 -0.2242 0.3721
vn -0.8240 -0.4487 0.3460
vn -0.7671 -0.6056 0.2117
vn -0.7385 -0.6733 -0.0344
vn -0.8447 0.5298 0.0759
vn -0.8156 -0.5777 0.0323
vn -0.3289 -0.9144 -0.2360
vn -0.4778 -0.8114 0.3366
vn -0.0865 -0.9591 0.2695
vn 0.0688 -0.8298 0.5538
vn 0.4498 -0.7806 0.4341
vn 0.0734 -0.5173 0.8526
vn 0.2197 -0.3189 0.9220
vn 0.6859 -0.4987 0.5300
vn -0.8924 -0.3296 0.3083
vn -0.7083 -0.5511 0.4412
vn -0.1663 0.1307 0.9774
vn -0.3561 0.0978 0.9293
vn -0.4439 0.1668 0.8804
vn -0.5296 0.3024 0.7925
vn -0.6164 0.2148 0.7576
vn 0.2618 -0.0847 0.9614
vn 0.7431 -0.0075 0.6692
vn 0.4624 0.5048 0.7289
vn -0.5626 0.5301 0.6344
vn -0.8218 0.1193 0.5571
vn -0.7246 -0.0195 0.6889
vn -0.5357 0.1674 0.8276
vn -0.1332 0.7297 0.6706
vn -0.2699 0.1412 0.9525
vn 0.1723 0.7156 0.6769
vn 0.0062 0.0957 0.9954
vn 0.1645 0.0751 0.9835
vn -0.7104 -0.1096 0.6953
vn -0.8054 0.4151 0.4231
vn -0.6281 0.6028 0.4921
vn -0.4814 0.6795 0.5536
vn -0.2162 0.7124 0.6677
vn -0.5383 -0.6322 0.5573
vn -0.2569 -0.8878 0.3820
vn -0.1871 -0.8951 0.4046
vn 0.0043 -0.8012 0.5984
vn 0.2718 -0.5726 0.7735
vn -0.0227 -0.9888 -0.1475
vn -0.2776 -0.9492 -0.1480
vn -0.9031 -0.4094 0.1300
vn 0.4866 0.6144 0.6211
vn 0.1578 0.0449 0.9864
vn -0.7700 -0.3643 0.5239
vn -0.8744 -0.1840 0.4490
vn -0.7807 -0.2541 0.5710
vn 0.3769 -0.4234 0.8238
vn 0.9976 -0.0531 0.0433
vn 0.8995 -0.4370 -0.0066
vn 0.4466 -0.8904 -0.0878
vn 0.3467 -0.1779 0.9209
vn 0.9585 0.2073 0.1955
vn -0.0593 -0.7191 0.6924
vn -0.0576 -0.5930 0.8031
vn -0.1411 -0.6047 0.7839
vn 0.0258 -0.6124 0.7901
vn 0.0865 -0.6577 0.7483
vn 0.1085 -0.7167 0.6889
vn 0.0857 -0.7736 0.6278
vn 0.0243 -0.8132 0.5814
vn -0.0593 -0.8249 0.5622
vn -0.1426 -0.8055 0.5752
vn -0.2034 -0.7602 0.6170
vn -0.2253 -0.7012 0.6764
vn -0.2025 -0.6443 0.7375
vn 0.1446 -0.9064 0.3970
vn 0.2099 0.1189 0.9705
vn -0.0717 0.0993 0.9925
vn 0.0729 -0.9072 0.4143
vn 0.4855 0.1200 0.8660
vn -0.1230 -0.7953 0.5936
vn 0.6661 -0.0839 0.7412
vn 0.2671 0.7411 0.6160
vn 0.1050 0.1201 0.9872
vn -0.2242 0.7248 0.6514
vn -0.8786 0.4054 0.2523
vn -0.3126 0.0132 0.9498
vn -0.4684 -0.1549 0.8698
vn -0.9983 0.0574 0.0074
vn -0.4588 -0.3541 0.8149
vn -0.9329 -0.3521 -0.0753
vn -0.3806 -0.5422 0.7491
vn -0.5191 -0.8457 -0.1240
vn -0.0577 -0.9872 -0.1488
vn 0.1990 -0.9713 -0.1301
vn 0.8492 -0.4906 0.1956
vn 0.4344 -0.6773 0.5938
vn -0.2299 0.0934 0.9687
vn 0.7090 -0.3231 0.6268
vn 0.6826 -0.4261 0.5937
vn 0.6072 -0.6083 0.5111
vn 0.3695 -0.8431 0.3907
vn 0.3699 0.2097 0.9051
vn 0.4810 0.6603 0.5768
vn 0.4414 0.3148 0.8403
vn 0.6425 0.5439 0.5397
vn 0.5117 0.3279 0.7941
vn 0.8064 0.3404 0.4835
vn 0.5753 0.1596 0.8022
vn 0.6433 -0.1723 0.7460
vn -0.3396 -0.0568 0.9389
vn -0.7886 0.0635 0.6116
vn -0.4671 0.5479 0.6940
vn -0.1556 0.7308 0.6646
vn 0.1495 0.7166 0.6813
vn 0.5601 0.4779 0.6766
vn 0.7853 0.0448 0.6175
vn 0.8175 -0.2624 0.5126
vn 0.8199 -0.4016 0.4079
vn 0.7440 -0.6543 0.1355
vn 0.2704 -0.9493 -0.1602
vn 0.0953 -0.9069 0.4103
vn -0.0575 -0.7062 0.7057
vn -0.1579 -0.4174 0.8949
vn -0.3052 -0.2785 0.9106
vn -0.7537 -0.4119 0.5121
vn -0.5608 -0.7124 0.4218
vn -0.4060 -0.9129 0.0429
vn -0.1900 -0.9525 -0.2381
vn 0.0280 -0.1902 -0.9813
vn 0.0033 0.5925 -0.8056
vn 0.1060 0.5777 -0.8093
vn -0.1655 -0.9724 -0.1646
vn 0.0100 -0.9883 0.1524
vn -0.8537 -0.4770 0.2090
vn 0.6190 -0.7854 -0.0028
vn 0.6996 0.6434 -0.3108
vn 0.6189 -0.7854 -0.0028
vn -0.6759 -0.6633 0.3212
vn -0.6760 -0.6632 0.3212
vn -0.7348 0.6747 0.0702
vn -0.7347 0.6748 0.0701
vn 0.5073 -0.8564 0.0962
vn 0.1435 0.1793 -0.9733
vn 0.7904 0.5878 -0.1727
vn 0.0735 -0.6781 -0.7313
vn -0.7075 -0.5278 0.4700
vn -0.7092 -0.4385 -0.5521
vn -0.5329 0.8256 0.1854
vn -0.6182 0.4195 -0.6647
vn 0.7325 0.5060 0.4555
vn -0.2510 0.7317 0.6337
vn -0.3401 -0.3190 0.8846
vn 0.5569 -0.6029 0.5713
vn -0.8523 -0.0741 -0.5177
vn -0.8817 -0.3777 0.2827
vn -0.9193 0.0537 0.3899
vn -0.7395 0.4519 -0.4989
vn -0.4814 0.5069 -0.7150
vn -0.5877 0.7469 -0.3112
vn -0.3800 0.6522 -0.6559
vn -0.7730 0.4972 -0.3941
vn -0.7658 0.4797 -0.4284
vn -0.8892 0.1882 0.4169
vn -0.7130 -0.6874 0.1383
vn -0.6920 -0.4713 -0.5468
vn 0.3124 0.3684 0.8756
vn -0.8998 0.3024 0.3146
vn -0.6203 0.0145 0.7842
vn -0.6592 0.4773 0.5810
vn -0.2736 0.9484 -0.1603
vn -0.3090 0.6764 0.6686
vn 0.0596 0.9913 -0.1173
vn 0.0044 0.6751 0.7377
vn 0.1602 0.9390 0.3044
vn 0.1236 0.8658 0.4848
vn 0.4668 0.7073 0.5310
vn 0.2729 0.8630 0.4252
vn 0.4944 0.8692 -0.0087
vn 0.3062 0.9216 0.2383
vn -0.4478 0.1271 0.8850
vn -0.5561 0.0181 0.8309
vn -0.2490 0.3080 0.9182
vn 0.6591 0.4428 0.6079
vn 0.6515 0.6987 -0.2955
vn -0.1878 0.8023 -0.5666
vn -0.1558 -0.3711 -0.9154
vn -0.1194 -0.8329 -0.5404
vn -0.7033 -0.3980 -0.5890
vn -0.5586 -0.1758 -0.8106
vn -0.6646 0.7128 -0.2242
vn -0.5708 0.5942 -0.5666
vn -0.1091 0.9914 -0.0729
vn -0.1518 0.7517 -0.6417
vn -0.8373 -0.5438 0.0558
vn -0.7169 -0.6684 0.1982
vn -0.7397 -0.6725 0.0267
vn -0.8661 -0.4666 0.1793
vn -0.9581 0.1890 0.2151
vn -0.9897 0.1296 0.0615
vn -0.9582 0.0892 0.2720
vn -0.8594 -0.4953 0.1272
vn -0.9562 0.0793 0.2817
vn -0.9303 -0.3584 0.0778
vn -0.8033 -0.5955 0.0075
vn -0.6626 -0.7305 -0.1656
vn -0.8037 -0.5857 -0.1052
vn -0.6817 -0.7012 -0.2086
vn -0.7295 -0.6839 -0.0145
vn -0.6743 -0.7323 -0.0947
vn -0.7988 -0.6005 0.0369
vn -0.1179 -0.2638 0.9574
vn -0.1486 0.0541 0.9874
vn -0.1485 -0.2366 0.9602
vn -0.0427 -0.0206 0.9989
vn 0.0620 -0.2837 0.9569
vn 0.4525 -0.1218 0.8834
vn 0.1261 0.4586 0.8796
vn -0.1121 0.5532 0.8255
vn -0.4316 0.3993 0.8089
vn -0.2781 -0.0433 0.9596
vn -0.1839 -0.2620 0.9474
vn -0.1293 -0.3762 0.9175
vn -0.0866 -0.3350 0.9382
vn -0.0742 -0.3989 0.9140
vn 0.1007 -0.5155 0.8510
vn -0.1266 -0.4847 0.8655
vn 0.0577 -0.6004 0.7976
vn -0.0608 -0.4932 0.8678
vn 0.0146 -0.6244 0.7810
vn -0.0516 -0.4338 0.8995
vn -0.0922 -0.6294 0.7716
vn -0.1832 -0.4079 0.8944
vn -0.2772 -0.5491 0.7885
vn -0.2132 -0.3628 0.9071
vn -0.3815 -0.3956 0.8354
vn -0.2201 -0.3388 0.9148
vn -0.2139 -0.3114 0.9259
vn -0.3830 -0.2120 0.8991
vn -0.7079 0.0381 0.7053
vn -0.8522 0.2103 0.4791
vn -0.4816 0.6448 0.5935
vn -0.0742 0.7851 0.6148
vn 0.2212 0.7019 0.6771
vn 0.7310 0.0339 0.6815
vn 0.4831 -0.6773 0.5549
vn -0.7636 -0.1970 0.6149
vn -0.4044 -0.3089 0.8608
vn -0.7188 -0.4176 0.5558
vn -0.4554 -0.7744 0.4392
vn -0.0352 -0.9361 0.3499
vn 0.2501 -0.8977 0.3627
vn 0.3846 -0.8205 0.4231
vn 0.6804 -0.6849 0.2608
vn 0.5262 -0.8427 0.1142
vn 0.3582 -0.9322 0.0513
vn 0.0138 -0.9994 0.0322
vn -0.5301 -0.8374 0.1329
vn -0.8763 -0.3849 0.2898
vn -0.9238 -0.0955 0.3708
vn 0.9608 0.2598 0.0969
vn 0.9700 0.2396 0.0408
vn 0.9752 0.2212 -0.0000
vn 0.1595 0.5086 -0.8461
vn 0.1897 0.4905 -0.8505
vn 0.6413 0.4021 -0.6535
vn 0.3477 0.0369 -0.9369
vn -0.5991 0.6098 -0.5189
vn -0.7159 -0.0935 -0.6920
vn -0.0918 -0.6229 -0.7769
vn 0.1243 0.3878 -0.9133
vn -0.0314 -0.4009 0.9156
vn -0.2111 -0.5011 0.8393
vn -0.1976 -0.5876 0.7846
vn -0.0150 -0.3383 0.9409
vn -0.1582 -0.2836 0.9458
vn 0.1271 -0.5909 0.7967
vn 0.2540 -0.8573 0.4477
vn 0.5992 -0.5556 0.5764
vn -0.0436 -0.6591 0.7508
vn -0.1422 -0.9318 0.3339
vn -0.1465 -0.6382 0.7558
vn -0.3596 -0.8697 0.3380
vn -0.0296 -0.4283 0.9032
vn 0.0405 -0.3585 0.9326
vn 0.0211 -0.2702 0.9626
vn -0.0284 -0.0442 0.9986
vn 0.0539 -0.2459 0.9678
vn 0.0836 0.0312 0.9960
vn 0.0876 -0.2745 0.9576
vn 0.2005 -0.0654 0.9775
vn 0.1144 -0.3267 0.9382
vn 0.2935 -0.2434 0.9245
vn 0.1185 -0.3595 0.9256
vn 0.3070 -0.3587 0.8815
vn 0.1071 -0.3866 0.9160
vn 0.2679 -0.4565 0.8484
vn 0.0661 -0.4252 0.9027
vn 0.0153 -0.4486 0.8936
vn -0.0158 -0.4442 0.8958
vn -0.4893 -0.7800 0.3902
vn -0.5836 -0.6279 0.5149
vn -0.5508 -0.0731 0.8314
vn -0.1583 0.5079 0.8467
vn 0.1133 0.5654 0.8170
vn 0.4049 0.3605 0.8403
vn 0.6537 -0.0250 0.7563
vn 0.6901 -0.3063 0.6557
vn 0.1102 0.8243 0.5553
vn -0.2245 0.8049 0.5492
vn 0.4934 0.5996 0.6301
vn 0.8298 0.1324 0.5422
vn 0.8769 -0.2333 0.4202
vn 0.7656 -0.5615 0.3140
vn 0.3174 -0.9375 0.1426
vn -0.1855 -0.9825 0.0192
vn -0.4456 -0.8950 0.0212
vn -0.6089 -0.7900 0.0717
vn -0.7583 -0.6183 0.2069
vn -0.8117 0.1415 0.5667
vn 0.4994 0.8478 -0.1785
vn 0.1133 0.9067 0.4062
vn 0.6216 0.4222 0.6598
vn -0.3438 0.5155 0.7849
vn -0.3568 0.9333 -0.0410
vn -0.6100 0.7022 -0.3670
vn 0.6383 0.5433 -0.5453
vn 0.8054 -0.1909 0.5611
vn -0.6172 -0.0169 0.7866
vn 0.1904 -0.6426 0.7421
vn -0.0544 -0.4531 0.8898
vn -0.0546 -0.4623 0.8850
vn -0.0595 -0.7773 0.6263
vn -0.3067 -0.6192 0.7228
vn -0.3518 -0.4293 0.8318
vn 0.2748 -0.6833 0.6764
vn -0.6825 -0.6454 0.3431
vn -0.3901 -0.8411 0.3748
vn -0.1086 -0.7995 0.5908
vn -0.0593 -0.8157 0.5755
vn -0.0101 -0.8041 0.5944
vn 0.2823 -0.8716 0.4007
vn -0.5729 -0.7649 0.2945
vn -0.3038 -0.7492 0.5886
vn -0.0971 -0.6928 0.7145
vn -0.0592 -0.7098 0.7019
vn -0.0209 -0.6963 0.7174
vn 0.1887 -0.7719 0.6071
vn 0.4769 -0.8129 0.3344
vn 0.6141 -0.7639 0.1985
vn 0.7042 -0.6963 0.1386
vn 0.7790 -0.6181 0.1053
vn 0.8044 -0.5828 0.1155
vn 0.8656 -0.4958 0.0701
vn 0.9299 -0.3544 0.0986
vn 0.5789 -0.7220 0.3789
vn 0.7929 -0.5741 0.2040
vn 0.9128 -0.3915 0.1165
vn 0.8767 -0.2997 -0.3764
vn 0.8529 -0.3458 -0.3911
vn 0.9314 -0.1413 -0.3354
vn 0.8193 -0.5180 -0.2459
vn 0.7371 -0.5540 0.3869
vn 0.6783 -0.7347 0.0121
vn 0.8535 -0.5024 0.1384
vn 0.7546 -0.5418 0.3702
vn 0.7239 -0.4429 0.5290
vn 0.2439 -0.4543 0.8568
vn 0.7665 -0.6113 0.1969
vn 0.7653 -0.3210 0.5579
vn 0.5740 -0.3696 0.7307
vn 0.2435 -0.4353 0.8667
vn -0.3162 -0.7375 0.5968
vn 0.9932 -0.1127 -0.0287
vn 0.9696 -0.1318 -0.2063
vn 0.9055 0.0471 -0.4218
vn 0.9384 0.1398 -0.3160
vn 0.7973 0.3982 0.4536
vn 0.7974 0.5725 0.1906
vn 0.5421 0.6681 0.5097
vn 0.2501 -0.0445 -0.9672
vn 0.1717 0.4793 -0.8607
vn 0.2993 0.6090 -0.7345
vn 0.0940 0.8699 -0.4841
vn -0.0827 0.9946 -0.0635
vn 0.5511 0.6049 0.5747
vn 0.5369 0.5959 0.5972
vn 0.8125 0.3512 0.4653
vn 0.9985 -0.0505 0.0195
vn -0.6177 0.5910 -0.5188
vn -0.5489 0.6878 0.4750
vn -0.3764 0.6095 0.6978
vn 0.5517 0.5197 0.6524
vn 0.9106 0.2337 0.3408
vn 0.9558 -0.2796 0.0913
vn 0.9170 -0.3022 -0.2602
vn 0.9573 -0.2474 -0.1495
vn 0.9383 -0.3234 -0.1227
vn 0.2974 -0.6515 -0.6979
vn 0.2919 -0.7753 -0.5600
vn -0.4111 0.3572 0.8387
vn 0.6382 0.3633 0.6788
vn -0.2290 -0.1008 0.9682
vn 0.0430 0.6697 0.7414
vn -0.6011 0.5501 0.5797
vn -0.0385 0.6867 0.7259
vn -0.9335 0.2754 0.2296
vn -0.9352 0.2622 0.2382
vn -0.8998 0.4362 0.0070
vn 0.8559 0.0224 0.5166
vn -0.0857 -0.6282 0.7733
vn 0.0771 -0.9908 0.1115
vn -0.6769 -0.6183 0.3994
vn -0.5366 -0.7586 -0.3696
vn 0.2268 -0.8410 -0.4912
vn -0.5395 -0.6842 -0.4906
vn -0.5438 -0.4612 -0.7011
vn -0.5894 -0.0009 -0.8078
vn -0.5746 0.4488 -0.6844
vn -0.5117 0.6206 -0.5942
vn -0.4342 0.6144 -0.6588
vn -0.6645 0.6814 0.3068
vn -0.7488 0.6327 -0.1976
vn -0.7520 -0.0017 0.6592
vn 0.1685 0.9714 0.1673
vn 0.0418 0.7271 0.6852
vn 0.0507 0.2740 0.9604
vn -0.3718 0.0500 0.9270
vn 0.2068 0.0222 0.9781
vn 0.1183 0.6262 0.7706
vn 0.2029 0.2733 0.9403
vn 0.1808 0.9661 0.1842
vn -0.3007 0.3390 0.8914
vn -0.6153 -0.0590 0.7861
vn -0.3195 0.9188 0.2316
vn -0.6251 0.7616 -0.1708
vn 0.1134 0.8214 0.5589
vn 0.1056 0.4709 0.8758
vn 0.2443 0.1149 0.9629
vn 0.1827 0.9615 0.2055
vn -0.3377 0.1826 0.9234
vn -0.5888 -0.0815 0.8041
vn -0.4098 0.8726 0.2658
vn -0.6739 0.7258 -0.1380
vn 0.0852 0.7857 0.6128
vn 0.3221 0.7753 0.5433
vn 0.0686 0.5699 0.8188
vn 0.8162 0.5732 -0.0723
vn -0.2539 0.8536 0.4548
vn -0.6950 0.6619 0.2807
vn 0.5911 0.7759 0.2206
vn 0.3921 0.8687 -0.3027
vn 0.1405 0.7309 -0.6678
vn 0.3636 -0.6376 0.6792
vn 0.3283 0.4149 0.8486
vn 0.0890 -0.9114 -0.4018
vn -0.4718 -0.7235 0.5039
vn 0.2536 -0.6069 0.7532
vn -0.0921 -0.8334 0.5449
vn -0.7436 -0.3630 0.5616
vn -0.2706 -0.4354 0.8586
vn 0.0783 -0.4672 0.8807
vn 0.3323 -0.6347 0.6976
vn 0.3522 -0.4928 0.7957
vn 0.8432 -0.1614 0.5128
vn 0.7796 -0.3820 0.4964
vn 0.2281 -0.5827 0.7800
vn 0.8397 -0.3074 0.4477
vn 0.8997 -0.2123 0.3814
vn 0.8823 -0.2851 0.3745
vn -0.7695 0.1101 0.6290
vn -0.7633 0.2403 0.5997
vn -0.9410 0.2936 -0.1685
vn -0.9296 0.0174 0.3682
vn -0.8283 -0.3726 0.4184
vn -0.9443 -0.2719 0.1853
vn -0.9681 -0.0967 -0.2313
vn -0.9775 -0.0292 -0.2088
vn -0.8166 0.2680 -0.5111
vn -0.9554 0.0240 -0.2942
vn -0.6606 0.1169 -0.7416
vn -0.2416 0.4140 -0.8776
vn -0.2680 0.1282 -0.9548
vn 0.5178 0.0434 -0.8544
vn 0.6853 0.1081 -0.7202
vn 0.8047 0.5854 0.0990
vn 0.3157 0.3141 -0.8954
vn 0.9941 -0.0915 -0.0576
vn 0.0101 0.3437 -0.9390
vn -0.3608 0.4926 -0.7919
vn -0.0752 0.2134 -0.9741
vn 0.5437 0.1142 -0.8314
vn 0.2493 0.5102 -0.8232
vn 0.9930 -0.0626 0.1005
vn 0.2518 0.8684 -0.4272
vn 0.9455 0.3241 -0.0311
vn 0.8159 0.4889 -0.3088
vn 0.9899 0.1088 0.0905
vn -0.1021 0.2558 -0.9613
vn -0.4328 0.1993 -0.8792
vn 0.9922 0.1244 -0.0051
vn 0.5152 -0.0686 -0.8543
vn -0.3237 0.6834 -0.6543
vn -0.7047 0.3550 -0.6144
vn -0.4800 0.2383 -0.8443
vn 0.8748 -0.3377 -0.3475
vn 0.9031 -0.3977 0.1619
vn 0.7386 -0.6725 -0.0467
vn 0.7601 -0.6477 -0.0524
vn 0.5957 -0.5507 -0.5847
vn 0.6115 -0.7779 -0.1448
vn 0.1335 -0.3910 -0.9107
vn 0.0403 0.1254 -0.9913
vn -0.3805 0.5085 -0.7725
vn -0.8558 0.3952 -0.3338
vn -0.8446 0.2176 -0.4891
vn -0.9788 -0.1765 0.1040
vn -0.7990 -0.5638 -0.2091
vn -0.4776 -0.8328 0.2801
vn 0.1074 -0.9328 0.3440
vn -0.5356 -0.5887 0.6055
vn 0.2863 -0.5805 0.7623
vn -0.2796 -0.6385 0.7170
vn -0.9699 -0.2302 0.0794
vn -0.6343 -0.0726 -0.7697
vn -0.9497 -0.2451 0.1947
vn -0.9694 0.0464 -0.2412
vn -0.7680 -0.5067 -0.3916
vn -0.3430 -0.9353 0.0867
vn 0.4035 -0.9139 0.0448
vn 0.3753 -0.9261 0.0393
vn -0.1323 -0.9750 -0.1785
vn -0.3509 -0.8333 -0.4272
vn -0.1716 -0.4779 -0.8615
vn 0.1835 -0.2723 -0.9446
vn 0.2749 -0.4321 0.8589
vn 0.5831 -0.2760 0.7641
vn 0.3446 -0.9264 0.1517
vn 0.6576 -0.7428 0.1253
vn 0.6734 -0.6435 0.3640
vn 0.6057 -0.2796 0.7449
vn 0.7068 -0.4538 0.5427
vn 0.1420 0.1699 0.9752
vn 0.6580 -0.2845 0.6972
vn 0.7371 -0.3914 0.5509
vn 0.8302 -0.3496 0.4343
vn 0.1629 0.3465 0.9238
vn 0.6643 -0.3450 0.6630
vn 0.3803 0.2012 0.9027
vn 0.1568 0.2314 0.9601
vn 0.2492 0.0424 0.9675
vn 0.3811 -0.2372 0.8936
vn 0.3885 -0.2851 0.8763
vn 0.7462 -0.3511 0.5656
vn 0.6223 -0.4493 0.6410
vn 0.5520 -0.5141 0.6565
vn 0.8321 -0.1118 0.5432
vn 0.7010 -0.0166 0.7130
vn 0.6988 0.1455 0.7004
vn 0.7324 -0.5115 0.4494
vn 0.7053 -0.3147 0.6353
vn 0.5966 -0.3858 0.7037
vn 0.5702 -0.2248 0.7901
vn 0.5928 0.4062 0.6954
vn -0.5921 0.0714 0.8027
vn 0.6750 0.0384 0.7368
vn 0.7619 -0.1808 0.6220
vn 0.9464 -0.0733 0.3145
vn 0.9468 0.0839 0.3106
vn 0.9834 -0.1351 0.1214
vn 0.7114 -0.5958 0.3727
vn 0.4902 0.8682 -0.0771
vn 0.6816 -0.7311 0.0282
vn 0.2713 -0.0781 -0.9593
vn 0.0123 -0.5609 -0.8278
vn -0.5144 -0.8346 -0.1970
vn 0.0492 0.0038 0.9988
vn -0.4121 0.0426 0.9101
vn 0.2029 0.9317 0.3012
vn 0.4459 0.0286 0.8946
vn 0.8045 0.0977 0.5858
vn 0.2377 -0.9644 0.1159
vn 0.2465 -0.9521 0.1812
vn -0.1465 -0.9874 0.0602
vn 0.3375 -0.4622 0.8201
vn 0.7330 -0.3010 0.6099
vn 0.6171 0.1460 0.7732
vn 0.6781 -0.6022 0.4213
vn 0.9810 -0.0317 0.1912
vn 0.9363 0.2463 0.2502
vn 0.9828 -0.1735 -0.0627
vn -0.2764 0.9150 -0.2940
vn 0.1722 -0.1578 -0.9723
vn 0.1415 -0.5588 -0.8171
vn 0.1173 -0.9439 0.3088
vn -0.2821 -0.9573 -0.0628
vn 0.5254 -0.6948 0.4912
vn 0.4788 -0.8571 0.1899
vn 0.7606 -0.6438 0.0842
vn 0.3713 0.7861 -0.4942
vn 0.2162 0.6524 0.7264
vn 0.0277 -0.0550 0.9981
vn 0.4182 -0.2883 0.8614
vn 0.7823 0.3971 0.4798
vn 0.5980 0.7353 -0.3191
vn 0.4312 0.1809 0.8839
vn 0.8591 0.1546 0.4879
vn -0.7012 0.7012 -0.1290
vn -0.6076 0.7744 0.1764
vn 0.8048 -0.1446 -0.5757
vn -0.2444 0.3672 0.8974
vn 0.3626 0.0954 0.9270
vn -0.0873 -0.9887 0.1221
vn 0.7137 -0.6904 0.1180
vn 0.1888 -0.4290 -0.8834
vn -0.4358 -0.3727 -0.8193
vn -0.7992 -0.5964 0.0753
vn 0.8702 -0.2209 0.4405
vn 0.6973 0.3655 0.6166
vn -0.2560 0.7513 -0.6083
vn 0.9678 -0.2499 0.0291
vn 0.9642 0.0062 0.2650
vn 0.3123 -0.8373 -0.4488
vn 0.9081 0.2197 0.3564
vn 0.4140 0.7849 0.4610
vn 0.4599 0.7226 0.5161
vn 0.7064 -0.5823 0.4024
vn 0.9389 -0.3414 0.0435
vn 0.9616 -0.2660 0.0670
vn 0.9060 -0.4090 0.1091
vn 0.7642 -0.3667 0.5306
vn 0.7974 -0.5322 0.2845
vn 0.9728 -0.2234 -0.0613
vn 0.9814 -0.1486 0.1216
vn 0.7600 -0.0438 0.6485
vn 0.9865 0.0636 0.1510
vn -0.4897 0.7264 0.4822
vn 0.0210 0.9381 0.3457
vn -0.3996 0.8952 0.1972
vn -0.0386 0.8158 0.5770
vn 0.5293 -0.4222 -0.7360
vn 0.2698 0.6682 0.6933
vn -0.7947 0.3647 0.4852
vn -0.6557 0.1563 0.7386
vn 0.0448 -0.9483 -0.3141
vn 0.6383 -0.7688 -0.0391
vn 0.7668 -0.6387 0.0634
vn 0.5493 -0.8190 -0.1660
vn 0.5144 -0.8348 -0.1962
vn 0.2972 -0.8541 -0.4269
vn 0.0594 -0.7876 -0.6134
vn 0.0943 -0.8093 -0.5798
vn 0.0934 -0.8005 -0.5920
vn 0.2375 -0.8484 -0.4731
vn 0.2496 -0.7661 -0.5923
vn 0.4559 -0.7507 -0.4781
vn 0.4934 -0.4638 -0.7358
vn 0.7714 -0.4329 -0.4664
vn 0.8902 0.0132 0.4553
vn 0.4420 0.8373 0.3217
vn 0.8389 -0.0245 0.5437
vn 0.7149 0.2615 0.6485
vn 0.7144 -0.1807 0.6760
vn 0.5582 0.0718 0.8266
vn 0.2967 -0.4879 0.8209
vn 0.0520 -0.1234 0.9910
vn -0.2413 0.9697 0.0389
vn 0.0546 0.8027 0.5938
vn -0.1312 0.6385 0.7584
vn -0.3758 0.5036 0.7779
vn -0.5516 0.5501 0.6270
vn -0.4600 -0.1633 0.8728
vn -0.3990 -0.0624 0.9148
vn -0.2329 -0.6572 0.7168
vn -0.3318 -0.6663 0.6678
vn -0.2988 -0.1610 0.9406
vn -0.6729 -0.6222 0.4002
vn -0.7092 -0.2739 0.6496
vn -0.4380 0.4537 0.7761
vn -0.6194 0.5592 0.5510
vn -0.2183 0.5876 0.7792
vn -0.9750 -0.1628 0.1511
vn -0.1299 -0.6399 0.7574
vn -0.4692 0.2618 0.8434
vn -0.5517 0.5190 0.6529
vn -0.0803 0.9390 0.3345
vn -0.7211 0.6552 0.2253
vn -0.1361 0.9799 0.1459
vn -0.6788 0.6399 0.3602
vn -0.2894 0.8189 0.4955
vn -0.0291 0.9491 0.3137
vn -0.9974 -0.0001 -0.0722
vn -0.9849 0.0520 -0.1653
vn -0.9128 0.4041 0.0588
vn -0.0035 0.4345 0.9006
vn -0.8751 0.4679 -0.1237
vn -0.9134 -0.4059 -0.0307
vn -0.9368 -0.2807 -0.2089
vn -0.9507 -0.1334 -0.2798
vn 0.1795 -0.0784 -0.9806
vn -0.3395 -0.8099 -0.4783
vn -0.4917 -0.6567 -0.5718
vn 0.3602 -0.5568 -0.7485
vn 0.2296 -0.9722 0.0462
vn -0.0119 -0.3857 -0.9225
vn -0.2663 -0.7084 -0.6537
vn 0.6104 -0.0360 0.7913
vn 0.5876 -0.7886 -0.1810
vn 0.7231 -0.6661 -0.1827
vn 0.9368 0.1572 -0.3124
vn 0.7802 0.5350 -0.3241
vn 0.4005 0.3353 -0.8528
vn 0.3282 0.4464 -0.8325
vn 0.3953 0.0939 0.9137
vn -0.2418 -0.0786 0.9671
vn -0.7808 -0.1910 0.5949
vn 0.9387 0.2858 0.1930
vn 0.4510 0.8552 -0.2553
vn 0.5842 0.6190 0.5249
vn 0.7565 -0.0405 0.6527
vn 0.6382 -0.3974 0.6594
vn -0.4654 -0.8620 0.2009
vn -0.2755 -0.9051 0.3238
vn -0.1227 -0.9272 0.3540
vn 0.1357 -0.8966 0.4217
vn -0.8033 0.0591 0.5926
vn 0.0213 0.5676 0.8230
vn -0.3872 0.8945 0.2236
vn -0.2871 -0.2081 0.9350
vn 0.3427 0.6312 0.6958
vn 0.2702 -0.1072 0.9568
vn 0.1929 -0.4913 0.8493
vn -0.5270 0.7303 0.4347
vn -0.6518 0.7054 0.2783
vn -0.6049 0.2153 0.7667
vn -0.7352 0.6772 0.0313
vn 0.0062 0.0646 0.9979
vn 0.3175 0.2757 0.9073
vn 0.2296 0.4884 0.8419
vn 0.2701 -0.2125 0.9391
vn 0.7046 0.5235 0.4790
vn -0.3434 0.9287 -0.1397
vn -0.2369 0.8341 0.4981
vn -0.8143 0.4007 0.4200
vn 0.6614 0.4627 0.5903
vn 0.5895 0.5308 0.6089
vn 0.0732 0.1401 0.9874
vn 0.0391 -0.3422 -0.9388
vn 0.6554 -0.6393 0.4021
vn 0.0765 0.7769 0.6249
vn 0.9711 -0.1526 0.1834
vn 0.8642 -0.1059 -0.4919
vn 0.6727 -0.4862 0.5577
vn -0.9225 0.2722 -0.2737
vn -0.9944 0.0309 -0.1010
vn -0.5833 0.0483 -0.8108
vn -0.3236 0.0429 -0.9452
vn -0.9536 -0.0708 0.2927
vn -0.7547 -0.6463 -0.1127
vn -0.8274 -0.1184 0.5490
vn -0.6034 -0.6024 0.5225
vn -0.1168 -0.4242 0.8980
vn 0.3801 -0.8436 0.3792
vn 0.2885 -0.9573 -0.0161
vn 0.4535 -0.8207 -0.3476
vn -0.6514 -0.7349 -0.1887
vn -0.5929 -0.6999 -0.3982
vn 0.9835 0.1429 0.1109
vn 0.7040 0.5111 -0.4931
vn 0.5815 0.1265 -0.8037
vn 0.9605 0.2385 0.1436
vn 0.4925 0.8603 0.1321
vn 0.5314 0.8411 -0.1007
vn 0.9650 0.2620 0.0088
vn 0.6808 0.6526 -0.3326
vn 0.9613 0.2080 -0.1807
vn 0.9891 0.0208 0.1454
vn 0.9189 -0.0017 0.3946
vn 0.8149 -0.1353 0.5636
vn 0.6588 -0.0042 0.7523
vn 0.8696 -0.1886 0.4564
vn 0.8216 -0.2908 0.4903
vn 0.9968 0.0791 0.0133
vn 0.8465 -0.2324 0.4789
vn 0.8654 -0.4130 0.2836
vn 0.2382 -0.6487 0.7228
vn -0.5532 -0.6112 0.5661
vn 0.2430 -0.5952 0.7659
vn -0.4711 -0.6774 0.5649
vn 0.0721 -0.0827 0.9940
vn 0.2848 -0.5739 0.7678
vn -0.4052 -0.6477 0.6452
vn -0.9329 -0.2681 0.2403
vn -0.5002 -0.1647 0.8501
vn -0.7162 0.1064 0.6897
vn -0.5041 -0.7273 0.4658
vn 0.2514 -0.7369 0.6275
vn 0.2995 -0.8782 0.3729
vn 0.4103 0.1302 0.9026
vn -0.0982 0.2469 0.9641
vn -0.5467 -0.0950 0.8319
vn -0.8882 0.0493 0.4568
vn -0.9783 -0.1633 0.1273
vn -0.9390 -0.3397 0.0533
vn -0.9066 -0.4219 0.0039
vn 0.0173 -0.1681 0.9856
vn -0.4237 0.2309 0.8759
vn -0.4221 -0.8818 0.2102
vn -0.8700 -0.4891 -0.0633
vn 0.9551 0.0106 0.2960
vn 0.9322 0.0089 0.3618
vn 0.8822 0.1250 0.4539
vn 0.7933 -0.1663 0.5856
vn 0.8203 -0.3069 0.4825
vn -0.3076 0.0105 0.9515
vn 0.3437 0.3485 0.8720
vn -0.0307 0.8629 0.5045
vn -0.1169 0.8779 0.4643
vn -0.6436 0.7262 0.2418
vn -0.9677 -0.0854 0.2373
vn 0.8658 -0.4062 -0.2923
vn 0.0534 -0.8596 0.5081
vn 0.3917 -0.9197 -0.0259
vn 0.9681 -0.1707 0.1836
vn 0.6939 -0.3896 0.6056
vn -0.8063 0.1715 -0.5661
vn -0.8334 -0.4559 -0.3124
vn -0.1036 -0.0237 -0.9943
vn -0.2213 0.4546 -0.8628
vn 0.7582 -0.0321 -0.6513
vn 0.3115 0.9316 -0.1873
vn 0.6014 0.7969 -0.0570
vn 0.9587 -0.2832 -0.0275
vn 0.8253 0.4824 0.2935
vn 0.7768 -0.2176 0.5910
vn -0.1941 0.1751 -0.9652
vn 0.2866 -0.5807 -0.7620
vn -0.2378 -0.4898 -0.8388
vn -0.8296 -0.1752 -0.5301
vn -0.7276 0.3196 -0.6070
vn -0.1551 0.8719 -0.4646
vn 0.4920 0.0778 -0.8671
vn 0.4148 -0.6170 -0.6688
vn 0.5909 -0.7898 -0.1647
vn 0.5205 -0.6310 0.5753
vn -0.8933 0.0983 -0.4385
vn -0.0541 0.2326 -0.9711
vn -0.8357 0.1967 -0.5128
vn -0.1024 0.2966 -0.9495
vn 0.8228 0.1030 0.5589
vn 0.4013 -0.2489 0.8815
vn 0.2326 0.0653 0.9704
vn -0.0584 0.3743 0.9255
vn -0.6753 -0.2524 0.6930
vn -0.1795 0.7387 0.6497
vn -0.8860 0.0282 0.4628
vn -0.3232 0.8995 0.2940
vn -0.9193 0.3744 -0.1213
vn -0.8649 0.4432 -0.2356
vn -0.9581 0.0255 -0.2854
vn -0.9782 0.0032 -0.2076
vn -0.9090 -0.1444 -0.3911
vn 0.0594 -0.4186 -0.9062
vn 0.6711 0.1278 -0.7303
vn 0.7207 0.2188 -0.6578
vn -0.1678 0.9736 0.1546
vn -0.1598 0.9103 -0.3818
vn 0.5660 0.6589 0.4955
vn 0.3934 0.8050 0.4440
vn 0.4631 0.7439 0.4819
vn 0.5576 0.7726 0.3035
vn 0.6482 0.7458 -0.1536
vn 0.6679 0.4721 -0.5753
vn -0.9600 -0.2189 0.1743
vn -0.8910 -0.3019 0.3391
vn -0.8823 -0.2764 0.3810
vn -0.6661 -0.3583 0.6542
vn -0.6799 -0.3340 0.6528
vn 0.2236 -0.4793 0.8487
vn 0.2507 -0.6555 0.7123
vn 0.6503 -0.7446 0.1506
vn -0.0025 -0.9599 0.2804
vn 0.7189 -0.6050 -0.3423
vn 0.1122 -0.9354 -0.3353
vn -0.8898 -0.4545 0.0396
vn -0.7384 -0.5067 0.4450
vn -0.6737 -0.4347 0.5976
vn -0.0287 -0.2555 0.9664
vn -0.0288 -0.2555 0.9664
vn -0.0594 -0.3812 0.9226
vn -0.1197 -0.3411 0.9324
vn -0.0696 -0.4594 0.8855
vn -0.0932 -0.4398 0.8932
vn -0.1883 -0.4689 0.8629
vn 0.1570 -0.4234 0.8922
vn -0.2016 -0.4877 0.8494
vn 0.4642 -0.3936 0.7935
vn -0.1225 -0.4703 0.8739
vn 0.2408 -0.7408 0.6271
vn -0.0919 -0.4352 0.8956
vn -0.0696 -0.3978 0.9148
vn -0.0693 -0.3976 0.9149
vn -0.0520 -0.3998 0.9151
vn -0.0622 -0.3752 0.9248
vn -0.4215 -0.4131 0.8073
vn -0.1434 -0.3372 0.9304
vn 0.1807 0.0228 -0.9833
vn 0.4101 -0.8729 0.2641
vn 0.4881 -0.8727 -0.0126
vn 0.4290 -0.9025 -0.0376
vn 0.6357 -0.7551 -0.1603
vn -0.9552 -0.2924 0.0451
vn -0.9295 -0.2698 0.2516
vn -0.5044 -0.5958 0.6249
vn -0.9527 0.1420 -0.2688
vn 0.2269 -0.7720 0.5938
vn -0.2578 -0.5796 0.7730
vn 0.5500 -0.7835 0.2891
vn 0.2138 0.1249 0.9689
vn 0.5192 0.3840 0.7635
vn -0.2649 -0.1990 0.9435
vn 0.2693 -0.8385 0.4738
vn -0.2336 -0.7070 0.6675
vn -0.3513 -0.8835 0.3100
vn 0.5258 -0.8069 0.2692
vn 0.2818 0.0211 0.9593
vn 0.5699 0.3400 0.7481
vn -0.3605 0.1300 0.9236
vn -0.2425 -0.3142 0.9179
vn -0.2497 -0.7205 0.6469
vn -0.1683 -0.8150 0.5545
vn -0.3358 -0.8530 0.3995
vn 0.1239 -0.5404 0.8322
vn 0.5428 -0.0828 0.8358
vn 0.6475 0.3859 0.6571
vn -0.3496 0.1764 0.9201
vn -0.2016 -0.3972 0.8953
vn -0.1332 0.4397 -0.8882
vn -0.9186 0.1867 -0.3484
vn -0.8685 0.0300 -0.4947
vn 0.2546 0.5411 0.8015
vn -0.3273 0.8403 0.4321
vn -0.7075 0.6495 0.2785
vn 0.3168 0.7583 0.5697
vn 0.6141 0.7303 0.2991
vn 0.7819 0.6179 -0.0833
vn 0.3145 0.8860 -0.3408
vn 0.1011 0.7104 -0.6965
vn -0.2065 -0.8888 0.4091
vn -0.2148 -0.8957 0.3892
vn -0.2429 -0.7146 0.6560
vn 0.9904 -0.1378 -0.0091
vn 0.9947 -0.0820 -0.0612
vn 0.9675 0.1795 -0.1783
vn 0.4857 0.4440 0.7530
vn 0.8046 0.0653 0.5903
vn 0.4594 0.3223 0.8277
vn 0.8437 0.1774 0.5067
vn 0.9291 -0.2698 0.2530
vn 0.9729 -0.1700 0.1567
vn 0.8650 0.2862 0.4121
vn 0.9962 -0.0665 0.0570
vn 0.5017 0.5568 0.6620
vn 0.0034 0.6728 0.7398
vn -0.0052 0.5583 0.8296
vn -0.4962 0.6031 0.6246
vn -0.4975 0.4896 0.7161
vn -0.8633 0.3663 0.3473
vn -0.8592 0.2563 0.4429
vn -0.9995 0.0259 -0.0178
vn -0.9934 -0.0790 0.0831
vn -0.8684 -0.3268 -0.3730
vn -0.8642 -0.4266 -0.2668
vn -0.5050 -0.5974 -0.6229
vn -0.6791 -0.6789 -0.2791
vn -0.0591 -0.8559 -0.5137
vn -0.1767 -0.9172 -0.3570
vn 0.8356 -0.5059 -0.2140
vn 0.3524 -0.8848 -0.3049
vn 0.7838 -0.6105 -0.1135
vn 0.5641 -0.6923 -0.4501
vn -0.0141 -0.9001 -0.4355
vn -0.6237 -0.7708 -0.1295
vn -0.8570 -0.5143 -0.0318
vn -0.9663 -0.1820 0.1820
vn -0.8369 0.1413 0.5287
vn -0.4883 0.3662 0.7921
vn -0.0138 0.4324 0.9016
vn 0.5350 -0.6616 -0.5253
vn 0.8599 -0.4069 -0.3082
vn -0.5835 -0.7840 -0.2118
vn -0.8140 -0.3107 0.4908
vn -0.5266 -0.7490 -0.4021
vn 0.5855 -0.8090 -0.0515
vn 0.6421 -0.7146 -0.2776
vn 0.8297 -0.1346 0.5417
vn -0.0020 -0.4651 0.8852
vn -0.6239 -0.6201 0.4756
vn -0.5002 0.5714 -0.6506
vn -0.7582 0.0430 -0.6506
vn -0.1434 0.1136 -0.9831
vn -0.5474 0.8364 -0.0287
vn -0.5179 0.8305 -0.2053
vn -0.4695 0.8042 -0.3646
vn -0.9706 0.2110 -0.1156
vn -0.9655 0.2185 -0.1413
vn -0.8999 0.1496 -0.4097
vn -0.9960 0.0117 -0.0890
vn -0.9623 -0.0509 -0.2671
vn -0.9432 0.1001 -0.3168
vn -0.9102 -0.3924 -0.1321
vn -0.8991 -0.3675 0.2376
vn -0.9687 -0.0993 -0.2273
vn -0.9883 -0.0288 -0.1496
vn -0.9880 0.1443 0.0548
vn 0.0642 0.7419 -0.6674
vn 0.1088 0.7677 -0.6315
vn 0.1136 0.7678 -0.6305
vn 0.0812 0.7437 -0.6636
vn 0.0593 0.7191 -0.6924
vn -0.0008 0.7890 -0.6144
vn 0.0496 0.7978 -0.6009
vn -0.3029 0.6735 -0.6743
vn 0.6034 0.7452 0.2839
vn 0.5074 0.7257 -0.4646
vn -0.4976 0.8327 -0.2427
vn -0.4756 0.1233 -0.8710
vn -0.9248 0.2605 -0.2773
vn -0.7246 -0.6801 -0.1117
vn -0.4456 -0.6090 -0.6561
vn 0.0464 -0.0321 0.9984
vn 0.1960 -0.4787 0.8558
vn -0.4601 -0.0857 0.8837
vn -0.5162 -0.5472 0.6589
vn -0.4297 -0.8697 0.2429
vn 0.3027 -0.8255 0.4764
vn 0.7841 0.5210 -0.3373
vn -0.3620 -0.8923 -0.2698
vn 0.1710 -0.5385 -0.8251
vn -0.1011 -0.9732 -0.2067
vn 0.4291 -0.6221 -0.6549
vn 0.7879 0.0834 -0.6102
vn 0.4419 0.6564 -0.6114
vn 0.4977 0.1992 -0.8442
vn -0.1363 -0.9773 0.1625
vn -0.1360 -0.9775 0.1615
vn -0.1453 -0.9857 0.0855
vn -0.1497 -0.9876 0.0471
vn -0.1710 -0.9598 -0.2225
vn -0.1773 -0.9121 -0.3696
vn 0.7851 -0.3306 0.5237
vn 0.6884 -0.6385 -0.3442
vn 0.9361 0.2288 -0.2671
vn -0.9074 0.4202 0.0033
vn -0.9543 0.2817 0.0995
vn -0.9608 0.2650 0.0812
vn 0.2289 -0.0286 -0.9730
vn 0.2239 0.2252 -0.9482
vn 0.2239 0.2259 -0.9481
vn 0.2266 -0.0281 -0.9736
vn 0.1947 -0.4639 -0.8642
vn 0.1968 -0.4285 -0.8819
vn 0.1722 -0.6035 -0.7785
vn 0.1718 -0.6025 -0.7794
vn 0.8295 -0.5494 -0.1005
vn -0.2966 -0.7593 -0.5792
vn -0.0866 -0.5705 -0.8167
vn 0.1611 0.6751 -0.7200
vn 0.0198 -0.9776 0.2096
vn 0.0530 -0.7006 0.7116
vn 0.2223 0.4867 0.8448
vn 0.5661 0.6239 0.5388
vn 0.8949 0.4447 0.0387
vn 0.5507 -0.7859 0.2814
vn 0.4985 -0.7845 0.3688
vn 0.5565 0.4139 0.7204
vt 0.781040 0.769709
vt 0.781153 0.769941
vt 0.765593 0.770314
vt 0.762966 0.771171
vt 0.763341 0.770817
vt 0.976796 0.655098
vt 0.973514 0.648689
vt 0.976439 0.649664
vt 0.972131 0.644450
vt 0.975847 0.645026
vt 0.971298 0.639374
vt 0.974352 0.639957
vt 0.972411 0.665317
vt 0.978105 0.666336
vt 0.985625 0.665181
vt 0.984203 0.654556
vt 0.980897 0.648804
vt 0.977780 0.644225
vt 0.976455 0.639248
vt 0.975548 0.635822
vt 0.973180 0.636281
vt 0.970510 0.636106
vt 0.970668 0.634007
vt 0.973346 0.633910
vt 0.972275 0.632454
vt 0.975033 0.633523
vt 0.970269 0.632138
vt 0.979418 0.672567
vt 0.972985 0.675484
vt 0.964982 0.671509
vt 0.966606 0.663491
vt 0.969752 0.654668
vt 0.969636 0.649034
vt 0.969017 0.644617
vt 0.968333 0.639291
vt 0.976946 0.681196
vt 0.970560 0.683976
vt 0.968376 0.677848
vt 0.964047 0.674840
vt 0.961359 0.666680
vt 0.961937 0.663742
vt 0.963548 0.656298
vt 0.967920 0.649132
vt 0.967059 0.644309
vt 0.966653 0.638952
vt 0.967782 0.635327
vt 0.958965 0.662234
vt 0.967484 0.631663
vt 0.966434 0.633309
vt 0.965763 0.634833
vt 0.965803 0.638423
vt 0.966428 0.643562
vt 0.966978 0.648772
vt 0.964292 0.649997
vt 0.961771 0.651659
vt 0.960768 0.653571
vt 0.959544 0.646070
vt 0.960459 0.646202
vt 0.958907 0.638765
vt 0.959902 0.639736
vt 0.965125 0.633216
vt 0.963568 0.645953
vt 0.962599 0.639634
vt 0.964325 0.639019
vt 0.965738 0.645152
vt 0.959822 0.637575
vt 0.962792 0.637601
vt 0.964557 0.636050
vt 0.964209 0.633990
vt 0.962549 0.635186
vt 0.962628 0.632204
vt 0.961190 0.632697
vt 0.960837 0.632211
vt 0.959665 0.635340
vt 0.958762 0.634432
vt 0.958732 0.636634
vt 0.716421 0.613117
vt 0.726256 0.729266
vt 0.737252 0.726147
vt 0.734912 0.611522
vt 0.716002 0.600803
vt 0.712735 0.589029
vt 0.682523 0.588112
vt 0.742056 0.609038
vt 0.744219 0.632796
vt 0.744505 0.659875
vt 0.744800 0.690015
vt 0.745076 0.720447
vt 0.745161 0.730294
vt 0.737724 0.738574
vt 0.711575 0.731309
vt 0.715963 0.735994
vt 0.684586 0.739505
vt 0.682821 0.745530
vt 0.654043 0.722606
vt 0.645503 0.728075
vt 0.642938 0.601837
vt 0.637838 0.592387
vt 0.685248 0.596054
vt 0.685280 0.608704
vt 0.710307 0.721519
vt 0.686624 0.724860
vt 0.897733 0.561469
vt 0.880219 0.591679
vt 0.879334 0.532682
vt 0.985019 0.531990
vt 0.966184 0.561827
vt 0.984570 0.593013
vt 0.864461 0.613406
vt 0.864456 0.513776
vt 0.999948 0.513725
vt 0.999866 0.613388
vt 0.492015 0.631254
vt 0.485398 0.642874
vt 0.494143 0.701188
vt 0.486566 0.659027
vt 0.484563 0.696281
vt 0.485163 0.702163
vt 0.489099 0.695726
vt 0.487861 0.677430
vt 0.482643 0.678105
vt 0.480652 0.660103
vt 0.425087 0.604587
vt 0.453232 0.619455
vt 0.454442 0.605397
vt 0.475796 0.629855
vt 0.478795 0.643929
vt 0.426981 0.618893
vt 0.492428 0.612977
vt 0.498900 0.630039
vt 0.499570 0.700256
vt 0.500506 0.731044
vt 0.479226 0.705204
vt 0.458038 0.731859
vt 0.458359 0.707056
vt 0.426844 0.736836
vt 0.423936 0.711872
vt 0.396227 0.700698
vt 0.498579 0.611948
vt 0.459236 0.741404
vt 0.503094 0.739534
vt 0.421372 0.744940
vt 0.491064 0.589990
vt 0.497458 0.589100
vt 0.453539 0.588694
vt 0.424480 0.591030
vt 0.380156 0.576833
vt 0.376888 0.610002
vt 0.392009 0.625255
vt 0.375708 0.632902
vt 0.375939 0.693177
vt 0.376368 0.726545
vt 0.380095 0.737101
vt 0.484780 0.482430
vt 0.479321 0.484348
vt 0.480335 0.498548
vt 0.488318 0.498240
vt 0.481623 0.533062
vt 0.486457 0.532312
vt 0.489065 0.554131
vt 0.486952 0.554038
vt 0.480373 0.562438
vt 0.458168 0.571743
vt 0.425133 0.578898
vt 0.391868 0.563764
vt 0.482436 0.553713
vt 0.378952 0.431399
vt 0.417528 0.386929
vt 0.382096 0.401775
vt 0.420952 0.416717
vt 0.451398 0.380949
vt 0.450955 0.398494
vt 0.455010 0.420250
vt 0.483082 0.431490
vt 0.476122 0.441237
vt 0.490931 0.433233
vt 0.484896 0.443598
vt 0.490450 0.445235
vt 0.489945 0.458689
vt 0.494767 0.458331
vt 0.495072 0.498503
vt 0.495134 0.553825
vt 0.459355 0.435365
vt 0.494935 0.447226
vt 0.495782 0.433235
vt 0.491356 0.419979
vt 0.495014 0.394581
vt 0.496357 0.421050
vt 0.488926 0.390600
vt 0.422516 0.448229
vt 0.398660 0.461987
vt 0.451741 0.430908
vt 0.450120 0.440091
vt 0.462545 0.444827
vt 0.477006 0.453534
vt 0.483434 0.459543
vt 0.477674 0.460257
vt 0.392142 0.509770
vt 0.378532 0.492299
vt 0.379176 0.462923
vt 0.877957 0.588789
vt 0.986228 0.590282
vt 0.980086 0.549406
vt 0.888040 0.555062
vt 0.985100 0.679429
vt 0.988846 0.671414
vt 0.989476 0.680305
vt 0.985783 0.670733
vt 0.989238 0.665881
vt 0.977033 0.636400
vt 0.978586 0.635354
vt 0.980429 0.638027
vt 0.976740 0.633967
vt 0.978995 0.639333
vt 0.980614 0.644177
vt 0.984790 0.647255
vt 0.986967 0.651346
vt 0.988388 0.657635
vt 0.982516 0.642450
vt 0.888466 0.652540
vt 0.897180 0.632031
vt 0.890833 0.634646
vt 0.922994 0.713695
vt 0.927727 0.700101
vt 0.922026 0.702076
vt 0.923026 0.695089
vt 0.932672 0.696214
vt 0.925656 0.683958
vt 0.915366 0.695234
vt 0.917380 0.681253
vt 0.899450 0.680066
vt 0.917855 0.670396
vt 0.899583 0.669169
vt 0.920048 0.647953
vt 0.899884 0.650611
vt 0.923867 0.631603
vt 0.890238 0.651789
vt 0.887681 0.666532
vt 0.885223 0.662817
vt 0.883568 0.679593
vt 0.883208 0.694928
vt 0.887483 0.679232
vt 0.880904 0.692976
vt 0.879669 0.700750
vt 0.879816 0.701482
vt 0.879680 0.711490
vt 0.929163 0.667362
vt 0.933016 0.648297
vt 0.930733 0.633023
vt 0.934317 0.647760
vt 0.941667 0.656193
vt 0.940719 0.653096
vt 0.948765 0.665464
vt 0.929651 0.648122
vt 0.928056 0.635210
vt 0.936812 0.677432
vt 0.936132 0.662607
vt 0.940877 0.659364
vt 0.949693 0.668570
vt 0.950046 0.675699
vt 0.951470 0.678150
vt 0.954336 0.683559
vt 0.948666 0.680146
vt 0.950507 0.684570
vt 0.943699 0.680836
vt 0.945562 0.686066
vt 0.940634 0.681957
vt 0.942972 0.686478
vt 0.946488 0.692493
vt 0.943229 0.692915
vt 0.947807 0.700440
vt 0.953328 0.680811
vt 0.933531 0.687945
vt 0.934859 0.700432
vt 0.930202 0.692957
vt 0.935979 0.678400
vt 0.940397 0.674520
vt 0.945797 0.669824
vt 0.933714 0.714971
vt 0.932689 0.714804
vt 0.928562 0.714103
vt 0.928159 0.718093
vt 0.932707 0.717421
vt 0.931195 0.728237
vt 0.924191 0.739072
vt 0.929231 0.735952
vt 0.927855 0.736379
vt 0.930458 0.732136
vt 0.929941 0.730887
vt 0.930215 0.727831
vt 0.927069 0.726996
vt 0.922889 0.716430
vt 0.926524 0.731169
vt 0.925011 0.735866
vt 0.895054 0.694578
vt 0.906561 0.694201
vt 0.914473 0.700487
vt 0.920832 0.706690
vt 0.921573 0.714096
vt 0.922628 0.726847
vt 0.922443 0.729370
vt 0.920679 0.735287
vt 0.920817 0.738369
vt 0.918688 0.734442
vt 0.919115 0.730693
vt 0.921053 0.725479
vt 0.911136 0.737893
vt 0.914630 0.737384
vt 0.911469 0.736729
vt 0.911661 0.730888
vt 0.915310 0.731295
vt 0.913502 0.719606
vt 0.917792 0.719179
vt 0.917855 0.716425
vt 0.914050 0.715587
vt 0.919334 0.716411
vt 0.917859 0.725749
vt 0.916382 0.735101
vt 0.910832 0.736334
vt 0.905811 0.734332
vt 0.906468 0.732038
vt 0.906525 0.726454
vt 0.907457 0.716664
vt 0.907416 0.714182
vt 0.905931 0.701952
vt 0.897557 0.723406
vt 0.896890 0.729449
vt 0.899051 0.715377
vt 0.899089 0.712220
vt 0.898061 0.699559
vt 0.891044 0.699014
vt 0.893752 0.710907
vt 0.893858 0.712997
vt 0.892344 0.720675
vt 0.892430 0.725785
vt 0.893093 0.728673
vt 0.898902 0.731550
vt 0.887038 0.725826
vt 0.887621 0.721827
vt 0.888547 0.714866
vt 0.889118 0.711912
vt 0.880203 0.711373
vt 0.880554 0.713446
vt 0.881220 0.721532
vt 0.882360 0.724810
vt 0.887861 0.728498
vt 0.885042 0.725196
vt 0.881247 0.720001
vt 0.599046 0.437818
vt 0.595163 0.428484
vt 0.616911 0.392403
vt 0.622721 0.506341
vt 0.624683 0.559179
vt 0.603643 0.578829
vt 0.622123 0.592766
vt 0.620530 0.614571
vt 0.603905 0.605693
vt 0.601712 0.619846
vt 0.571124 0.617205
vt 0.566623 0.674118
vt 0.595347 0.671071
vt 0.620627 0.698967
vt 0.621407 0.631905
vt 0.571365 0.605325
vt 0.573118 0.586736
vt 0.535708 0.618048
vt 0.529809 0.688294
vt 0.530367 0.719320
vt 0.565157 0.730937
vt 0.599880 0.718288
vt 0.621587 0.728849
vt 0.622072 0.737220
vt 0.599798 0.734633
vt 0.565895 0.743580
vt 0.531078 0.739043
vt 0.505242 0.734922
vt 0.511458 0.724925
vt 0.511796 0.693049
vt 0.511479 0.635472
vt 0.511559 0.613648
vt 0.530799 0.586125
vt 0.508302 0.581959
vt 0.531618 0.507430
vt 0.511333 0.501342
vt 0.529426 0.479184
vt 0.574146 0.533238
vt 0.574757 0.497083
vt 0.604637 0.516067
vt 0.603596 0.483501
vt 0.604477 0.467848
vt 0.575325 0.479194
vt 0.523943 0.443762
vt 0.514577 0.471574
vt 0.512172 0.432293
vt 0.523901 0.403932
vt 0.546234 0.445187
vt 0.575083 0.466302
vt 0.606594 0.454084
vt 0.621269 0.436808
vt 0.620925 0.449442
vt 0.619047 0.463901
vt 0.620172 0.424482
vt 0.498516 0.569474
vt 0.973498 0.563050
vt 0.883820 0.556028
vt 0.179196 0.693759
vt 0.163443 0.702056
vt 0.160855 0.695505
vt 0.181219 0.700374
vt 0.198364 0.657807
vt 0.201428 0.663835
vt 0.210406 0.664708
vt 0.191738 0.599225
vt 0.240671 0.625953
vt 0.206950 0.573374
vt 0.175429 0.538386
vt 0.172651 0.562578
vt 0.192777 0.599290
vt 0.171861 0.572599
vt 0.147702 0.552774
vt 0.132925 0.521879
vt 0.152282 0.574259
vt 0.153248 0.579837
vt 0.147113 0.642410
vt 0.069753 0.378843
vt 0.091451 0.382104
vt 0.089791 0.453627
vt 0.133851 0.431880
vt 0.098059 0.533169
vt 0.133227 0.556870
vt 0.142035 0.637496
vt 0.145346 0.643782
vt 0.150363 0.693867
vt 0.149795 0.700374
vt 0.068794 0.375423
vt 0.045463 0.383499
vt 0.009782 0.392965
vt 0.069972 0.454555
vt 0.070703 0.529688
vt 0.102915 0.638659
vt 0.135107 0.637257
vt 0.141497 0.715178
vt 0.162401 0.721925
vt 0.184332 0.719552
vt 0.203347 0.697110
vt 0.069948 0.729815
vt 0.070383 0.642708
vt 0.036658 0.533438
vt 0.046018 0.454142
vt 0.009494 0.423650
vt 0.007062 0.520315
vt 0.007064 0.556870
vt 0.034720 0.638025
vt 0.014694 0.633727
vt 0.001411 0.561176
vt 0.002154 0.539641
vt 0.001089 0.531959
vt 0.001309 0.508060
vt 0.000883 0.488205
vt 0.001568 0.464258
vt 0.003248 0.435165
vt 0.005454 0.410460
vt 0.005842 0.392866
vt 0.009146 0.389572
vt 0.026633 0.719464
vt 0.022057 0.728749
vt 0.006370 0.719953
vt 0.011549 0.633966
vt 0.003270 0.713289
vt 0.118300 0.717979
vt 0.069274 0.738592
vt 0.017755 0.728678
vt 0.012050 0.724429
vt 0.005901 0.719857
vt 0.068646 0.741403
vt 0.130581 0.735224
vt 0.102337 0.739060
vt 0.130055 0.741132
vt 0.214512 0.740301
vt 0.209681 0.731860
vt 0.235482 0.728002
vt 0.181812 0.739798
vt 0.184293 0.731360
vt 0.150427 0.741735
vt 0.159575 0.734145
vt 0.138550 0.734581
vt 0.121467 0.725976
vt 0.228602 0.710994
vt 0.291838 0.711695
vt 0.236401 0.736189
vt 0.245317 0.739047
vt 0.294883 0.741041
vt 0.370795 0.717144
vt 0.369407 0.714839
vt 0.373614 0.704054
vt 0.366193 0.665149
vt 0.359076 0.660129
vt 0.364592 0.716225
vt 0.350276 0.715373
vt 0.345886 0.729792
vt 0.293233 0.732868
vt 0.294079 0.735809
vt 0.347489 0.732822
vt 0.339087 0.737341
vt 0.359386 0.723722
vt 0.369535 0.664709
vt 0.371784 0.684328
vt 0.290427 0.625667
vt 0.336120 0.625953
vt 0.362231 0.583964
vt 0.365833 0.575873
vt 0.367715 0.576298
vt 0.365633 0.549349
vt 0.362197 0.552328
vt 0.362516 0.546173
vt 0.354687 0.547865
vt 0.358620 0.552335
vt 0.336794 0.553811
vt 0.334906 0.556913
vt 0.365573 0.544276
vt 0.290505 0.554700
vt 0.242993 0.556242
vt 0.213089 0.552328
vt 0.207714 0.547253
vt 0.177560 0.478864
vt 0.176509 0.441443
vt 0.134582 0.390164
vt 0.178562 0.394170
vt 0.214246 0.434356
vt 0.213698 0.485335
vt 0.214003 0.543485
vt 0.241239 0.553140
vt 0.290793 0.549653
vt 0.244206 0.547285
vt 0.132078 0.386770
vt 0.178159 0.389071
vt 0.219375 0.385611
vt 0.215388 0.390171
vt 0.261859 0.429876
vt 0.259012 0.479705
vt 0.290453 0.542057
vt 0.333791 0.547957
vt 0.353294 0.541107
vt 0.361874 0.539043
vt 0.262463 0.386896
vt 0.254584 0.380227
vt 0.292085 0.429108
vt 0.284188 0.387850
vt 0.311837 0.390025
vt 0.298970 0.388084
vt 0.364625 0.516148
vt 0.365180 0.493346
vt 0.360948 0.471723
vt 0.362963 0.463468
vt 0.361883 0.435990
vt 0.359071 0.410229
vt 0.359015 0.438623
vt 0.356391 0.396277
vt 0.349636 0.394797
vt 0.349599 0.390328
vt 0.343921 0.392684
vt 0.315627 0.429954
vt 0.290135 0.475999
vt 0.343610 0.435503
vt 0.313990 0.474954
vt 0.345378 0.478452
vt 0.356305 0.473672
vt 0.354589 0.437747
vt 0.360676 0.391748
vt 0.356637 0.388412
vt 0.349558 0.387124
vt 0.323245 0.379754
vt 0.972208 0.563754
vt 0.894125 0.563670
vt 0.634060 0.486495
vt 0.634515 0.557751
vt 0.676470 0.570266
vt 0.673152 0.578925
vt 0.716309 0.569448
vt 0.628157 0.561651
vt 0.629354 0.486053
vt 0.638454 0.421743
vt 0.633460 0.418263
vt 0.673167 0.399271
vt 0.667668 0.394909
vt 0.701965 0.388027
vt 0.706375 0.383246
vt 0.723711 0.400169
vt 0.727020 0.391513
vt 0.742373 0.407560
vt 0.748421 0.405990
vt 0.748343 0.415457
vt 0.743155 0.470827
vt 0.748705 0.449378
vt 0.723875 0.518878
vt 0.748917 0.469374
vt 0.740468 0.548615
vt 0.712960 0.559322
vt 0.747153 0.558872
vt 0.676601 0.488302
vt 0.672652 0.413486
vt 0.703513 0.401444
vt 0.701576 0.482622
vt 0.748190 0.517810
vt 0.747744 0.546792
vt 0.823342 0.271589
vt 0.824543 0.258957
vt 0.784845 0.260295
vt 0.854809 0.272643
vt 0.852046 0.288461
vt 0.822002 0.277680
vt 0.783652 0.273650
vt 0.784330 0.279797
vt 0.752000 0.291015
vt 0.753469 0.275133
vt 0.885029 0.421645
vt 0.897950 0.364976
vt 0.886695 0.366822
vt 0.893672 0.445754
vt 0.905276 0.320693
vt 0.887968 0.318423
vt 0.920096 0.330441
vt 0.915932 0.362916
vt 0.932910 0.414231
vt 0.935022 0.441572
vt 0.891782 0.479712
vt 0.905171 0.485164
vt 0.933879 0.484946
vt 0.952258 0.441488
vt 0.955229 0.412510
vt 0.894193 0.501575
vt 0.910134 0.506576
vt 0.936696 0.504967
vt 0.961693 0.496703
vt 0.960515 0.476102
vt 0.976232 0.442137
vt 0.974953 0.412526
vt 0.986534 0.485091
vt 0.987851 0.507304
vt 0.827363 0.298961
vt 0.776558 0.296321
vt 0.751195 0.316654
vt 0.765280 0.343062
vt 0.762077 0.372572
vt 0.787798 0.347611
vt 0.785187 0.315383
vt 0.824172 0.319011
vt 0.855950 0.318420
vt 0.827229 0.434877
vt 0.791633 0.469326
vt 0.833639 0.469199
vt 0.785015 0.435257
vt 0.787831 0.375675
vt 0.826230 0.378101
vt 0.824339 0.349455
vt 0.844184 0.345261
vt 0.846601 0.372476
vt 0.862645 0.445385
vt 0.855464 0.479669
vt 0.833149 0.492766
vt 0.790643 0.493429
vt 0.752797 0.505807
vt 0.763358 0.476837
vt 0.763349 0.448942
vt 0.855255 0.504410
vt 0.994534 0.262258
vt 0.994198 0.249782
vt 0.968326 0.247802
vt 0.950457 0.255395
vt 0.950368 0.247767
vt 0.877041 0.479533
vt 0.878577 0.501404
vt 0.875092 0.446781
vt 0.875483 0.421710
vt 0.284714 0.010995
vt 0.360424 0.011373
vt 0.370434 0.005478
vt 0.288567 0.005718
vt 0.346595 0.023000
vt 0.417556 0.010569
vt 0.346652 0.023000
vt 0.360273 0.011373
vt 0.430214 0.008007
vt 0.371212 0.005478
vt 0.360575 0.011373
vt 0.346480 0.023000
vt 0.347926 0.031705
vt 0.348041 0.031705
vt 0.413067 0.040679
vt 0.335803 0.057108
vt 0.366242 0.057847
vt 0.335918 0.057108
vt 0.338622 0.113543
vt 0.332078 0.068483
vt 0.414372 0.067981
vt 0.366185 0.057847
vt 0.403267 0.057566
vt 0.366356 0.057847
vt 0.335975 0.057108
vt 0.348098 0.031705
vt 0.292315 0.044255
vt 0.245485 0.057419
vt 0.258437 0.084646
vt 0.279304 0.182837
vt 0.273059 0.190258
vt 0.281758 0.189232
vt 0.271649 0.185292
vt 0.293988 0.166064
vt 0.263998 0.158641
vt 0.292982 0.103364
vt 0.285481 0.064341
vt 0.346573 0.182961
vt 0.228498 0.172138
vt 0.214309 0.110570
vt 0.173108 0.184524
vt 0.375802 0.161357
vt 0.386106 0.211530
vt 0.347586 0.221735
vt 0.308890 0.220295
vt 0.285491 0.212087
vt 0.287492 0.223308
vt 0.277890 0.224479
vt 0.275889 0.213545
vt 0.358042 0.277237
vt 0.289447 0.248083
vt 0.290363 0.290433
vt 0.310485 0.296537
vt 0.357999 0.277237
vt 0.279511 0.331234
vt 0.259436 0.369550
vt 0.239115 0.348873
vt 0.310863 0.323293
vt 0.332942 0.304070
vt 0.303863 0.348757
vt 0.280083 0.259099
vt 0.279346 0.249315
vt 0.289890 0.258130
vt 0.290811 0.282684
vt 0.282714 0.288334
vt 0.273325 0.303603
vt 0.241309 0.314099
vt 0.281408 0.283265
vt 0.352107 0.294942
vt 0.366127 0.291900
vt 0.339457 0.306675
vt 0.332074 0.318327
vt 0.329232 0.344056
vt 0.366213 0.291900
vt 0.358085 0.277237
vt 0.397717 0.265562
vt 0.357913 0.277237
vt 0.366041 0.291900
vt 0.384210 0.280700
vt 0.201139 0.044194
vt 0.213385 0.097526
vt 0.172658 0.110310
vt 0.114561 0.163781
vt 0.153377 0.214892
vt 0.121825 0.226809
vt 0.142414 0.253222
vt 0.112471 0.296835
vt 0.143963 0.297969
vt 0.142852 0.335174
vt 0.152095 0.314036
vt 0.179112 0.320973
vt 0.187762 0.371452
vt 0.199152 0.320756
vt 0.108656 0.322821
vt 0.116697 0.372705
vt 0.072997 0.266649
vt 0.066965 0.220568
vt 0.082575 0.298217
vt 0.079182 0.322421
vt 0.086850 0.368459
vt 0.053777 0.354651
vt 0.056039 0.341960
vt 0.056340 0.324838
vt 0.053771 0.301067
vt 0.045474 0.284212
vt 0.030295 0.265562
vt 0.018684 0.211530
vt 0.008380 0.161357
vt 0.027745 0.279877
vt 0.016788 0.280700
vt 0.023141 0.111392
vt 0.104384 0.119439
vt 0.092003 0.045747
vt 0.129971 0.057354
vt 0.082892 0.018279
vt 0.129512 0.026542
vt 0.091354 0.015478
vt 0.133090 0.022043
vt 0.166395 0.008310
vt 0.140100 0.043589
vt 0.062792 0.008007
vt 0.050134 0.010569
vt 0.045646 0.040679
vt 0.035845 0.057566
vt 0.046950 0.067981
vt 0.180114 0.094982
vt 0.165017 0.057296
vt 0.162514 0.044340
vt 0.199786 0.032394
vt 0.247628 0.033769
vt 0.288666 0.023773
vt 0.158179 0.017912
vt 0.194768 0.012302
vt 0.193529 0.005967
vt 0.238930 0.013416
vt 0.221391 0.006401
vt 0.181416 0.026315
vt 0.464254 0.569235
vt 0.491746 0.601483
vt 0.452082 0.574251
vt 0.491085 0.429432
vt 0.495848 0.428347
vt 0.490614 0.441135
vt 0.495326 0.442674
vt 0.498019 0.600524
vt 0.484987 0.439759
vt 0.481086 0.427059
vt 0.452244 0.407847
vt 0.471721 0.436193
vt 0.452893 0.427070
vt 0.424783 0.597808
vt 0.453990 0.597046
vt 0.477382 0.631952
vt 0.474210 0.627758
vt 0.381618 0.569906
vt 0.501800 0.735289
vt 0.377791 0.596880
vt 0.502277 0.751535
vt 0.487943 0.752337
vt 0.501603 0.747351
vt 0.460420 0.748908
vt 0.422619 0.753684
vt 0.407206 0.751255
vt 0.375067 0.751529
vt 0.432034 0.752267
vt 0.925896 0.337231
vt 0.938908 0.326518
vt 0.929335 0.328013
vt 0.946169 0.335081
vt 0.926546 0.343900
vt 0.946970 0.341755
vt 0.926474 0.347149
vt 0.947138 0.344856
vt 0.963094 0.312852
vt 0.995078 0.295849
vt 0.963542 0.293740
vt 0.987640 0.315542
vt 0.964807 0.329738
vt 0.995012 0.336356
vt 0.942966 0.328355
vt 0.942269 0.314096
vt 0.942151 0.293186
vt 0.967771 0.265177
vt 0.998285 0.274987
vt 0.909295 0.256534
vt 0.904981 0.269904
vt 0.902653 0.282674
vt 0.873117 0.273656
vt 0.871880 0.256988
vt 0.564993 0.512706
vt 0.526988 0.462192
vt 0.560711 0.481003
vt 0.533312 0.493457
vt 0.512661 0.452681
vt 0.512828 0.491225
vt 0.512326 0.544287
vt 0.532427 0.558464
vt 0.530418 0.588517
vt 0.564207 0.573451
vt 0.513111 0.588858
vt 0.513408 0.617184
vt 0.599668 0.493872
vt 0.597509 0.571262
vt 0.602998 0.465978
vt 0.604523 0.446283
vt 0.564533 0.464190
vt 0.526650 0.448544
vt 0.513215 0.437308
vt 0.529721 0.435053
vt 0.518840 0.424891
vt 0.519100 0.413101
vt 0.520860 0.387595
vt 0.530741 0.416030
vt 0.530388 0.428526
vt 0.566022 0.457145
vt 0.594535 0.444448
vt 0.615055 0.404118
vt 0.621372 0.433697
vt 0.620910 0.461496
vt 0.620522 0.489327
vt 0.625493 0.562994
vt 0.622665 0.589029
vt 0.600306 0.593676
vt 0.564820 0.454994
vt 0.562914 0.591236
vt 0.562437 0.609467
vt 0.532635 0.610695
vt 0.537584 0.670955
vt 0.566216 0.675410
vt 0.532509 0.731317
vt 0.564704 0.745532
vt 0.596156 0.617534
vt 0.605925 0.688834
vt 0.602989 0.737169
vt 0.581208 0.746106
vt 0.560128 0.747889
vt 0.527689 0.742647
vt 0.512058 0.737936
vt 0.510942 0.692989
vt 0.620384 0.623130
vt 0.626529 0.689418
vt 0.625879 0.734752
vt 0.631327 0.741832
vt 0.589995 0.748913
vt 0.563270 0.747706
vt 0.537748 0.746733
vt 0.520654 0.746383
vt 0.513018 0.747084
vt 0.612261 0.750247
vt 0.987651 0.595031
vt 0.971877 0.565491
vt 0.875780 0.595861
vt 0.889666 0.569149
vt 0.971673 0.563235
vt 0.986280 0.538009
vt 0.878807 0.536441
vt 0.894843 0.563320
vt 0.338536 0.113543
vt 0.390563 0.111392
vt 0.743992 0.612744
vt 0.736754 0.615133
vt 0.740120 0.605332
vt 0.727879 0.605990
vt 0.709317 0.597536
vt 0.709690 0.613307
vt 0.686563 0.719808
vt 0.710620 0.717564
vt 0.723153 0.612926
vt 0.728271 0.730370
vt 0.685635 0.734708
vt 0.710784 0.728392
vt 0.949885 0.690311
vt 0.953713 0.683131
vt 0.953168 0.688671
vt 0.949516 0.683835
vt 0.947478 0.679354
vt 0.942434 0.680001
vt 0.944562 0.685328
vt 0.945778 0.691852
vt 0.951377 0.698485
vt 0.947590 0.700036
vt 0.932727 0.660406
vt 0.924785 0.664278
vt 0.929913 0.646693
vt 0.938340 0.657938
vt 0.933453 0.674938
vt 0.938258 0.673104
vt 0.934394 0.677405
vt 0.939886 0.681563
vt 0.942355 0.686077
vt 0.942851 0.692573
vt 0.945420 0.700504
vt 0.952310 0.705061
vt 0.955375 0.697328
vt 0.952945 0.687789
vt 0.950792 0.705129
vt 0.929181 0.684398
vt 0.920924 0.680234
vt 0.927427 0.690669
vt 0.955373 0.703737
vt 0.956028 0.703117
vt 0.955107 0.696275
vt 0.928535 0.700090
vt 0.930690 0.696754
vt 0.927613 0.691887
vt 0.918091 0.690966
vt 0.910479 0.691208
vt 0.909870 0.696595
vt 0.901711 0.698421
vt 0.904076 0.711121
vt 0.910165 0.711978
vt 0.910155 0.716372
vt 0.914450 0.715925
vt 0.909688 0.728592
vt 0.913499 0.729100
vt 0.910709 0.735341
vt 0.913992 0.736062
vt 0.911439 0.737389
vt 0.915932 0.733976
vt 0.911410 0.736102
vt 0.906251 0.734066
vt 0.905990 0.731033
vt 0.904782 0.724492
vt 0.904528 0.713897
vt 0.930161 0.711507
vt 0.927463 0.724793
vt 0.928702 0.713525
vt 0.924049 0.723774
vt 0.924087 0.714160
vt 0.928446 0.710761
vt 0.924144 0.709959
vt 0.922807 0.695844
vt 0.917462 0.698124
vt 0.917145 0.703393
vt 0.914110 0.712888
vt 0.916413 0.713565
vt 0.916078 0.723683
vt 0.918935 0.723106
vt 0.919934 0.723939
vt 0.920043 0.726659
vt 0.919082 0.712801
vt 0.918030 0.710754
vt 0.918943 0.709917
vt 0.926251 0.734152
vt 0.928781 0.729921
vt 0.928122 0.734147
vt 0.923462 0.737561
vt 0.923248 0.733537
vt 0.920028 0.736847
vt 0.919110 0.733170
vt 0.917637 0.732801
vt 0.917560 0.728700
vt 0.923899 0.728196
vt 0.927469 0.728024
vt 0.929131 0.725771
vt 0.928865 0.710975
vt 0.952438 0.655975
vt 0.956584 0.659557
vt 0.955801 0.656376
vt 0.953877 0.659964
vt 0.955720 0.662716
vt 0.953664 0.663527
vt 0.951360 0.663101
vt 0.953510 0.665411
vt 0.955131 0.670406
vt 0.951073 0.659744
vt 0.949379 0.655709
vt 0.956076 0.656769
vt 0.954055 0.652979
vt 0.951810 0.652501
vt 0.948412 0.652393
vt 0.950899 0.651031
vt 0.983728 0.678898
vt 0.976856 0.673007
vt 0.976908 0.679209
vt 0.970129 0.675377
vt 0.969647 0.681012
vt 0.966205 0.677549
vt 0.964840 0.678556
vt 0.960547 0.676072
vt 0.961886 0.674321
vt 0.956735 0.669786
vt 0.959690 0.666262
vt 0.957398 0.662155
vt 0.958364 0.661995
vt 0.956818 0.659949
vt 0.962743 0.671100
vt 0.967364 0.683156
vt 0.965341 0.663574
vt 0.970460 0.665585
vt 0.975979 0.666916
vt 0.976602 0.656264
vt 0.983561 0.666291
vt 0.981531 0.655945
vt 0.986063 0.656393
vt 0.982582 0.650117
vt 0.980128 0.650913
vt 0.981062 0.645961
vt 0.978679 0.645926
vt 0.976968 0.640874
vt 0.983325 0.671651
vt 0.976983 0.635656
vt 0.975614 0.635188
vt 0.975786 0.637394
vt 0.976976 0.637990
vt 0.979158 0.641043
vt 0.983418 0.644498
vt 0.985364 0.649279
vt 0.987363 0.653389
vt 0.988119 0.659491
vt 0.987704 0.667335
vt 0.987037 0.672668
vt 0.987156 0.679631
vt 0.980981 0.639947
vt 0.978771 0.637123
vt 0.912477 0.222326
vt 0.825419 0.230651
vt 0.824413 0.214873
vt 0.907426 0.204629
vt 0.969697 0.196348
vt 0.902208 0.119428
vt 0.833316 0.122427
vt 0.905628 0.023585
vt 0.844103 0.037189
vt 0.845542 0.022750
vt 0.814746 0.031007
vt 0.818963 0.017287
vt 0.777740 0.025592
vt 0.790560 0.032049
vt 0.778985 0.045563
vt 0.805105 0.076095
vt 0.790968 0.211888
vt 0.974394 0.121245
vt 0.967393 0.038065
vt 0.824780 0.240445
vt 0.787466 0.221525
vt 0.765896 0.201089
vt 0.771091 0.130106
vt 0.766261 0.131492
vt 0.769286 0.073632
vt 0.774152 0.040296
vt 0.764672 0.152404
vt 0.761962 0.191514
vt 0.759887 0.202701
vt 0.915998 0.233621
vt 0.979808 0.202711
vt 0.988023 0.119791
vt 0.975082 0.031478
vt 0.904403 0.013383
vt 0.844234 0.016223
vt 0.939721 0.655336
vt 0.948468 0.667994
vt 0.943822 0.668610
vt 0.950738 0.677769
vt 0.953496 0.681125
vt 0.932194 0.646994
vt 0.939485 0.652923
vt 0.948297 0.665609
vt 0.949970 0.675944
vt 0.928002 0.636847
vt 0.918030 0.635935
vt 0.916010 0.645658
vt 0.913337 0.667213
vt 0.895542 0.666562
vt 0.895100 0.676955
vt 0.883951 0.676931
vt 0.882315 0.691660
vt 0.881042 0.690649
vt 0.882853 0.698028
vt 0.883671 0.699315
vt 0.886200 0.708864
vt 0.886108 0.709351
vt 0.886867 0.711158
vt 0.888430 0.719828
vt 0.889890 0.712318
vt 0.891413 0.719806
vt 0.897957 0.633571
vt 0.896060 0.648597
vt 0.884496 0.664806
vt 0.881068 0.678195
vt 0.890183 0.723548
vt 0.892794 0.724335
vt 0.893982 0.711904
vt 0.895109 0.720084
vt 0.896226 0.725961
vt 0.897754 0.729519
vt 0.894901 0.728038
vt 0.891864 0.724644
vt 0.888910 0.718716
vt 0.889274 0.634546
vt 0.886335 0.652017
vt 0.887461 0.637821
vt 0.887188 0.650485
vt 0.883407 0.662360
vt 0.890878 0.691331
vt 0.888702 0.698215
vt 0.889217 0.709071
vt 0.893511 0.709549
vt 0.899420 0.729492
vt 0.898839 0.722512
vt 0.897624 0.713930
vt 0.897105 0.710366
vt 0.894069 0.696335
vt 0.902192 0.690708
vt 0.912592 0.677604
vt 0.902820 0.732716
vt 0.973704 0.635404
vt 0.972738 0.633931
vt 0.971119 0.633580
vt 0.971168 0.635357
vt 0.971155 0.637437
vt 0.973490 0.637705
vt 0.974965 0.641454
vt 0.976780 0.646592
vt 0.977174 0.651130
vt 0.974752 0.650100
vt 0.970288 0.655550
vt 0.971003 0.650214
vt 0.969666 0.650284
vt 0.968881 0.645519
vt 0.972391 0.640794
vt 0.973548 0.645896
vt 0.968708 0.644852
vt 0.967799 0.639710
vt 0.968199 0.640180
vt 0.966714 0.634470
vt 0.966985 0.636012
vt 0.967256 0.634470
vt 0.968685 0.636554
vt 0.969592 0.640556
vt 0.970513 0.645874
vt 0.968406 0.632949
vt 0.964116 0.636226
vt 0.964475 0.638635
vt 0.966670 0.637330
vt 0.966562 0.640253
vt 0.964438 0.640650
vt 0.965626 0.646956
vt 0.968328 0.646436
vt 0.966113 0.650911
vt 0.969280 0.649998
vt 0.961422 0.636232
vt 0.962984 0.633751
vt 0.961763 0.638475
vt 0.964684 0.656879
vt 0.963720 0.652405
vt 0.962757 0.647052
vt 0.961950 0.640623
vt 0.961369 0.639701
vt 0.961132 0.637587
vt 0.960972 0.635388
vt 0.962899 0.633314
vt 0.964653 0.633415
vt 0.966181 0.635256
vt 0.961642 0.663738
vt 0.967905 0.896263
vt 0.982103 0.893888
vt 0.959441 0.893047
vt 0.981977 0.895013
vt 0.841765 0.895013
vt 0.848894 0.896455
vt 0.841891 0.893888
vt 0.857227 0.896281
vt 0.865336 0.894004
vt 0.872994 0.892961
vt 0.878710 0.887437
vt 0.885512 0.885425
vt 0.889119 0.890438
vt 0.894222 0.880243
vt 0.900790 0.889230
vt 0.911772 0.880715
vt 0.911668 0.889012
vt 0.929340 0.880332
vt 0.922826 0.889208
vt 0.932188 0.890500
vt 0.940997 0.883511
vt 0.938152 0.889748
vt 0.949353 0.889213
vt 0.387135 0.298632
vt 0.415123 0.326375
vt 0.387049 0.326282
vt 0.415210 0.298725
vt 0.420567 0.322817
vt 0.420630 0.301363
vt 0.392004 0.340932
vt 0.416332 0.366291
vt 0.393791 0.367795
vt 0.414545 0.339428
vt 0.420409 0.362863
vt 0.419030 0.342128
vt 0.047608 0.319690
vt 0.003616 0.305012
vt 0.034070 0.290766
vt 0.017155 0.333936
vt 0.006328 0.762962
vt 0.069081 0.763551
vt 0.070024 0.773062
vt 0.002872 0.749457
vt 0.065625 0.750046
vt 0.003845 0.758738
vt 0.066598 0.759327
vt 0.007271 0.772473
vt 0.122392 0.883340
vt 0.130115 0.883074
vt 0.132583 0.880377
vt 0.125174 0.871171
vt 0.131215 0.877599
vt 0.127568 0.868672
vt 0.133642 0.874943
vt 0.124792 0.880901
vt 0.414500 0.670206
vt 0.404739 0.687279
vt 0.414909 0.687340
vt 0.404055 0.670143
vt 0.425490 0.690741
vt 0.414735 0.687290
vt 0.404565 0.687229
vt 0.403831 0.670090
vt 0.414275 0.670153
vt 0.425314 0.645096
vt 0.425538 0.645235
vt 0.444201 0.690722
vt 0.443776 0.690847
vt 0.454823 0.687535
vt 0.454398 0.687575
vt 0.464991 0.687596
vt 0.464566 0.687636
vt 0.465935 0.670470
vt 0.444755 0.645219
vt 0.455493 0.670407
vt 0.465453 0.670507
vt 0.455010 0.670444
vt 0.444272 0.645341
vt 0.425316 0.690605
vt 0.993066 0.737805
vt 0.973467 0.718567
vt 0.982758 0.716485
vt 0.981690 0.741533
vt 0.969691 0.721162
vt 0.977158 0.741666
vt 0.158405 0.613985
vt 0.179996 0.673488
vt 0.154762 0.672632
vt 0.176305 0.609857
vt 0.188289 0.669471
vt 0.185277 0.617541
vt 0.472715 0.953745
vt 0.461297 0.939716
vt 0.479782 0.940328
vt 0.456424 0.952554
vt 0.478796 0.939591
vt 0.488457 0.940654
vt 0.488718 0.940675
vt 0.488845 0.953834
vt 0.470066 0.956573
vt 0.451726 0.954721
vt 0.458253 0.938838
vt 0.488794 0.957347
vt 0.830970 0.878408
vt 0.829519 0.855350
vt 0.825996 0.855426
vt 0.912085 0.926753
vt 0.880332 0.921219
vt 0.912146 0.924141
vt 0.883443 0.860509
vt 0.846609 0.914695
vt 0.853474 0.861106
vt 0.832367 0.895715
vt 0.840631 0.860095
vt 0.828112 0.879417
vt 0.837369 0.895282
vt 0.847565 0.909187
vt 0.880681 0.922087
vt 0.912225 0.868648
vt 0.940595 0.860509
vt 0.943616 0.921219
vt 0.969800 0.861106
vt 0.976518 0.914695
vt 0.982195 0.860095
vt 0.990521 0.895715
vt 0.996845 0.850208
vt 0.994770 0.879417
vt 0.992089 0.852533
vt 0.991990 0.878408
vt 0.985668 0.895282
vt 0.975636 0.909187
vt 0.943203 0.922087
vt 0.839081 0.857797
vt 0.855393 0.860563
vt 0.872418 0.864687
vt 0.883683 0.864704
vt 0.912071 0.871943
vt 0.940216 0.864704
vt 0.968083 0.858411
vt 0.983987 0.855648
vt 0.013551 0.940736
vt 0.032457 0.940923
vt 0.037799 0.953677
vt 0.020919 0.954321
vt 0.004562 0.940675
vt 0.004689 0.953834
vt 0.004638 0.957347
vt 0.022870 0.957019
vt 0.041859 0.955563
vt 0.035481 0.939564
vt 0.014628 0.939838
vt 0.004301 0.940654
vt 0.463183 0.915565
vt 0.480758 0.914390
vt 0.479042 0.919229
vt 0.467526 0.912074
vt 0.477292 0.898422
vt 0.467261 0.898957
vt 0.463143 0.897755
vt 0.474886 0.898502
vt 0.488954 0.897143
vt 0.489045 0.897591
vt 0.489020 0.915292
vt 0.488627 0.920997
vt 0.068241 0.742686
vt 0.066872 0.743669
vt 0.004685 0.810921
vt 0.036517 0.798136
vt 0.026643 0.815601
vt 0.064715 0.789447
vt 0.071207 0.812795
vt 0.120422 0.769608
vt 0.122032 0.764158
vt 0.137858 0.760499
vt 0.082823 0.782008
vt 0.106983 0.793737
vt 0.108082 0.815083
vt 0.105374 0.823650
vt 0.085990 0.826920
vt 0.066349 0.845010
vt 0.043827 0.839760
vt 0.021473 0.854306
vt 0.004284 0.850505
vt 0.022537 0.871925
vt 0.004439 0.878588
vt 0.021313 0.885546
vt 0.004650 0.894115
vt 0.018862 0.898730
vt 0.004799 0.897143
vt 0.040977 0.867228
vt 0.041028 0.882669
vt 0.034051 0.898337
vt 0.177099 0.784114
vt 0.137815 0.778828
vt 0.151601 0.763334
vt 0.176690 0.762239
vt 0.174961 0.777436
vt 0.210294 0.765910
vt 0.221091 0.776945
vt 0.203554 0.789170
vt 0.178590 0.802643
vt 0.160557 0.832085
vt 0.157089 0.853740
vt 0.126331 0.838990
vt 0.126531 0.839170
vt 0.139535 0.868952
vt 0.154618 0.861428
vt 0.154360 0.868602
vt 0.167682 0.866066
vt 0.166072 0.871996
vt 0.184706 0.856456
vt 0.182269 0.865197
vt 0.166290 0.838853
vt 0.207100 0.812126
vt 0.224356 0.809341
vt 0.230732 0.793944
vt 0.251407 0.784234
vt 0.252610 0.773089
vt 0.253835 0.762898
vt 0.197602 0.757108
vt 0.185213 0.755432
vt 0.183100 0.754164
vt 0.253660 0.749250
vt 0.254326 0.749902
vt 0.317703 0.755699
vt 0.255170 0.754360
vt 0.315190 0.757464
vt 0.366987 0.763685
vt 0.291564 0.768878
vt 0.280909 0.779147
vt 0.271241 0.794681
vt 0.251023 0.795492
vt 0.234031 0.807696
vt 0.223769 0.825836
vt 0.209587 0.824718
vt 0.194668 0.835833
vt 0.210112 0.838993
vt 0.188825 0.853269
vt 0.205332 0.849202
vt 0.222292 0.844547
vt 0.214536 0.850443
vt 0.168664 0.865069
vt 0.250757 0.805615
vt 0.199128 0.849088
vt 0.197933 0.852345
vt 0.221841 0.850956
vt 0.205488 0.849031
vt 0.249242 0.866669
vt 0.250018 0.867425
vt 0.250051 0.871446
vt 0.250059 0.866501
vt 0.238085 0.864776
vt 0.238580 0.864292
vt 0.232003 0.856546
vt 0.230714 0.858451
vt 0.221695 0.853351
vt 0.229766 0.860467
vt 0.220359 0.855781
vt 0.221854 0.861482
vt 0.214628 0.862287
vt 0.215079 0.853784
vt 0.203931 0.854301
vt 0.204540 0.851760
vt 0.226768 0.853915
vt 0.208706 0.869107
vt 0.249246 0.868674
vt 0.237867 0.866316
vt 0.237405 0.868254
vt 0.231051 0.867816
vt 0.196915 0.855569
vt 0.196937 0.872638
vt 0.198854 0.887983
vt 0.209515 0.880843
vt 0.216627 0.876636
vt 0.226643 0.880604
vt 0.237922 0.876870
vt 0.249301 0.870652
vt 0.250371 0.890754
vt 0.250460 0.901813
vt 0.249703 0.900439
vt 0.249502 0.889399
vt 0.250287 0.877879
vt 0.249391 0.880671
vt 0.247943 0.900768
vt 0.246514 0.904746
vt 0.246806 0.893008
vt 0.243161 0.886564
vt 0.237284 0.881353
vt 0.148482 0.916152
vt 0.163065 0.937435
vt 0.133160 0.938006
vt 0.165204 0.913601
vt 0.176323 0.933610
vt 0.184345 0.921516
vt 0.192337 0.930177
vt 0.201100 0.912701
vt 0.206539 0.918205
vt 0.209852 0.903822
vt 0.215089 0.908479
vt 0.211133 0.901864
vt 0.215724 0.906922
vt 0.224169 0.910806
vt 0.225228 0.909808
vt 0.234632 0.912053
vt 0.237678 0.907199
vt 0.249682 0.914353
vt 0.198597 0.906913
vt 0.207757 0.899291
vt 0.208211 0.892063
vt 0.210593 0.889958
vt 0.209995 0.896837
vt 0.213937 0.880837
vt 0.193589 0.954610
vt 0.204213 0.943684
vt 0.220721 0.964366
vt 0.212644 0.975989
vt 0.249491 0.975362
vt 0.249407 0.962715
vt 0.227338 0.948778
vt 0.249724 0.948993
vt 0.232125 0.934476
vt 0.249928 0.935809
vt 0.237820 0.919634
vt 0.214073 0.921828
vt 0.185305 0.946742
vt 0.169921 0.969851
vt 0.151879 0.983413
vt 0.252636 0.992676
vt 0.251309 0.974919
vt 0.250840 0.962559
vt 0.250946 0.949151
vt 0.250975 0.936180
vt 0.250581 0.914431
vt 0.259114 0.992524
vt 0.137454 0.970420
vt 0.158806 0.958172
vt 0.133237 0.957431
vt 0.133338 0.954630
vt 0.066997 0.866809
vt 0.058850 0.861398
vt 0.061539 0.877244
vt 0.058818 0.891371
vt 0.047502 0.906093
vt 0.030698 0.916106
vt 0.041190 0.915884
vt 0.029502 0.931779
vt 0.055456 0.936724
vt 0.064298 0.944538
vt 0.081579 0.928141
vt 0.097248 0.937185
vt 0.127807 0.924458
vt 0.071328 0.900759
vt 0.014674 0.919446
vt 0.131162 0.905757
vt 0.115926 0.916220
vt 0.097027 0.915742
vt 0.083652 0.902416
vt 0.070047 0.889407
vt 0.004512 0.983624
vt 0.076742 0.983399
vt 0.003192 0.990345
vt 0.051824 0.976997
vt 0.099908 0.969159
vt 0.056896 0.967810
vt 0.099631 0.955457
vt 0.064854 0.954670
vt 0.004471 0.920997
vt 0.004887 0.975313
vt 0.004606 0.964976
vt 0.617897 0.381288
vt 0.620310 0.384536
vt 0.617365 0.381346
vt 0.615157 0.377996
vt 0.564213 0.414708
vt 0.562509 0.405030
vt 0.556536 0.416177
vt 0.558699 0.426019
vt 0.286034 0.850786
vt 0.282929 0.848588
vt 0.278372 0.851185
vt 0.261937 0.864777
vt 0.261246 0.864295
vt 0.267927 0.856624
vt 0.273334 0.854057
vt 0.276401 0.851075
vt 0.284100 0.851267
vt 0.294857 0.849490
vt 0.295509 0.849731
vt 0.301407 0.849668
vt 0.311876 0.853865
vt 0.315505 0.856884
vt 0.330551 0.864419
vt 0.295692 0.852140
vt 0.296322 0.854619
vt 0.284886 0.853998
vt 0.285782 0.862353
vt 0.292373 0.864712
vt 0.303467 0.855926
vt 0.302451 0.852804
vt 0.317099 0.862526
vt 0.331520 0.865790
vt 0.341794 0.854580
vt 0.250681 0.866668
vt 0.261928 0.866307
vt 0.269188 0.858515
vt 0.278134 0.853518
vt 0.279495 0.855922
vt 0.278121 0.864957
vt 0.284150 0.876374
vt 0.292173 0.881415
vt 0.303225 0.871144
vt 0.318593 0.867894
vt 0.269340 0.867785
vt 0.270188 0.860515
vt 0.274266 0.879309
vt 0.264016 0.880481
vt 0.262387 0.875229
vt 0.262432 0.868233
vt 0.257664 0.885476
vt 0.318503 0.879946
vt 0.332771 0.870668
vt 0.302914 0.885467
vt 0.331186 0.892875
vt 0.334448 0.877720
vt 0.344148 0.867677
vt 0.343966 0.861612
vt 0.378257 0.849362
vt 0.383082 0.842765
vt 0.418111 0.854835
vt 0.419796 0.832936
vt 0.447207 0.845280
vt 0.455887 0.822105
vt 0.471272 0.854438
vt 0.477065 0.815657
vt 0.488440 0.850505
vt 0.488841 0.810921
vt 0.471999 0.806737
vt 0.470640 0.871849
vt 0.488595 0.878588
vt 0.488806 0.894115
vt 0.454484 0.797129
vt 0.415253 0.795498
vt 0.429746 0.790692
vt 0.412126 0.783378
vt 0.435308 0.861507
vt 0.452581 0.867183
vt 0.472135 0.885353
vt 0.453969 0.882262
vt 0.432871 0.876900
vt 0.415241 0.866677
vt 0.376876 0.862727
vt 0.345298 0.876086
vt 0.343514 0.885828
vt 0.372327 0.872205
vt 0.412306 0.876881
vt 0.292126 0.891388
vt 0.286534 0.880479
vt 0.297549 0.888928
vt 0.310173 0.894864
vt 0.336527 0.889900
vt 0.346550 0.885914
vt 0.367794 0.881178
vt 0.413855 0.888509
vt 0.435422 0.890667
vt 0.449684 0.910216
vt 0.464202 0.931191
vt 0.300450 0.897760
vt 0.315898 0.903588
vt 0.338168 0.894399
vt 0.352205 0.893424
vt 0.376210 0.895746
vt 0.416104 0.892895
vt 0.292489 0.898479
vt 0.301287 0.904839
vt 0.324457 0.909855
vt 0.338403 0.907213
vt 0.350027 0.907962
vt 0.379789 0.899532
vt 0.419575 0.899823
vt 0.419915 0.915382
vt 0.442555 0.928103
vt 0.397832 0.933576
vt 0.364067 0.933336
vt 0.365576 0.955576
vt 0.339928 0.956160
vt 0.372266 0.921552
vt 0.349563 0.918496
vt 0.335528 0.917282
vt 0.314693 0.919200
vt 0.299674 0.910676
vt 0.290445 0.902970
vt 0.335813 0.934837
vt 0.323179 0.931078
vt 0.307749 0.928374
vt 0.294322 0.916842
vt 0.285311 0.907674
vt 0.284669 0.906154
vt 0.289152 0.901078
vt 0.290298 0.896110
vt 0.289754 0.889370
vt 0.314873 0.944818
vt 0.429835 0.943116
vt 0.390181 0.954225
vt 0.360059 0.968691
vt 0.329566 0.968281
vt 0.306806 0.953078
vt 0.296772 0.942184
vt 0.286729 0.920748
vt 0.276346 0.910187
vt 0.275378 0.909208
vt 0.266179 0.911651
vt 0.263109 0.906900
vt 0.254383 0.904655
vt 0.393500 0.967641
vt 0.429228 0.953328
vt 0.436296 0.966693
vt 0.488762 0.964976
vt 0.485920 0.975277
vt 0.487310 0.976095
vt 0.270661 0.933667
vt 0.264082 0.919178
vt 0.275679 0.947733
vt 0.282479 0.963251
vt 0.291961 0.974708
vt 0.347469 0.981789
vt 0.415168 0.981992
vt 0.440014 0.975994
vt 0.483548 0.983567
vt 0.485825 0.984190
vt 0.478218 0.990244
vt 0.482058 0.990830
vt 0.251264 0.914332
vt 0.251924 0.935774
vt 0.252051 0.948958
vt 0.252142 0.962683
vt 0.253068 0.975326
vt 0.265296 0.992537
vt 0.251101 0.900425
vt 0.251133 0.889659
vt 0.251029 0.880663
vt 0.250667 0.870650
vt 0.250662 0.868672
vt 0.254034 0.892946
vt 0.252926 0.900715
vt 0.560875 0.865572
vt 0.560875 0.871441
vt 0.531171 0.863482
vt 0.587644 0.858398
vt 0.590579 0.863482
vt 0.607241 0.838802
vt 0.612324 0.841737
vt 0.614414 0.812032
vt 0.620284 0.812033
vt 0.607241 0.785263
vt 0.612324 0.782328
vt 0.587644 0.765666
vt 0.590579 0.760583
vt 0.560875 0.758493
vt 0.560875 0.752624
vt 0.534105 0.765666
vt 0.531171 0.760583
vt 0.514509 0.785263
vt 0.509426 0.782328
vt 0.507336 0.812032
vt 0.501466 0.812033
vt 0.514509 0.838802
vt 0.509426 0.841737
vt 0.534105 0.858398
vt 0.560875 0.812032
vt 0.455258 0.787631
vt 0.455122 0.791315
vt 0.455954 0.790954
vt 0.454314 0.790690
vt 0.453743 0.789244
vt 0.453560 0.787367
vt 0.453826 0.785560
vt 0.454502 0.784308
vt 0.455404 0.783947
vt 0.456244 0.784573
vt 0.456776 0.786018
vt 0.456892 0.787896
vt 0.456593 0.789702
vt 0.673328 0.997653
vt 0.692310 0.939369
vt 0.673328 0.939351
vt 0.692272 0.997671
vt 0.711287 0.939418
vt 0.711221 0.997719
vt 0.730255 0.939485
vt 0.730180 0.997786
vt 0.502621 0.997786
vt 0.521654 0.939551
vt 0.502696 0.939485
vt 0.521589 0.997853
vt 0.540604 0.939600
vt 0.540566 0.997902
vt 0.559548 0.939618
vt 0.559548 0.997920
vt 0.578493 0.939600
vt 0.578530 0.997902
vt 0.597442 0.939551
vt 0.597507 0.997853
vt 0.616400 0.939485
vt 0.616475 0.997786
vt 0.635369 0.939418
vt 0.635434 0.997719
vt 0.654346 0.939369
vt 0.654383 0.997671
vt 0.028175 0.347672
vt 0.013639 0.351843
vt 0.018194 0.349318
vt 0.033075 0.348636
vt 0.013177 0.363118
vt 0.032568 0.359958
vt 0.031907 0.364432
vt 0.012166 0.367311
vt 0.467203 0.460241
vt 0.466404 0.493297
vt 0.446010 0.493987
vt 0.446596 0.470598
vt 0.466044 0.453252
vt 0.439488 0.466638
vt 0.438729 0.496939
vt 0.412867 0.458439
vt 0.412107 0.488739
vt 0.925007 0.832129
vt 0.976381 0.750464
vt 0.976381 0.832129
vt 0.925007 0.750464
vt 0.076463 0.850174
vt 0.073137 0.863757
vt 0.078501 0.847521
vt 0.075746 0.860716
vt 0.085627 0.839152
vt 0.078234 0.877259
vt 0.085450 0.841902
vt 0.096971 0.842140
vt 0.095014 0.852578
vt 0.086473 0.852883
vt 0.087588 0.839151
vt 0.093269 0.832497
vt 0.106704 0.830639
vt 0.083547 0.894195
vt 0.085469 0.891877
vt 0.074622 0.881454
vt 0.071637 0.865679
vt 0.080207 0.858624
vt 0.095921 0.871935
vt 0.104121 0.857032
vt 0.109435 0.848862
vt 0.099056 0.839572
vt 0.111513 0.846453
vt 0.119959 0.859262
vt 0.122145 0.856863
vt 0.073788 0.882416
vt 0.077707 0.868489
vt 0.080185 0.879168
vt 0.113281 0.844371
vt 0.124494 0.854052
vt 0.130385 0.865149
vt 0.130423 0.865277
vt 0.129275 0.875580
vt 0.117632 0.887035
vt 0.113429 0.892311
vt 0.098536 0.896991
vt 0.097645 0.898124
vt 0.111773 0.893979
vt 0.083038 0.894654
vt 0.096813 0.898889
vt 0.105263 0.896890
vt 0.103909 0.898124
vt 0.110006 0.896127
vt 0.111697 0.894577
vt 0.087182 0.887337
vt 0.096718 0.890711
vt 0.106238 0.888567
vt 0.112935 0.882142
vt 0.114823 0.873497
vt 0.111463 0.864600
vt 0.401007 0.506607
vt 0.409839 0.499620
vt 0.410024 0.502230
vt 0.432399 0.499783
vt 0.426833 0.501861
vt 0.452165 0.505955
vt 0.447769 0.509123
vt 0.465916 0.518245
vt 0.459926 0.519382
vt 0.471191 0.530055
vt 0.474125 0.529575
vt 0.396047 0.521184
vt 0.403589 0.507530
vt 0.414754 0.505025
vt 0.428491 0.505662
vt 0.444550 0.511662
vt 0.456179 0.521363
vt 0.466037 0.531114
vt 0.473410 0.542508
vt 0.476681 0.542596
vt 0.473509 0.549192
vt 0.405059 0.553601
vt 0.395416 0.543428
vt 0.398341 0.541526
vt 0.405011 0.550871
vt 0.425936 0.559576
vt 0.423863 0.557157
vt 0.453645 0.554718
vt 0.451909 0.552747
vt 0.469932 0.548652
vt 0.468447 0.540932
vt 0.460412 0.531753
vt 0.451912 0.523441
vt 0.439632 0.514881
vt 0.425317 0.509679
vt 0.466437 0.545767
vt 0.451364 0.550043
vt 0.431811 0.552324
vt 0.410538 0.548179
vt 0.403481 0.539178
vt 0.430319 0.548838
vt 0.451901 0.547481
vt 0.464400 0.541064
vt 0.410848 0.511604
vt 0.408229 0.509589
vt 0.399100 0.520529
vt 0.393928 0.533438
vt 0.397218 0.531879
vt 0.402561 0.530907
vt 0.405037 0.528898
vt 0.405257 0.536565
vt 0.410634 0.544944
vt 0.403801 0.520794
vt 0.405593 0.520969
vt 0.686429 0.812293
vt 0.686429 0.754795
vt 0.715178 0.762498
vt 0.657679 0.762498
vt 0.636634 0.783544
vt 0.628930 0.812293
vt 0.636634 0.841043
vt 0.657679 0.862089
vt 0.686429 0.869792
vt 0.715178 0.862089
vt 0.736224 0.841043
vt 0.743927 0.812293
vt 0.736224 0.783544
vt 0.412993 0.509359
vt 0.407147 0.517409
vt 0.487348 0.990345
vt 0.217127 0.848286
vt 0.223490 0.850883
vt 0.215859 0.851009
vt 0.862611 0.654387
vt 0.866729 0.636403
vt 0.868079 0.653151
vt 0.861577 0.636361
vt 0.855438 0.654318
vt 0.855536 0.636541
vt 0.852482 0.653338
vt 0.851970 0.636590
vt 0.846143 0.653151
vt 0.844793 0.636403
vt 0.861703 0.634540
vt 0.866985 0.631451
vt 0.866764 0.634606
vt 0.861417 0.631411
vt 0.855495 0.634821
vt 0.855321 0.631582
vt 0.851854 0.634898
vt 0.851980 0.631628
vt 0.845049 0.631451
vt 0.844828 0.634606
vt 0.470202 0.767520
vt 0.459676 0.764574
vt 0.472298 0.765848
vt 0.466196 0.778002
vt 0.453064 0.776321
vt 0.456932 0.765843
vt 0.451795 0.763843
vt 0.433454 0.761355
vt 0.422632 0.761072
vt 0.422278 0.759868
vt 0.432761 0.762600
vt 0.445876 0.764264
vt 0.443688 0.775713
vt 0.453935 0.778310
vt 0.466649 0.779627
vt 0.469843 0.776648
vt 0.469518 0.776563
vt 0.472058 0.769481
vt 0.472677 0.769565
vt 0.432648 0.772581
vt 0.430548 0.771886
vt 0.432721 0.774289
vt 0.446978 0.778216
vt 0.421373 0.769654
vt 0.410167 0.758431
vt 0.410762 0.768553
vt 0.400694 0.757498
vt 0.399528 0.768137
vt 0.396136 0.760512
vt 0.395742 0.763808
vt 0.389938 0.766627
vt 0.393437 0.762975
vt 0.391884 0.756730
vt 0.394225 0.759972
vt 0.420697 0.771155
vt 0.430475 0.773500
vt 0.410512 0.770222
vt 0.399137 0.770034
vt 0.398386 0.769965
vt 0.388086 0.768174
vt 0.390189 0.755174
vt 0.399779 0.756037
vt 0.400553 0.756108
vt 0.410102 0.757000
vt 0.004864 0.915292
vt 0.004890 0.897591
vt 0.016645 0.898600
vt 0.029402 0.899461
vt 0.026491 0.912485
vt 0.013158 0.914554
vt 0.145724 0.896272
vt 0.153267 0.889544
vt 0.164775 0.894742
vt 0.140698 0.895578
vt 0.180475 0.883627
vt 0.164052 0.881200
vt 0.155098 0.882586
vt 0.184081 0.905308
vt 0.180445 0.912971
vt 0.199975 0.898809
vt 0.211507 0.882577
vt 0.203095 0.889712
vt 0.190352 0.896166
vt 0.160504 0.896449
vt 0.818384 0.713054
vt 0.804936 0.731405
vt 0.804680 0.712911
vt 0.833035 0.731697
vt 0.849675 0.716901
vt 0.867603 0.725068
vt 0.844461 0.742101
vt 0.805144 0.745317
vt 0.769644 0.733564
vt 0.779508 0.722986
vt 0.792278 0.708805
vt 0.804439 0.695151
vt 0.826501 0.705837
vt 0.824192 0.696679
vt 0.844942 0.698124
vt 0.818996 0.688428
vt 0.834289 0.681206
vt 0.811409 0.679774
vt 0.818726 0.663674
vt 0.802450 0.674311
vt 0.800358 0.652541
vt 0.792552 0.676275
vt 0.780062 0.656699
vt 0.788177 0.685268
vt 0.771101 0.674728
vt 0.787722 0.693009
vt 0.787956 0.700510
vt 0.770647 0.705978
vt 0.757274 0.709819
vt 0.753971 0.710320
vt 0.767212 0.735735
vt 0.805207 0.748314
vt 0.847277 0.745262
vt 0.872056 0.726641
vt 0.860995 0.698854
vt 0.756605 0.688348
vt 0.770168 0.690599
vt 0.757907 0.666191
vt 0.770413 0.641205
vt 0.798743 0.635584
vt 0.824396 0.650758
vt 0.846123 0.675235
vt 0.864984 0.698585
vt 0.849065 0.673306
vt 0.825812 0.647109
vt 0.798356 0.630868
vt 0.768034 0.636884
vt 0.754649 0.663626
vt 0.753256 0.687340
vt 0.488667 0.983624
vt 0.489042 0.975313
vt 0.058780 0.935148
vt 0.062846 0.932014
vt 0.056519 0.911875
vt 0.056118 0.910622
vt 0.072476 0.902417
vt 0.072552 0.900169
vt 0.052009 0.910489
vt 0.051767 0.912092
vt 0.083118 0.922368
vt 0.784335 0.651513
vt 0.776374 0.634150
vt 0.761179 0.657226
vt 0.789323 0.682004
vt 0.773444 0.668306
vt 0.794635 0.673810
vt 0.758151 0.654031
vt 0.774415 0.629333
vt 0.395143 0.761279
vt 0.395511 0.762420
vt 0.394685 0.763061
vt 0.396136 0.763531
vt 0.396368 0.761577
vt 0.264390 0.837518
vt 0.250607 0.829261
vt 0.250630 0.817288
vt 0.250464 0.842439
vt 0.236406 0.837279
vt 0.236300 0.825764
vt 0.267276 0.808211
vt 0.226771 0.836966
vt 0.228518 0.847823
vt 0.232983 0.849082
vt 0.250197 0.853421
vt 0.267312 0.849237
vt 0.271783 0.848036
vt 0.278175 0.844894
vt 0.291076 0.839782
vt 0.306390 0.837113
vt 0.274115 0.837392
vt 0.290364 0.831206
vt 0.294769 0.813718
vt 0.320527 0.805273
vt 0.333460 0.840557
vt 0.320348 0.786801
vt 0.339244 0.834362
vt 0.319639 0.765572
vt 0.316824 0.779948
vt 0.294669 0.791414
vt 0.277097 0.808255
vt 0.277357 0.826507
vt 0.264616 0.826092
vt 0.384633 0.832256
vt 0.386943 0.817436
vt 0.374032 0.778793
vt 0.344194 0.765029
vt 0.304324 0.759900
vt 0.199431 0.280184
vt 0.161506 0.309775
vt 0.185423 0.316266
vt 0.200566 0.314400
vt 0.238481 0.277795
vt 0.232435 0.308171
vt 0.264669 0.297995
vt 0.157225 0.311376
vt 0.182638 0.318614
vt 0.200899 0.318787
vt 0.237149 0.312320
vt 0.268066 0.300546
vt 0.273157 0.285724
vt 0.269178 0.225960
vt 0.233400 0.225844
vt 0.199873 0.226916
vt 0.276712 0.286430
vt 0.272966 0.225813
vt 0.266629 0.191989
vt 0.230409 0.194869
vt 0.178348 0.187905
vt 0.162360 0.216998
vt 0.152862 0.252867
vt 0.154128 0.294740
vt 0.149930 0.294961
vt 0.148636 0.252655
vt 0.268959 0.190255
vt 0.261719 0.186834
vt 0.264079 0.184893
vt 0.226286 0.177116
vt 0.226935 0.174511
vt 0.158117 0.216474
vt 0.991113 0.596098
vt 0.975638 0.564358
vt 0.889461 0.562877
vt 0.873577 0.594635
vt 0.974348 0.564921
vt 0.990465 0.531020
vt 0.874374 0.530927
vt 0.890674 0.563150
vt 0.973811 0.565435
vt 0.990001 0.532842
vt 0.873617 0.531194
vt 0.889628 0.562242
vt 0.966550 0.561499
vt 0.984876 0.532609
vt 0.898374 0.561860
vt 0.879616 0.531919
vt 0.814283 0.850978
vt 0.816579 0.860494
vt 0.814936 0.841566
vt 0.689281 0.318487
vt 0.688903 0.291732
vt 0.711359 0.299264
vt 0.657931 0.326428
vt 0.668782 0.285628
vt 0.687308 0.215493
vt 0.671401 0.098566
vt 0.663900 0.059545
vt 0.729582 0.052682
vt 0.717125 0.108746
vt 0.672406 0.161264
vt 0.733040 0.172377
vt 0.726072 0.216933
vt 0.736501 0.272433
vt 0.744629 0.287096
vt 0.730524 0.290137
vt 0.717874 0.301870
vt 0.710491 0.313521
vt 0.707649 0.339249
vt 0.682281 0.343950
vt 0.637856 0.364742
vt 0.566185 0.366645
vt 0.617536 0.344066
vt 0.651745 0.298798
vt 0.619730 0.309293
vt 0.577574 0.315950
vt 0.557535 0.316167
vt 0.521276 0.330368
vt 0.530519 0.309230
vt 0.522388 0.293164
vt 0.487082 0.318015
vt 0.490897 0.292030
vt 0.461002 0.293412
vt 0.451424 0.261845
vt 0.423903 0.279408
vt 0.408724 0.260758
vt 0.406174 0.275072
vt 0.395218 0.275896
vt 0.377050 0.287096
vt 0.457609 0.317615
vt 0.397114 0.206728
vt 0.432199 0.296262
vt 0.434768 0.320032
vt 0.434467 0.337153
vt 0.465276 0.363651
vt 0.495123 0.367897
vt 0.432205 0.349844
vt 0.500250 0.222006
vt 0.445393 0.215766
vt 0.492987 0.158981
vt 0.386809 0.156557
vt 0.482810 0.114641
vt 0.401571 0.106594
vt 0.470429 0.040952
vt 0.422452 0.057614
vt 0.531801 0.210090
vt 0.520839 0.248418
vt 0.368922 0.272433
vt 0.358492 0.216933
vt 0.365460 0.172377
vt 0.349545 0.108746
vt 0.362003 0.052682
vt 0.406294 0.035189
vt 0.461319 0.013485
vt 0.508396 0.052558
vt 0.551082 0.105512
vt 0.551531 0.179723
vt 0.428562 0.005775
vt 0.358935 0.026910
vt 0.357489 0.018205
vt 0.371584 0.006579
vt 0.441220 0.003214
vt 0.382220 0.000685
vt 0.464796 0.007598
vt 0.507938 0.021748
vt 0.518524 0.038794
vt 0.543441 0.052500
vt 0.540938 0.039545
vt 0.579562 0.039398
vt 0.578208 0.027599
vt 0.626049 0.028974
vt 0.667085 0.018978
vt 0.623906 0.052623
vt 0.670734 0.039459
vt 0.636857 0.079849
vt 0.591807 0.092728
vt 0.536603 0.013118
vt 0.725069 0.018205
vt 0.726515 0.026910
vt 0.559839 0.021521
vt 0.573191 0.007508
vt 0.617351 0.008622
vt 0.663495 0.006201
vt 0.739321 0.006579
vt 0.750115 0.000685
vt 0.667618 0.000924
vt 0.599813 0.001607
vt 0.571952 0.001173
vt 0.544818 0.003516
vt 0.508666 0.011314
vt 0.813334 0.824128
vt 0.815076 0.833527
vt 0.814734 0.812608
vt 0.787210 0.844367
vt 0.757700 0.843403
vt 0.755379 0.850571
vt 0.787447 0.839860
vt 0.820160 0.840336
vt 0.819590 0.833018
vt 0.755792 0.866537
vt 0.750195 0.922108
vt 0.757083 0.876666
vt 0.754321 0.921904
vt 0.758345 0.948585
vt 0.756840 0.954050
vt 0.795338 0.944656
vt 0.794123 0.939226
vt 0.758927 0.965476
vt 0.789405 0.955714
vt 0.811547 0.949005
vt 0.815665 0.947371
vt 0.814380 0.940380
vt 0.816625 0.931411
vt 0.820171 0.918603
vt 0.814326 0.916281
vt 0.821855 0.859082
vt 0.814496 0.871141
vt 0.786629 0.858795
vt 0.783443 0.861507
vt 0.782894 0.866592
vt 0.760260 0.880440
vt 0.759141 0.922637
vt 0.761503 0.943518
vt 0.792434 0.937697
vt 0.809644 0.919037
vt 0.810877 0.892680
vt 0.758688 0.812779
vt 0.757654 0.826307
vt 0.794347 0.821393
vt 0.787294 0.811672
vt 0.820171 0.810886
vt 0.813937 0.798611
vt 0.819444 0.796708
vt 0.894915 0.972053
vt 0.895880 0.983896
vt 0.825106 0.985438
vt 0.821698 0.973012
vt 0.819963 0.997470
vt 0.896018 0.997905
vt 0.928150 0.755251
vt 0.981368 0.758091
vt 0.984959 0.754975
vt 0.985095 0.806213
vt 0.981341 0.839545
vt 0.923875 0.843200
vt 0.923141 0.844673
vt 0.928408 0.809479
vt 0.930088 0.814981
vt 0.928663 0.758427
vt 0.982083 0.811929
vt 0.978894 0.833836
vt 0.981022 0.838078
vt 0.926619 0.838670
vt 0.982748 0.813143
vt 0.924595 0.818821
vt 0.824573 0.961546
vt 0.893731 0.950203
vt 0.893701 0.961470
vt 0.826980 0.948847
vt 0.894751 0.934140
vt 0.829949 0.938953
vt 0.824149 0.961341
vt 0.894884 0.948166
vt 0.894605 0.961004
vt 0.826968 0.947773
vt 0.892067 0.935356
vt 0.827596 0.936154
vt 0.896162 0.998097
vt 0.983698 0.805085
vt 0.986432 0.820640
vt 0.980703 0.845166
vt 0.921623 0.756811
vt 0.922207 0.800042
vt 0.927829 0.814819
vt 0.920292 0.841265
vt 0.921427 0.844919
vt 0.923127 0.834911
vt 0.923264 0.800768
vt 0.923029 0.755269
vt 0.983003 0.755757
vt 0.979591 0.805005
vt 0.979015 0.841412
vt 0.976119 0.834934
vt 0.923264 0.803517
vt 0.979591 0.807754
vt 0.979556 0.753952
vt 0.931018 0.756394
vt 0.979631 0.835818
vt 0.979922 0.753885
vt 0.933306 0.823642
vt 0.926924 0.563461
vt 0.978474 0.758292
vt 0.974183 0.802381
vt 0.974094 0.762749
vt 0.981294 0.807491
vt 0.922977 0.839402
vt 0.924335 0.839718
vt 0.923203 0.807142
vt 0.981303 0.839789
vt 0.983391 0.840232
vt 0.980753 0.827123
vt 0.923756 0.793164
vt 0.922856 0.759871
vt 0.923685 0.755166
vt 0.924987 0.788369
vt 0.923779 0.827484
vt 0.894740 0.960880
vt 0.822875 0.965336
vt 0.825228 0.957561
vt 0.894694 0.934224
vt 0.894343 0.948093
vt 0.828289 0.935256
vt 0.787588 0.784387
vt 0.821385 0.779589
vt 0.822570 0.768441
vt 0.815828 0.781642
vt 0.787532 0.798035
vt 0.758269 0.799374
vt 0.756321 0.787552
vt 0.841314 0.848995
vt 0.864327 0.848162
vt 0.827487 0.850051
vt 0.864122 0.845307
vt 0.899233 0.851176
vt 0.898122 0.846229
vt 0.901305 0.846209
vt 0.902723 0.846288
vt 0.903001 0.818829
vt 0.897644 0.792796
vt 0.891150 0.766134
vt 0.887030 0.761026
vt 0.874565 0.759420
vt 0.864090 0.757788
vt 0.852113 0.757568
vt 0.842092 0.759995
vt 0.837437 0.766134
vt 0.830961 0.792796
vt 0.825636 0.818829
vt 0.823477 0.844680
vt 0.893841 0.947623
vt 0.828146 0.935632
vt 0.895023 0.933607
vt 0.823175 0.965425
vt 0.895099 0.961814
vt 0.904528 0.819960
vt 0.904351 0.832584
vt 0.899102 0.792875
vt 0.894083 0.768227
vt 0.889609 0.762210
vt 0.886235 0.759542
vt 0.901338 0.819133
vt 0.896015 0.793297
vt 0.889613 0.766992
vt 0.886705 0.762505
vt 0.874636 0.763284
vt 0.875356 0.756481
vt 0.864089 0.756024
vt 0.852628 0.756379
vt 0.843487 0.761886
vt 0.842882 0.758747
vt 0.842943 0.761699
vt 0.838974 0.766991
vt 0.854162 0.763284
vt 0.828157 0.848297
vt 0.825187 0.844413
vt 0.864490 0.844413
vt 0.827299 0.819131
vt 0.864488 0.822260
vt 0.832590 0.793295
vt 0.864491 0.791687
vt 0.902713 0.845933
vt 0.864327 0.847154
vt 0.899036 0.849143
vt 0.825377 0.844511
vt 0.829964 0.844632
vt 0.828382 0.848230
vt 0.839241 0.767691
vt 0.832827 0.793716
vt 0.827323 0.818808
vt 0.955198 0.660582
vt 0.956588 0.656701
vt 0.957588 0.659932
vt 0.953570 0.656575
vt 0.952631 0.653019
vt 0.957140 0.663284
vt 0.958468 0.662541
vt 0.957248 0.660220
vt 0.956333 0.656995
vt 0.954351 0.653268
vt 0.951309 0.651511
vt 0.948940 0.653087
vt 0.950114 0.656441
vt 0.952089 0.660493
vt 0.955196 0.664268
vt 0.952458 0.663914
vt 0.954746 0.666151
vt 0.956644 0.671187
vt 0.958661 0.670517
vt 0.962284 0.676646
vt 0.999641 0.955692
vt 0.999614 1.000082
vt 0.950143 0.999665
vt 0.948563 0.955912
vt 0.899320 0.999631
vt 0.899667 0.954971
vt 0.609370 0.745084
vt 0.623230 0.744607
vt 0.615069 0.747578
vt 0.581450 0.748430
vt 0.531741 0.749201
vt 0.509069 0.749644
vt 0.906731 0.978958
vt 0.917342 0.970427
vt 0.957130 0.963944
vt 0.939017 0.976378
vt 0.964295 0.976294
vt 0.995571 0.971173
vt 0.995764 0.978283
vt 0.471096 0.753531
vt 0.419620 0.751761
vt 0.894549 0.962224
vt 0.823334 0.966694
vt 0.824552 0.960828
vt 0.893149 0.965529
vt 0.825188 0.957841
vt 0.823970 0.963706
vt 0.828281 0.934183
vt 0.834178 0.939591
vt 0.894391 0.938967
vt 0.895185 0.959237
vt 0.892540 0.938749
vt 0.833542 0.942579
vt 0.827646 0.937171
vt 0.893755 0.941954
vt 0.892701 0.565314
vt 0.879977 0.587849
vt 0.881437 0.539778
vt 0.986344 0.534195
vt 0.970916 0.561511
vt 0.984227 0.588196
vt 0.955165 0.697357
vt 0.953492 0.688958
vt 0.950661 0.691008
vt 0.945117 0.700444
vt 0.951951 0.705108
vt 0.949893 0.704690
vt 0.955016 0.702576
vt 0.954840 0.703626
vt 0.951559 0.698852
vt 0.952415 0.687301
vt 0.954318 0.695768
vt 0.914565 0.984119
vt 0.901699 0.957393
vt 0.999622 0.958037
vt 0.998430 0.982748
vt 0.906252 0.999616
vt 0.998089 0.996441
vt 0.987984 0.955315
vt 0.919349 0.977020
vt 0.903181 0.955315
vt 0.993583 0.984542
vt 0.900456 0.999722
vt 0.987984 0.999722
vt 0.983606 0.980129
vt 0.996716 0.998674
vt 0.899900 0.998592
vt 0.906913 0.986273
vt 0.999514 0.955551
vt 0.901295 0.955581
vt 0.977143 0.980776
vt 0.998635 0.999598
vt 0.904946 0.999598
vt 0.904946 0.981861
vt 0.980176 0.955133
vt 0.904946 0.955133
vt 0.975822 0.542632
vt 0.896032 0.540512
vt 0.901092 0.565987
vt 0.976667 0.576878
vt 0.857719 0.966184
vt 0.826358 0.972535
vt 0.885752 0.972274
vt 0.821058 0.978232
vt 0.819358 0.963211
vt 0.814799 0.964481
vt 0.812845 0.976227
vt 0.788740 0.970005
vt 0.795014 0.976121
vt 0.758745 0.979409
vt 0.756454 0.987688
vt 0.762331 0.990721
vt 0.758185 1.000956
vt 0.754246 0.998765
vt 0.924830 0.247758
vt 0.871000 0.248047
vt 0.754427 0.566390
vt 0.756616 0.566337
vt 0.761663 0.577012
vt 0.762071 0.596582
vt 0.756392 0.606999
vt 0.754243 0.606562
vt 0.762078 0.522249
vt 0.750906 0.546274
vt 0.751302 0.532674
vt 0.766397 0.536643
vt 0.763974 0.559660
vt 0.763818 0.574772
vt 0.841201 0.997604
vt 0.841091 0.992412
vt 0.874663 0.997861
vt 0.848715 0.547353
vt 0.862414 0.545037
vt 0.846828 0.571207
vt 0.856753 0.517736
vt 0.847529 0.527565
vt 0.790478 0.581184
vt 0.824340 0.592803
vt 0.791756 0.593203
vt 0.769703 0.587296
vt 0.772205 0.597799
vt 0.765380 0.604046
vt 0.843042 0.583747
vt 0.827162 0.577998
vt 0.845539 0.581614
vt 0.851209 0.600045
vt 0.848310 0.600984
vt 0.843466 0.622594
vt 0.842071 0.594658
vt 0.825083 0.580555
vt 0.788533 0.578700
vt 0.767514 0.585273
vt 0.762063 0.603212
vt 0.773127 0.622422
vt 0.793321 0.619609
vt 0.845891 0.623551
vt 0.770025 0.623161
vt 0.823829 0.619384
vt 0.531287 0.248063
vt 0.536541 0.211672
vt 0.540784 0.212197
vt 0.527061 0.247852
vt 0.661133 0.283530
vt 0.655131 0.281626
vt 0.659827 0.278461
vt 0.646486 0.295741
vt 0.643089 0.293190
vt 0.615570 0.307514
vt 0.610856 0.303366
vt 0.579321 0.313981
vt 0.578988 0.309595
vt 0.563846 0.311461
vt 0.577853 0.275380
vt 0.578295 0.222114
vt 0.556771 0.183104
vt 0.561061 0.313809
vt 0.535649 0.306571
vt 0.608830 0.190068
vt 0.611821 0.221042
vt 0.616902 0.272991
vt 0.647598 0.221158
vt 0.651577 0.280919
vt 0.651386 0.221011
vt 0.647379 0.185454
vt 0.650069 0.180491
vt 0.642499 0.180093
vt 0.606919 0.167338
vt 0.605356 0.169711
vt 0.604708 0.172316
vt 0.640139 0.182033
vt 0.645049 0.187188
vt 0.656309 0.219676
vt 0.654309 0.208743
vt 0.663911 0.207285
vt 0.665911 0.218506
vt 0.660178 0.184432
vt 0.657723 0.178036
vt 0.651478 0.185457
vt 0.657766 0.244512
vt 0.658502 0.254295
vt 0.667866 0.243280
vt 0.668309 0.253327
vt 0.669230 0.277880
vt 0.905668 0.998968
vt 0.902609 0.956552
vt 0.965138 0.955764
vt 0.992701 0.954612
vt 0.994972 0.987221
vt 0.990568 0.998171
vt 0.995197 0.977020
vt 0.978199 0.999722
vt 0.966294 0.999722
vt 0.993113 0.955315
vt 0.912133 0.984365
vt 0.904588 0.955315
vt 0.904588 0.999722
vt 0.993305 0.960826
vt 0.994005 0.987835
vt 0.943951 0.973323
vt 0.904767 0.997541
vt 0.910358 0.985155
vt 0.912162 0.964467
vt 0.825302 0.758391
vt 0.821123 0.750828
vt 0.788639 0.769304
vt 0.819873 0.760548
vt 0.787961 0.775422
vt 0.755713 0.770116
vt 0.755024 0.777027
vt 0.592731 0.105773
vt 0.642418 0.153841
vt 0.558537 0.090185
vt 0.990922 0.595653
vt 0.974306 0.562162
vt 0.873839 0.595745
vt 0.890481 0.563877
vt 0.989874 0.595797
vt 0.972279 0.562758
vt 0.872876 0.597476
vt 0.888746 0.565836
vt 0.989325 0.594301
vt 0.970053 0.562293
vt 0.874337 0.595748
vt 0.889656 0.564347
vt 0.528354 0.290156
vt 0.539930 0.304969
vt 0.532552 0.289936
vt 0.986575 0.536896
vt 0.972302 0.567411
vt 0.890924 0.554090
vt 0.878013 0.535412
vt 0.284024 0.376104
vt 0.297102 0.375849
vt 0.874971 0.387529
vt 0.876768 0.317856
vt 0.694738 0.905635
vt 0.713738 0.935715
vt 0.694716 0.935664
vt 0.713775 0.905679
vt 0.732759 0.935786
vt 0.732802 0.905739
vt 0.713814 0.875633
vt 0.732847 0.875692
vt 0.694761 0.875589
vt 0.675695 0.875574
vt 0.675695 0.905619
vt 0.656630 0.875590
vt 0.656652 0.905635
vt 0.637576 0.875633
vt 0.637615 0.905679
vt 0.618543 0.875692
vt 0.618588 0.905739
vt 0.599534 0.875751
vt 0.599572 0.905799
vt 0.580545 0.875794
vt 0.580567 0.905843
vt 0.561567 0.875810
vt 0.561567 0.905859
vt 0.523562 0.905799
vt 0.542546 0.935909
vt 0.523525 0.935857
vt 0.542567 0.905843
vt 0.561567 0.935928
vt 0.580588 0.935909
vt 0.599610 0.935857
vt 0.618631 0.935786
vt 0.637652 0.935715
vt 0.656674 0.935664
vt 0.675695 0.935645
vt 0.542590 0.875794
vt 0.523601 0.875751
vt 0.504591 0.875692
vt 0.504547 0.905739
vt 0.504503 0.935786
vt 0.892920 0.554306
vt 0.976926 0.546401
vt 0.977631 0.587975
vt 0.894430 0.582667
vt 0.366503 0.343304
vt 0.374393 0.323529
vt 0.368033 0.319428
vt 0.378058 0.332929
vt 0.378460 0.345109
vt 0.375917 0.356805
vt 0.371149 0.364883
vt 0.365211 0.367179
vt 0.359452 0.363078
vt 0.355264 0.353678
vt 0.353784 0.341499
vt 0.355712 0.329802
vt 0.360954 0.321724
vt 0.899150 0.981042
vt 0.903013 0.955399
vt 0.998807 0.955399
vt 0.998807 0.980305
vt 0.926522 0.999864
vt 0.998807 0.999864
vt 0.789815 0.576571
vt 0.768719 0.576571
vt 0.768719 0.559690
vt 0.768719 0.509126
vt 0.843598 0.509126
vt 0.843598 0.518683
vt 0.768719 0.520556
vt 0.823813 0.529290
vt 0.843598 0.559286
vt 0.822283 0.551658
vt 0.788135 0.534016
vt 0.790780 0.553904
vt 0.768719 0.534723
vt 0.790411 0.565251
vt 0.825222 0.576571
vt 0.823760 0.564784
vt 0.843598 0.576571
vt 0.938746 0.382974
vt 0.946860 0.382072
vt 0.952106 0.375293
vt 0.931446 0.377945
vt 0.950074 0.354441
vt 0.925626 0.357054
vt 0.924753 0.757644
vt 0.927127 0.805636
vt 0.923251 0.758334
vt 0.980261 0.757345
vt 0.983564 0.809836
vt 0.933721 0.815161
vt 0.921267 0.842706
vt 0.921568 0.845087
vt 0.979667 0.841976
vt 0.980976 0.844356
vt 0.980869 0.807102
vt 0.977659 0.756851
vt 0.928046 0.806639
vt 0.924148 0.838017
vt 0.977502 0.837304
s 1
usemtl combinesoldiersheet.001
f 1/1/1 2/2/2 3/3/3
f 4/4/4 5/5/5 3/3/3
f 6/6/6 7/7/7 8/8/8
f 9/9/9 8/8/8 7/7/7
f 9/9/9 10/10/10 8/8/8
f 11/11/11 10/10/10 9/9/9
f 11/11/11 12/12/12 10/10/10
f 13/13/13 6/6/6 14/14/14
f 6/6/6 15/15/15 14/14/14
f 6/6/6 16/16/16 15/15/15
f 17/17/17 16/16/16 6/6/6
f 17/17/17 6/6/6 8/8/8
f 18/18/18 17/17/17 8/8/8
f 18/18/18 8/8/8 10/10/10
f 19/19/19 18/18/18 10/10/10
f 19/19/19 10/10/10 12/12/12
f 12/12/12 20/20/20 19/19/19
f 12/12/12 21/21/21 20/20/20
f 21/21/21 12/12/12 11/11/11
f 21/21/21 11/11/11 22/22/22
f 23/23/23 21/21/21 22/22/22
f 23/23/23 24/24/24 21/21/21
f 25/25/25 24/24/24 23/23/23
f 25/25/25 26/26/26 24/24/24
f 26/26/26 20/20/20 24/24/24
f 24/24/24 20/20/20 21/21/21
f 25/25/25 23/23/23 27/27/27
f 28/28/28 14/14/14 15/15/15
f 29/29/29 14/14/14 28/28/28
f 29/29/29 13/13/13 14/14/14
f 30/30/30 13/13/13 29/29/29
f 30/30/30 31/31/31 13/13/13
f 6/6/6 13/13/13 31/31/31
f 6/6/6 31/31/31 32/32/32
f 6/6/6 32/32/32 7/7/7
f 32/32/32 33/33/33 7/7/7
f 34/34/34 7/7/7 33/33/33
f 34/34/34 9/9/35 7/7/7
f 35/35/36 9/9/35 34/34/34
f 35/35/36 11/11/37 9/9/35
f 22/22/38 11/11/37 35/35/36
f 29/29/29 28/28/28 36/36/39
f 29/29/29 36/36/39 37/37/40
f 29/29/29 37/37/40 38/38/41
f 29/29/29 38/38/41 39/39/42
f 29/29/29 39/39/42 30/30/30
f 40/40/43 30/30/30 39/39/42
f 40/40/43 31/31/31 30/30/30
f 41/41/44 31/31/31 40/40/43
f 32/32/32 31/31/31 41/41/44
f 32/32/32 41/41/44 42/42/45
f 33/33/33 32/32/32 42/42/45
f 33/33/33 42/42/45 43/43/46
f 34/34/34 33/33/33 43/43/46
f 34/34/34 43/43/46 44/44/47
f 34/34/34 44/44/47 45/45/48
f 34/34/34 45/45/48 35/35/36
f 45/45/48 46/46/49 35/35/36
f 22/22/38 35/35/36 46/46/49
f 46/46/49 23/23/50 22/22/38
f 47/47/51 41/41/44 40/40/43
f 23/23/50 48/48/52 27/27/53
f 23/23/50 49/49/54 48/48/52
f 46/46/49 49/49/54 23/23/50
f 49/49/54 46/46/49 50/50/55
f 45/45/48 50/50/55 46/46/49
f 50/50/55 45/45/48 51/51/56
f 44/44/47 51/51/56 45/45/48
f 44/44/47 52/52/57 51/51/56
f 44/44/47 53/53/58 52/52/57
f 44/44/47 43/43/46 53/53/58
f 53/53/58 43/43/46 54/54/59
f 54/54/59 43/43/46 42/42/45
f 54/54/59 42/42/45 55/55/60
f 42/42/45 56/56/61 55/55/60
f 55/55/60 56/56/61 57/57/62
f 55/55/60 57/57/62 58/58/63
f 58/58/63 57/57/62 59/59/64
f 58/58/63 59/59/64 60/60/65
f 48/48/52 49/49/54 61/61/66
f 49/49/54 50/50/55 61/61/66
f 50/50/55 51/51/56 61/61/66
f 62/62/67 58/58/63 60/60/65
f 62/62/67 60/60/65 63/63/68
f 63/63/68 64/64/69 65/65/70
f 63/63/68 65/65/70 62/62/67
f 53/53/58 62/62/67 65/65/70
f 53/53/58 54/54/59 62/62/67
f 58/58/63 62/62/67 54/54/59
f 58/58/63 54/54/59 55/55/60
f 66/66/71 60/60/65 59/59/64
f 63/63/68 60/60/65 66/66/71
f 63/63/68 66/66/71 67/67/72
f 64/64/69 63/63/68 67/67/72
f 64/64/69 67/67/72 68/68/73
f 69/69/74 68/68/73 67/67/72
f 69/69/74 67/67/72 70/70/75
f 70/70/75 71/71/76 69/69/74
f 70/70/75 72/72/77 71/71/76
f 73/73/78 71/71/76 72/72/77
f 74/74/79 73/73/78 72/72/77
f 74/74/79 75/75/80 73/73/78
f 74/74/79 76/76/81 75/75/80
f 74/74/79 66/66/71 76/76/81
f 66/66/71 59/59/64 76/76/81
f 72/72/77 70/70/75 74/74/79
f 70/70/75 66/66/71 74/74/79
f 70/70/75 67/67/72 66/66/71
f 77/77/82 78/78/83 79/79/84
f 77/77/82 79/79/84 80/80/85
f 80/80/85 81/81/86 77/77/82
f 81/81/86 82/82/87 83/83/88
f 82/82/87 81/81/86 80/80/85
f 82/82/87 80/80/85 84/84/89
f 84/84/89 80/80/85 79/79/84
f 79/79/84 85/85/90 84/84/89
f 79/79/84 86/86/91 85/85/90
f 79/79/84 87/87/92 86/86/91
f 79/79/84 88/88/93 87/87/92
f 79/79/84 89/89/94 88/88/93
f 89/89/94 79/79/84 78/78/83
f 78/78/83 90/90/95 89/89/94
f 90/90/95 78/78/83 91/91/96
f 91/91/96 92/92/97 90/90/95
f 92/92/97 91/91/96 93/93/98
f 92/92/97 93/93/98 94/94/99
f 95/95/100 94/94/99 93/93/98
f 95/95/100 96/96/101 94/94/99
f 97/97/102 96/96/101 95/95/100
f 97/97/102 98/98/103 96/96/101
f 98/98/103 97/97/102 99/99/104
f 99/99/104 83/83/88 98/98/103
f 83/83/88 99/99/104 81/81/86
f 100/100/105 81/81/86 99/99/104
f 100/100/105 77/77/82 81/81/86
f 100/100/105 101/101/106 77/77/82
f 77/77/82 101/101/106 78/78/83
f 91/91/96 78/78/83 101/101/106
f 93/93/98 91/91/96 101/101/106
f 93/93/98 101/101/106 102/102/107
f 93/93/98 102/102/107 95/95/100
f 97/97/102 95/95/100 102/102/107
f 97/97/102 102/102/107 100/100/105
f 99/99/104 97/97/102 100/100/105
f 100/100/105 102/102/107 101/101/106
f 103/103/108 104/104/109 105/105/110
f 103/103/108 105/105/110 106/106/111
f 103/103/108 106/106/111 107/107/112
f 107/107/112 106/106/111 108/108/113
f 107/107/112 108/108/113 104/104/109
f 86/109/114 104/104/109 108/108/113
f 109/110/115 104/104/109 86/109/114
f 109/110/115 105/105/110 104/104/109
f 110/111/116 105/105/110 109/110/115
f 110/111/116 106/106/111 105/105/110
f 85/112/117 106/106/111 110/111/116
f 85/112/117 108/108/113 106/106/111
f 86/109/114 108/108/113 85/112/117
f 107/107/112 104/104/109 103/103/108
f 111/113/118 110/114/119 112/115/120
f 110/114/119 109/116/121 112/115/120
f 88/117/122 89/118/123 112/115/120
f 113/119/124 88/117/122 112/115/120
f 114/120/125 113/119/124 112/115/120
f 109/116/121 114/120/125 112/115/120
f 109/116/121 87/121/126 114/120/125
f 109/116/121 86/122/127 87/121/126
f 115/123/128 82/124/129 116/125/130
f 116/125/130 82/124/129 111/113/118
f 82/124/129 84/126/131 111/113/118
f 110/114/119 111/113/118 84/126/131
f 84/126/131 85/127/132 110/114/119
f 115/123/128 83/128/133 82/124/129
f 116/125/130 111/113/118 117/129/134
f 117/129/134 111/113/118 118/130/135
f 111/113/118 119/131/136 118/130/135
f 111/113/118 112/115/120 119/131/136
f 120/132/137 119/131/136 112/115/120
f 120/132/137 112/115/120 89/118/123
f 120/132/137 89/118/123 90/133/138
f 121/134/139 120/132/137 90/133/138
f 121/134/139 90/133/138 92/135/140
f 122/136/141 121/134/139 92/135/140
f 122/136/141 92/135/140 94/137/142
f 122/136/141 94/137/142 96/138/143
f 117/129/134 118/130/135 123/139/144
f 124/140/145 125/141/146 120/132/137
f 124/140/145 120/132/137 121/134/139
f 122/136/141 124/140/145 121/134/139
f 122/136/141 126/142/147 124/140/145
f 127/143/148 123/139/144 128/144/149
f 127/143/148 117/129/134 123/139/144
f 117/129/134 127/143/148 129/145/150
f 116/125/130 117/129/134 129/145/150
f 130/146/151 116/125/130 129/145/150
f 130/146/151 115/123/128 116/125/130
f 131/147/152 115/123/128 130/146/151
f 131/147/152 132/148/153 115/123/128
f 83/128/133 115/123/128 132/148/153
f 132/148/153 98/149/154 83/128/133
f 132/148/153 133/150/155 98/149/154
f 96/138/143 98/149/154 133/150/155
f 96/138/143 133/150/155 134/151/156
f 122/136/141 96/138/143 134/151/156
f 135/152/157 122/136/141 134/151/156
f 135/152/157 126/142/147 122/136/141
f 135/152/157 136/153/158 126/142/147
f 137/154/159 138/155/160 139/156/161
f 137/154/159 139/156/161 140/157/162
f 140/157/162 139/156/161 141/158/163
f 140/157/162 141/158/163 142/159/164
f 140/157/162 142/159/164 143/160/165
f 142/159/164 144/161/166 143/160/165
f 144/161/166 145/162/167 143/160/165
f 127/143/148 143/160/165 145/162/167
f 129/145/150 127/143/148 145/162/167
f 129/145/150 145/162/167 146/163/168
f 130/146/151 129/145/150 146/163/168
f 130/146/151 146/163/168 147/164/169
f 130/146/151 147/164/169 148/165/170
f 130/146/151 148/165/170 131/147/152
f 149/166/171 145/162/167 144/161/166
f 150/167/172 151/168/173 152/169/174
f 150/167/172 153/170/175 151/168/173
f 153/170/175 154/171/176 151/168/173
f 153/170/175 155/172/177 154/171/176
f 153/170/175 156/173/178 155/172/177
f 155/172/177 156/173/178 157/174/179
f 156/173/178 158/175/180 157/174/179
f 158/175/180 159/176/181 157/174/179
f 158/175/180 160/177/182 159/176/181
f 161/178/183 159/176/181 160/177/182
f 162/179/184 161/178/183 160/177/182
f 163/180/185 161/178/183 162/179/184
f 140/157/162 163/180/185 162/179/184
f 140/157/162 164/181/186 163/180/185
f 140/157/162 165/182/187 164/181/186
f 140/157/162 143/160/165 165/182/187
f 143/160/165 128/144/149 165/182/187
f 143/160/165 127/143/148 128/144/149
f 156/173/178 166/183/188 158/175/180
f 163/180/185 167/184/189 161/178/183
f 167/184/189 159/176/181 161/178/183
f 167/184/189 168/185/190 159/176/181
f 169/186/191 159/176/181 168/185/190
f 159/176/181 169/186/191 157/174/179
f 155/172/177 157/174/179 169/186/191
f 170/187/192 169/186/191 171/188/193
f 169/186/191 168/185/190 171/188/193
f 155/172/177 170/189/192 154/171/176
f 155/172/177 169/186/191 170/189/192
f 172/190/194 153/170/175 173/191/195
f 153/170/175 172/190/194 156/173/178
f 174/192/196 156/173/178 172/190/194
f 156/173/178 174/192/196 166/183/188
f 166/183/188 174/192/196 175/193/197
f 166/183/188 175/193/197 176/194/198
f 176/194/198 158/175/180 166/183/188
f 158/175/180 176/194/198 177/195/199
f 158/175/180 177/195/199 160/177/182
f 162/179/184 160/177/182 177/195/199
f 178/196/200 162/179/184 177/195/199
f 137/154/159 162/179/184 178/196/200
f 140/157/162 162/179/184 137/154/159
f 175/193/197 174/192/196 172/190/194
f 178/196/200 177/195/199 179/197/201
f 148/165/170 180/198/202 181/199/203
f 180/198/202 173/191/195 181/199/203
f 182/200/204 181/199/203 173/191/195
f 173/191/195 153/170/175 182/200/204
f 150/167/172 182/200/204 153/170/175
f 183/201/205 114/109/206 87/110/207
f 114/109/206 183/201/205 184/202/208
f 114/109/206 184/202/208 113/112/209
f 113/112/209 184/202/208 185/203/210
f 113/112/209 185/203/210 88/111/211
f 88/111/211 185/203/210 186/204/212
f 88/111/211 186/204/212 87/110/207
f 87/110/207 186/204/212 183/201/205
f 183/201/205 186/204/212 185/203/210
f 183/201/205 185/203/210 184/202/208
f 187/205/213 188/206/214 189/207/215
f 190/208/216 187/205/213 36/36/39
f 187/205/213 190/208/216 188/206/214
f 190/208/216 191/209/217 188/206/214
f 192/210/218 193/211/219 194/212/220
f 195/213/221 193/211/219 192/210/218
f 26/26/222 195/213/221 192/210/218
f 26/26/222 192/210/218 20/20/223
f 196/214/224 20/20/223 192/210/218
f 196/214/224 19/19/225 20/20/223
f 196/214/224 18/18/226 19/19/225
f 196/214/224 197/215/227 18/18/226
f 197/215/227 17/17/17 18/18/226
f 198/216/228 17/17/17 197/215/227
f 16/16/16 17/17/17 198/216/228
f 198/216/228 199/217/229 16/16/16
f 16/16/16 199/217/229 200/218/230
f 16/16/16 200/218/230 191/209/217
f 16/16/16 191/209/217 15/15/15
f 190/208/216 15/15/15 191/209/217
f 28/28/28 15/15/15 190/208/216
f 190/208/216 36/36/39 28/28/28
f 192/210/218 194/212/220 196/214/224
f 194/212/220 197/215/227 196/214/224
f 194/212/220 201/219/231 197/215/227
f 198/216/228 197/215/227 201/219/231
f 188/220/214 202/221/232 189/222/215
f 203/223/233 204/224/234 205/225/235
f 204/224/234 206/226/236 205/225/235
f 207/227/237 206/226/236 204/224/234
f 208/228/238 206/226/236 207/227/237
f 208/228/238 209/229/239 206/226/236
f 208/228/238 210/230/240 209/229/239
f 211/231/241 209/229/239 210/230/240
f 211/231/241 210/230/240 212/232/242
f 211/231/241 212/232/242 213/233/243
f 214/234/244 213/233/243 212/232/242
f 214/234/244 215/235/245 213/233/243
f 216/236/246 215/235/245 214/234/244
f 216/236/246 202/221/232 215/235/245
f 202/221/232 217/237/247 215/235/245
f 188/220/214 217/237/247 202/221/232
f 188/220/214 218/238/248 217/237/247
f 188/220/214 191/239/217 218/238/248
f 218/238/248 191/239/217 200/240/230
f 205/225/235 206/226/236 209/229/239
f 219/241/249 211/231/241 220/242/250
f 218/238/248 220/242/250 211/231/241
f 218/238/248 211/231/241 213/233/243
f 213/233/243 217/237/247 218/238/248
f 213/233/243 215/235/245 217/237/247
f 218/238/248 200/240/230 220/242/250
f 220/242/250 200/240/230 199/243/229
f 220/242/250 199/243/229 219/241/249
f 219/241/249 199/243/229 221/244/251
f 199/243/229 198/245/228 221/244/251
f 221/244/251 198/245/228 201/246/231
f 210/230/240 208/228/238 222/247/252
f 210/230/240 222/247/252 212/232/242
f 214/234/244 212/232/242 222/247/252
f 214/234/244 222/247/252 223/248/253
f 216/236/246 214/234/244 223/248/253
f 223/248/253 224/249/254 216/236/246
f 223/248/253 225/250/255 224/249/254
f 226/251/256 225/250/255 223/248/253
f 226/251/256 227/252/257 225/250/255
f 228/253/258 227/252/257 226/251/256
f 227/252/257 38/254/41 225/250/255
f 38/254/41 224/249/254 225/250/255
f 38/254/41 37/255/40 224/249/254
f 222/247/252 229/256/259 230/257/260
f 223/248/253 222/247/252 230/257/260
f 231/258/261 223/248/253 230/257/260
f 226/251/256 223/248/253 231/258/261
f 232/259/262 226/251/256 231/258/261
f 228/253/258 226/251/256 232/259/262
f 233/260/263 228/253/258 232/259/262
f 233/260/263 232/259/262 234/261/264
f 233/260/263 234/261/264 235/262/265
f 235/262/265 234/261/264 236/263/266
f 235/262/265 236/263/266 237/264/267
f 237/264/267 236/263/266 238/265/268
f 237/264/267 238/265/268 239/266/269
f 239/266/269 238/265/268 47/267/51
f 239/266/269 47/267/51 240/268/270
f 240/268/270 241/269/271 239/266/269
f 240/268/270 242/270/272 241/269/271
f 242/270/272 243/271/273 241/269/271
f 233/260/263 235/262/265 244/272/274
f 245/273/275 56/274/61 42/275/45
f 245/273/275 42/275/45 41/276/44
f 245/273/275 41/276/44 229/256/259
f 246/277/276 229/256/259 41/276/44
f 246/277/276 230/257/260 229/256/259
f 246/277/276 231/258/261 230/257/260
f 246/277/276 247/278/277 231/258/261
f 232/259/262 231/258/261 247/278/277
f 247/278/277 234/261/264 232/259/262
f 247/278/277 236/263/266 234/261/264
f 246/277/276 236/263/266 247/278/277
f 246/277/276 238/265/268 236/263/266
f 238/265/268 246/277/276 41/276/44
f 238/265/268 41/276/44 47/267/51
f 57/279/62 56/274/61 248/280/278
f 56/274/61 249/281/279 248/280/278
f 250/282/280 248/280/278 249/281/279
f 250/282/280 251/283/281 248/280/278
f 57/279/62 248/280/278 251/283/281
f 251/283/281 59/284/64 57/279/62
f 73/285/78 75/286/80 252/287/282
f 75/286/80 76/288/81 252/287/282
f 76/288/81 253/289/283 252/287/282
f 253/289/283 76/288/81 59/284/64
f 253/289/283 59/284/64 254/290/284
f 251/283/281 254/290/284 59/284/64
f 255/291/285 254/290/284 251/283/281
f 255/291/285 251/283/281 250/282/280
f 256/292/286 255/291/285 250/282/280
f 250/282/280 203/223/233 256/292/286
f 250/282/280 249/281/279 203/223/233
f 203/223/233 249/281/279 204/224/234
f 56/274/61 204/224/234 249/281/279
f 56/274/61 207/227/237 204/224/234
f 207/227/237 56/274/61 245/273/275
f 245/273/275 208/228/238 207/227/237
f 208/228/238 245/273/275 229/256/259
f 208/228/238 229/256/259 222/247/252
f 257/293/287 254/290/284 255/291/285
f 257/293/287 253/289/283 254/290/284
f 253/289/283 257/293/287 258/294/288
f 253/289/283 258/294/288 252/287/282
f 219/241/249 259/295/289 211/231/241
f 259/295/289 260/296/290 211/231/241
f 211/231/241 260/296/290 209/229/239
f 261/297/291 209/229/239 260/296/290
f 205/225/235 209/229/239 261/297/291
f 261/297/291 53/298/58 205/225/235
f 203/223/233 205/225/235 53/298/58
f 203/223/233 53/298/58 65/299/70
f 256/292/286 203/223/233 65/299/70
f 262/300/292 256/292/286 65/299/70
f 256/292/286 262/300/292 255/291/285
f 255/291/285 262/300/292 263/301/293
f 255/291/285 263/301/293 257/293/287
f 257/293/287 263/301/293 264/302/294
f 257/293/287 264/302/294 258/294/288
f 258/294/288 264/302/294 71/303/76
f 252/287/282 258/294/288 71/303/76
f 252/287/282 71/303/76 73/285/78
f 71/303/76 264/302/294 69/304/74
f 264/302/294 68/305/73 69/304/74
f 68/305/73 264/302/294 263/301/293
f 68/305/73 263/301/293 64/306/69
f 263/301/293 262/300/292 64/306/69
f 262/300/292 65/299/70 64/306/69
f 265/307/295 266/308/296 267/309/297
f 268/310/298 267/309/297 266/308/296
f 268/310/298 266/308/296 269/311/299
f 269/311/299 270/312/300 268/310/298
f 269/311/299 271/313/301 270/312/300
f 270/312/300 271/313/301 272/314/302
f 270/312/300 272/314/302 273/315/303
f 272/314/302 261/297/291 273/315/303
f 272/314/302 53/298/58 261/297/291
f 52/316/57 53/298/58 272/314/302
f 52/316/57 272/314/302 271/313/301
f 52/316/57 271/313/301 269/311/299
f 52/316/57 269/311/299 51/317/56
f 266/308/296 51/317/56 269/311/299
f 266/308/296 61/318/66 51/317/56
f 48/319/52 61/318/66 266/308/296
f 48/319/52 266/308/296 265/307/295
f 265/307/295 27/320/53 48/319/52
f 27/320/53 265/307/295 267/309/297
f 27/320/53 267/309/297 274/321/304
f 268/310/298 274/321/304 267/309/297
f 268/310/298 275/322/305 274/321/304
f 275/322/305 268/310/298 270/312/300
f 275/322/305 270/312/300 276/323/306
f 276/323/306 270/312/300 273/315/303
f 276/323/306 273/315/303 277/324/307
f 273/315/303 278/325/308 277/324/307
f 273/315/303 261/297/291 278/325/308
f 274/321/309 279/326/310 280/327/311
f 274/321/309 275/322/312 279/326/310
f 276/323/313 279/326/310 275/322/312
f 276/323/313 281/328/314 279/326/310
f 277/324/315 281/328/314 276/323/313
f 277/324/315 282/329/316 281/328/314
f 278/325/308 282/329/316 277/324/315
f 278/325/308 283/330/317 282/329/316
f 261/297/291 260/296/290 278/325/308
f 283/330/317 278/325/308 260/296/290
f 283/330/317 260/296/290 259/295/289
f 259/295/289 284/331/318 283/330/317
f 282/329/316 283/330/317 284/331/318
f 282/329/316 284/331/318 285/332/319
f 282/329/316 285/332/319 286/333/320
f 282/329/316 286/333/320 281/328/314
f 287/334/321 281/328/314 286/333/320
f 287/334/321 279/326/310 281/328/314
f 288/335/322 279/326/310 287/334/321
f 288/335/322 280/327/311 279/326/310
f 280/327/311 288/335/322 26/336/26
f 26/336/26 274/321/309 280/327/311
f 26/336/26 27/320/27 274/321/309
f 25/337/25 27/320/27 26/336/26
f 26/336/222 288/335/323 289/338/324
f 287/334/325 289/338/324 288/335/323
f 287/334/325 290/339/326 289/338/324
f 290/339/326 287/334/325 286/333/327
f 290/339/326 286/333/327 291/340/328
f 285/332/329 291/340/328 286/333/327
f 285/332/329 292/341/330 291/340/328
f 285/332/329 284/331/318 292/341/330
f 293/342/331 292/341/330 284/331/318
f 291/340/328 292/341/330 293/342/331
f 291/340/328 293/342/331 294/343/332
f 290/339/326 291/340/328 294/343/332
f 290/339/326 294/343/332 295/344/333
f 295/344/333 289/338/324 290/339/326
f 295/344/333 296/345/334 289/338/324
f 26/336/222 289/338/324 296/345/334
f 26/336/222 296/345/334 195/346/221
f 195/346/221 296/345/334 193/347/219
f 296/345/334 194/348/220 193/347/219
f 296/345/334 295/344/333 194/348/220
f 295/344/333 201/246/231 194/348/220
f 295/344/333 294/343/332 201/246/231
f 294/343/332 293/342/331 201/246/231
f 221/244/251 201/246/231 293/342/331
f 293/342/331 284/331/318 221/244/251
f 219/241/249 221/244/251 284/331/318
f 219/241/249 284/331/318 259/295/289
f 297/349/335 298/350/336 170/351/337
f 164/352/338 165/353/339 299/354/340
f 128/355/341 299/354/340 165/353/339
f 123/356/342 299/354/340 128/355/341
f 123/356/342 300/357/343 299/354/340
f 123/356/342 301/358/344 300/357/343
f 300/357/343 301/358/344 302/359/345
f 301/358/344 303/360/346 302/359/345
f 301/358/344 304/361/347 303/360/346
f 119/362/348 304/361/347 301/358/344
f 119/362/348 301/358/344 118/363/349
f 123/356/342 118/363/349 301/358/344
f 299/354/340 300/357/343 305/364/350
f 300/357/343 302/359/345 305/364/350
f 306/365/351 305/364/350 307/366/352
f 305/364/350 302/359/345 307/366/352
f 302/359/345 308/367/353 307/366/352
f 302/359/345 303/360/346 308/367/353
f 303/360/346 309/368/354 308/367/353
f 303/360/346 310/369/355 309/368/354
f 304/361/347 310/369/355 303/360/346
f 304/361/347 311/370/356 310/369/355
f 311/370/356 304/361/347 119/362/348
f 120/371/137 311/370/356 119/362/348
f 120/371/137 125/372/146 312/373/357
f 120/371/137 312/373/357 311/370/356
f 311/370/356 312/373/357 313/374/358
f 311/370/356 313/374/358 310/369/355
f 310/369/355 313/374/358 314/375/359
f 310/369/355 314/375/359 309/368/354
f 309/368/354 314/375/359 136/376/360
f 136/376/360 135/377/361 309/368/354
f 309/368/354 135/377/361 134/378/362
f 309/368/354 134/378/362 308/367/353
f 308/367/353 134/378/362 133/379/363
f 308/367/353 133/379/363 307/366/352
f 133/379/363 132/380/364 307/366/352
f 315/381/365 307/366/352 132/380/364
f 132/380/364 131/382/366 315/381/365
f 316/383/367 315/381/365 131/382/366
f 131/382/366 181/384/368 316/383/367
f 317/385/369 316/383/367 181/384/368
f 318/386/370 315/381/365 316/383/367
f 319/387/371 318/386/370 316/383/367
f 319/387/371 316/383/367 317/385/369
f 306/365/351 307/366/352 315/381/365
f 318/386/370 306/365/351 315/381/365
f 320/388/372 306/365/351 318/386/370
f 319/387/371 320/388/372 318/386/370
f 319/387/371 321/389/373 320/388/372
f 319/387/371 322/390/374 321/389/373
f 319/387/371 323/391/375 322/390/374
f 323/391/375 319/387/371 317/385/369
f 323/391/375 317/385/369 324/392/376
f 317/385/369 181/384/368 182/393/377
f 182/393/377 150/394/378 317/385/369
f 324/392/376 317/385/369 150/394/378
f 150/394/378 152/395/379 324/392/376
f 325/396/380 324/392/376 152/395/379
f 324/392/376 325/396/380 326/397/381
f 326/397/381 323/391/375 324/392/376
f 327/398/382 323/391/375 326/397/381
f 327/398/382 322/390/374 323/391/375
f 322/390/374 327/398/382 168/399/383
f 168/399/383 167/400/384 322/390/374
f 321/389/373 322/390/374 167/400/384
f 321/389/373 167/400/384 163/401/385
f 321/389/373 163/401/385 164/352/338
f 321/389/373 164/352/338 320/388/372
f 164/352/338 299/354/340 320/388/372
f 320/388/372 299/354/340 306/365/351
f 299/354/340 305/364/350 306/365/351
f 297/349/386 327/398/382 326/397/381
f 297/349/386 168/399/383 327/398/382
f 297/349/386 171/402/387 168/399/383
f 170/351/388 171/402/387 297/349/386
f 181/384/203 131/382/152 148/403/170
f 328/404/389 178/111/390 179/112/391
f 329/405/392 178/111/390 328/404/389
f 329/405/392 137/110/393 178/111/390
f 329/405/392 138/109/394 137/110/393
f 138/109/394 329/405/392 328/404/389
f 138/109/394 328/404/389 179/112/391
f 154/406/395 330/407/396 151/408/397
f 154/406/395 331/409/398 330/407/396
f 170/410/337 331/409/398 154/406/395
f 170/410/337 332/411/399 331/409/398
f 332/411/399 333/412/400 331/409/398
f 333/412/400 332/411/399 298/413/336
f 332/411/399 170/410/337 298/413/336
f 334/414/401 333/412/400 335/415/402
f 333/412/400 298/413/336 335/415/402
f 298/413/336 336/416/403 335/415/402
f 298/413/336 337/417/404 336/416/403
f 298/413/336 297/418/335 337/417/404
f 326/419/405 337/417/404 297/418/335
f 336/416/403 338/420/406 339/421/407
f 337/417/404 338/420/406 336/416/403
f 337/417/404 340/422/408 338/420/406
f 337/417/404 326/419/405 340/422/408
f 325/423/409 340/422/408 326/419/405
f 152/424/410 340/422/408 325/423/409
f 341/425/411 342/426/412 343/427/413
f 344/428/414 343/427/413 342/426/412
f 339/421/407 343/427/413 344/428/414
f 339/421/407 345/429/415 343/427/413
f 339/421/407 346/430/416 345/429/415
f 338/420/406 346/430/416 339/421/407
f 346/430/416 338/420/406 347/431/417
f 347/431/417 338/420/406 340/422/408
f 348/432/418 347/431/417 340/422/408
f 152/424/410 348/432/418 340/422/408
f 151/433/397 348/432/418 152/424/410
f 151/433/397 349/434/419 348/432/418
f 349/434/419 151/433/397 330/407/396
f 347/431/417 348/432/418 349/434/419
f 350/435/420 351/436/421 352/437/422
f 350/435/420 341/425/411 351/436/421
f 353/438/423 351/436/421 341/425/411
f 341/425/411 343/427/413 353/438/423
f 343/427/413 354/439/424 353/438/423
f 343/427/413 345/429/415 354/439/424
f 354/439/424 345/429/415 355/440/425
f 355/440/425 345/429/415 346/430/416
f 355/440/425 346/430/416 356/441/426
f 346/430/416 347/431/417 356/441/426
f 357/442/427 356/441/426 347/431/417
f 357/442/427 347/431/417 349/434/419
f 357/442/427 349/434/419 358/443/428
f 330/407/396 358/443/428 349/434/419
f 359/444/429 358/443/428 330/407/396
f 359/444/429 330/407/396 331/409/398
f 359/444/429 331/409/398 360/445/430
f 360/445/430 331/409/398 333/412/400
f 355/440/425 361/446/431 362/447/432
f 354/439/424 355/440/425 362/447/432
f 363/448/433 354/439/424 362/447/432
f 363/448/433 353/438/423 354/439/424
f 363/448/433 364/449/434 353/438/423
f 353/438/423 364/449/434 351/436/421
f 365/450/435 351/436/421 364/449/434
f 365/450/435 352/437/422 351/436/421
f 364/449/434 366/451/436 365/450/435
f 364/449/434 363/448/433 366/451/436
f 367/452/437 366/451/436 363/448/433
f 368/453/438 362/447/432 361/446/431
f 363/448/433 362/447/432 368/453/438
f 369/454/439 363/448/433 368/453/438
f 369/454/439 367/452/437 363/448/433
f 370/455/440 367/452/437 369/454/439
f 367/452/437 370/455/440 366/451/436
f 370/455/440 371/456/441 366/451/436
f 366/451/436 371/456/441 372/457/442
f 372/457/442 373/458/443 366/451/436
f 373/458/443 374/459/444 366/451/436
f 366/451/436 374/459/444 365/450/435
f 365/450/435 374/459/444 375/460/445
f 375/460/445 376/461/446 365/450/435
f 365/450/435 376/461/446 377/462/447
f 365/450/435 377/462/447 352/437/422
f 377/462/447 2/463/2 352/437/422
f 1/464/1 352/437/422 2/463/2
f 352/437/422 1/464/1 350/435/420
f 368/453/438 361/446/431 378/465/448
f 379/466/449 378/465/448 361/446/431
f 380/467/450 378/465/448 379/466/449
f 368/453/438 378/465/448 380/467/450
f 368/453/438 380/467/450 369/454/439
f 381/468/451 369/454/439 380/467/450
f 370/455/440 369/454/439 381/468/451
f 381/468/451 380/467/450 382/469/452
f 355/440/425 356/441/426 357/442/427
f 355/440/425 357/442/427 383/470/453
f 355/440/425 383/470/453 361/446/431
f 383/470/453 384/471/454 361/446/431
f 379/466/449 361/446/431 384/471/454
f 385/472/455 379/466/449 384/471/454
f 385/472/455 380/467/450 379/466/449
f 385/472/455 386/473/456 380/467/450
f 386/473/456 387/474/457 380/467/450
f 387/474/457 382/469/452 380/467/450
f 385/472/455 384/471/454 388/475/458
f 388/475/458 384/471/454 389/476/459
f 388/475/458 389/476/459 390/477/460
f 389/476/459 391/478/461 390/477/460
f 392/479/462 393/480/463 394/481/464
f 395/482/465 393/480/463 392/479/462
f 395/482/465 396/483/466 393/480/463
f 397/484/467 396/483/466 395/482/465
f 397/484/467 398/485/468 396/483/466
f 398/485/468 397/484/467 391/478/461
f 398/485/468 391/478/461 399/486/469
f 389/476/459 399/486/469 391/478/461
f 389/476/459 400/487/470 399/486/469
f 389/476/459 384/471/454 400/487/470
f 383/470/453 400/487/470 384/471/454
f 357/442/427 400/487/470 383/470/453
f 357/442/427 399/486/469 400/487/470
f 357/442/427 398/485/468 399/486/469
f 357/442/427 358/443/428 398/485/468
f 396/483/466 398/485/468 358/443/428
f 396/483/466 358/443/428 359/444/429
f 360/445/430 396/483/466 359/444/429
f 360/445/430 393/480/463 396/483/466
f 401/488/471 393/480/463 360/445/430
f 401/488/471 394/481/464 393/480/463
f 401/488/471 402/489/472 394/481/464
f 402/489/472 403/490/473 394/481/464
f 392/479/462 394/481/464 403/490/473
f 404/491/474 403/490/473 405/492/475
f 406/493/476 407/494/477 408/495/478
f 408/495/478 407/494/477 409/496/479
f 410/497/480 409/496/479 407/494/477
f 410/497/480 407/494/477 411/498/481
f 411/498/481 412/499/482 410/497/480
f 413/500/483 412/499/482 411/498/481
f 402/489/472 412/499/482 413/500/483
f 413/500/483 414/501/484 402/489/472
f 402/489/472 414/501/484 403/490/473
f 415/502/485 403/490/473 414/501/484
f 415/502/485 405/492/475 403/490/473
f 405/492/475 415/502/485 416/503/486
f 416/503/486 417/504/487 405/492/475
f 418/505/488 407/494/477 406/493/476
f 407/494/477 418/505/488 411/498/481
f 411/498/481 418/505/488 413/500/483
f 416/503/486 413/500/483 418/505/488
f 414/501/484 413/500/483 416/503/486
f 416/503/486 415/502/485 414/501/484
f 419/506/489 420/507/490 409/496/479
f 420/507/490 408/495/478 409/496/479
f 401/488/471 360/445/430 333/412/400
f 334/414/401 401/488/471 333/412/400
f 402/489/472 401/488/471 334/414/401
f 402/489/472 334/414/401 421/508/491
f 412/499/482 402/489/472 421/508/491
f 412/499/482 421/508/491 422/509/492
f 412/499/482 422/509/492 410/497/480
f 410/497/480 422/509/492 423/510/493
f 423/510/493 409/496/479 410/497/480
f 423/510/493 424/511/494 409/496/479
f 419/506/489 409/496/479 424/511/494
f 419/506/489 424/511/494 425/512/495
f 426/513/496 425/512/495 424/511/494
f 426/513/496 424/511/494 427/514/497
f 426/513/496 427/514/497 428/515/498
f 427/514/497 429/516/499 428/515/498
f 427/514/497 430/517/500 429/516/499
f 430/517/500 431/518/501 429/516/499
f 424/511/494 423/510/493 427/514/497
f 423/510/493 430/517/500 427/514/497
f 422/509/492 430/517/500 423/510/493
f 422/509/492 432/519/502 430/517/500
f 426/513/496 428/515/498 433/520/503
f 432/519/502 431/518/501 430/517/500
f 434/521/504 431/518/501 432/519/502
f 434/521/504 432/519/502 422/509/492
f 434/521/504 422/509/492 421/508/491
f 421/508/491 435/522/505 434/521/504
f 421/508/491 334/414/401 435/522/505
f 334/414/401 436/523/506 435/522/505
f 334/414/401 335/415/402 436/523/506
f 335/415/402 437/524/507 436/523/506
f 335/415/402 336/416/403 437/524/507
f 438/525/508 437/524/507 336/416/403
f 336/416/403 339/421/407 438/525/508
f 339/421/407 439/526/509 438/525/508
f 339/421/407 344/428/414 439/526/509
f 439/526/509 344/428/414 440/527/510
f 344/428/414 342/426/412 440/527/510
f 342/426/412 350/435/420 440/527/510
f 341/425/411 350/435/420 342/426/412
f 439/526/509 440/527/510 441/528/511
f 441/528/511 442/529/512 439/526/509
f 438/525/508 439/526/509 442/529/512
f 438/525/508 442/529/512 443/530/513
f 438/525/508 443/530/513 437/524/507
f 444/531/514 437/524/507 443/530/513
f 436/523/506 437/524/507 444/531/514
f 436/523/506 444/531/514 445/532/515
f 436/523/506 445/532/515 435/522/505
f 434/521/504 435/522/505 445/532/515
f 434/521/504 445/532/515 446/533/516
f 434/521/504 446/533/516 431/518/501
f 443/530/513 447/534/517 444/531/514
f 444/531/514 447/534/517 445/532/518
f 446/533/519 445/532/518 447/534/517
f 448/535/520 440/527/510 350/435/420
f 449/536/521 440/527/510 448/535/520
f 449/536/521 441/528/511 440/527/510
f 450/537/522 441/528/511 449/536/521
f 450/537/522 451/538/523 441/528/511
f 441/528/511 451/538/523 442/529/512
f 452/539/524 442/529/512 451/538/523
f 452/539/524 443/530/513 442/529/512
f 452/539/524 453/540/525 443/530/513
f 443/530/513 453/540/525 447/534/517
f 454/541/526 447/534/517 453/540/525
f 446/533/519 447/534/517 454/541/526
f 446/533/519 454/541/526 455/542/527
f 446/533/519 455/542/527 431/518/528
f 456/543/529 431/518/528 455/542/527
f 456/543/529 429/516/530 431/518/528
f 428/515/531 429/516/530 456/543/529
f 428/515/531 456/543/529 457/544/532
f 452/539/524 451/538/523 458/545/533
f 451/538/523 450/537/522 458/545/533
f 459/546/534 458/545/533 450/537/522
f 453/540/525 452/539/524 460/547/535
f 461/548/536 460/547/535 452/539/524
f 461/548/536 452/539/524 458/545/537
f 462/549/538 460/547/535 463/550/539
f 433/520/540 428/515/531 457/544/532
f 433/520/540 457/544/532 464/551/541
f 464/551/541 457/544/532 465/552/542
f 457/544/532 466/553/543 465/552/542
f 465/552/542 466/553/543 467/554/544
f 466/553/543 468/555/545 467/554/544
f 468/555/545 466/553/543 469/556/546
f 469/556/546 466/553/543 470/557/547
f 469/556/546 470/557/547 471/558/548
f 470/557/547 472/559/549 471/558/548
f 473/560/550 471/558/548 472/559/549
f 473/560/550 472/559/549 474/561/551
f 473/560/550 474/561/551 462/549/538
f 474/561/551 475/562/552 462/549/538
f 462/549/538 475/562/552 460/547/535
f 475/562/552 476/563/553 460/547/535
f 453/540/525 460/547/535 476/563/553
f 454/541/526 453/540/525 476/563/553
f 474/561/551 477/564/554 475/562/552
f 475/562/552 478/565/555 476/563/553
f 478/565/555 475/562/552 477/564/554
f 478/565/555 477/564/554 479/566/556
f 476/563/553 455/542/527 454/541/526
f 476/563/553 478/565/555 455/542/527
f 455/542/527 478/565/555 456/543/529
f 456/543/529 478/565/555 479/566/556
f 479/566/556 480/567/557 456/543/529
f 477/564/554 480/567/557 479/566/556
f 477/564/554 481/568/558 480/567/557
f 474/561/551 481/568/558 477/564/554
f 474/561/551 472/559/549 481/568/558
f 470/557/547 481/568/558 472/559/549
f 480/567/557 481/568/558 470/557/547
f 480/567/557 470/557/547 466/553/543
f 457/544/532 480/567/557 466/553/543
f 457/544/532 456/543/529 480/567/557
f 469/556/546 471/558/548 4/569/559
f 5/570/560 4/569/559 471/558/548
f 5/570/560 471/558/548 473/560/550
f 5/570/560 473/560/550 482/571/561
f 482/571/561 473/560/550 462/549/538
f 482/571/561 462/549/538 483/572/562
f 484/573/563 149/111/564 144/112/565
f 485/574/566 149/111/564 484/573/563
f 485/574/566 141/110/567 149/111/564
f 485/574/566 142/109/568 141/110/567
f 484/573/563 142/109/568 485/574/566
f 484/573/563 144/112/565 142/109/568
f 486/575/569 487/576/570 488/577/571
f 488/577/571 147/578/572 146/579/573
f 487/576/570 147/578/572 488/577/571
f 487/576/570 148/580/574 147/578/572
f 486/575/569 148/580/574 487/576/570
f 486/575/569 180/581/575 148/580/574
f 180/581/575 486/575/569 489/582/576
f 180/581/575 489/582/576 173/583/577
f 490/584/578 173/583/577 489/582/576
f 490/584/578 172/585/579 173/583/577
f 491/586/580 172/585/579 490/584/578
f 491/586/580 175/587/581 172/585/579
f 175/587/581 491/586/580 492/588/582
f 492/588/582 176/589/583 175/587/581
f 176/589/583 492/588/582 493/590/584
f 493/590/584 177/591/585 176/589/583
f 177/591/585 493/590/584 179/592/586
f 494/593/587 179/592/586 493/590/584
f 494/593/587 138/594/588 179/592/586
f 493/590/584 495/595/589 494/593/587
f 493/590/584 492/588/582 495/595/589
f 494/593/587 139/596/590 138/594/588
f 495/595/589 139/596/590 494/593/587
f 495/595/589 496/597/591 139/596/590
f 495/595/589 497/598/592 496/597/591
f 497/598/592 145/599/593 496/597/591
f 497/598/592 146/579/573 145/599/593
f 488/577/571 146/579/573 497/598/592
f 498/600/594 488/577/571 497/598/592
f 486/575/569 488/577/571 498/600/594
f 489/582/576 486/575/569 498/600/594
f 489/582/576 498/600/594 499/601/595
f 490/584/578 489/582/576 499/601/595
f 499/601/595 491/586/580 490/584/578
f 499/601/595 500/602/596 491/586/580
f 500/602/596 492/588/582 491/586/580
f 501/603/597 492/588/582 500/602/596
f 501/603/597 495/595/589 492/588/582
f 497/598/592 495/595/589 501/603/597
f 498/600/594 497/598/592 501/603/597
f 499/601/595 498/600/594 501/603/597
f 499/601/595 501/603/597 500/602/596
f 496/597/591 141/604/598 139/596/590
f 496/597/591 149/605/599 141/604/598
f 496/597/591 145/599/593 149/605/599
f 502/606/600 503/607/601 504/608/602
f 502/606/600 505/609/603 503/607/601
f 502/606/600 506/610/604 505/609/603
f 506/610/604 502/606/600 507/611/605
f 508/612/606 507/611/605 502/606/600
f 508/612/606 509/613/607 507/611/605
f 510/614/608 509/613/607 508/612/606
f 504/608/602 510/614/608 508/612/606
f 504/608/602 511/615/609 510/614/608
f 502/606/600 504/608/602 508/612/606
f 512/616/610 513/617/611 514/618/612
f 513/617/611 512/616/610 515/619/613
f 516/620/614 510/621/615 514/618/612
f 516/620/614 514/618/612 513/617/611
f 513/617/611 517/622/616 516/620/614
f 513/617/611 518/623/617 517/622/616
f 513/617/611 519/624/618 518/623/617
f 513/617/611 515/619/613 519/624/618
f 515/619/613 520/625/619 519/624/618
f 521/626/620 522/627/621 515/619/613
f 523/628/622 515/619/613 522/627/621
f 523/628/622 520/625/619 515/619/613
f 524/629/623 520/625/619 523/628/622
f 525/630/624 520/625/619 524/629/623
f 525/630/624 519/624/618 520/625/619
f 521/626/620 526/631/625 527/632/626
f 521/626/620 527/632/626 522/627/621
f 522/627/621 527/632/626 528/633/627
f 522/627/621 528/633/627 523/628/622
f 523/628/622 528/633/627 529/634/628
f 523/628/622 529/634/628 530/635/629
f 524/629/623 523/628/622 530/635/629
f 531/636/630 524/629/623 530/635/629
f 531/636/630 525/630/624 524/629/623
f 531/636/630 532/637/631 525/630/624
f 531/636/630 530/635/629 533/638/632
f 530/635/629 534/639/633 533/638/632
f 530/635/629 529/634/628 534/639/633
f 509/613/634 535/640/635 507/611/636
f 509/613/634 536/641/637 535/640/635
f 509/613/634 516/642/614 536/641/637
f 517/643/616 536/641/637 516/642/614
f 509/613/634 510/614/615 516/642/614
f 518/644/617 537/645/638 517/643/616
f 517/643/616 537/645/638 538/646/639
f 517/643/616 538/646/639 536/641/637
f 536/641/637 538/646/639 539/647/640
f 536/641/637 539/647/640 535/640/635
f 540/648/641 535/640/635 539/647/640
f 507/611/636 535/640/635 540/648/641
f 507/611/636 540/648/641 506/610/642
f 541/649/643 542/650/644 543/651/645
f 541/649/643 544/652/646 542/650/644
f 545/653/647 544/652/646 541/649/643
f 545/653/647 541/649/643 546/654/648
f 537/645/638 545/653/647 546/654/648
f 537/645/638 546/654/648 547/655/649
f 538/646/639 537/645/638 547/655/649
f 538/646/639 547/655/649 539/647/640
f 548/656/650 547/655/649 546/654/648
f 548/656/650 539/647/640 547/655/649
f 540/648/641 539/647/640 548/656/650
f 540/648/641 548/656/650 549/657/651
f 548/656/650 546/654/648 549/657/651
f 550/658/652 549/657/651 546/654/648
f 550/658/652 546/654/648 541/649/643
f 551/659/653 550/658/652 541/649/643
f 551/659/653 541/649/643 543/651/645
f 551/659/653 543/651/645 552/660/654
f 543/651/645 553/661/655 552/660/654
f 543/651/645 542/650/644 553/661/655
f 532/662/631 553/661/655 542/650/644
f 532/662/631 542/650/644 525/663/624
f 525/663/624 542/650/644 544/652/646
f 525/663/624 544/652/646 519/664/618
f 545/653/647 519/664/618 544/652/646
f 545/653/647 518/644/617 519/664/618
f 518/644/617 545/653/647 537/645/638
f 551/659/653 552/660/654 554/665/656
f 526/666/657 555/667/658 556/668/659
f 557/669/660 526/666/657 556/668/659
f 556/668/659 558/670/661 557/669/660
f 559/671/662 555/672/658 526/631/657
f 559/671/662 526/631/657 521/626/663
f 515/619/664 559/671/662 521/626/663
f 515/619/664 560/673/665 559/671/662
f 515/619/664 561/674/666 560/673/665
f 515/619/664 512/616/667 561/674/666
f 562/675/668 563/676/669 554/677/670
f 554/677/670 552/678/671 562/675/668
f 563/676/669 564/679/672 565/680/673
f 564/681/672 563/682/669 562/675/668
f 565/680/673 566/683/674 554/684/670
f 565/680/673 554/684/670 563/685/669
f 565/680/673 564/686/672 567/687/675
f 565/680/673 567/688/675 568/689/676
f 569/690/677 568/689/676 567/687/675
f 570/691/678 568/689/676 569/692/677
f 571/693/679 570/691/678 572/694/680
f 571/693/679 573/695/681 570/691/678
f 570/696/678 574/697/682 568/689/676
f 570/696/678 573/695/681 574/697/682
f 572/694/680 570/698/678 569/699/677
f 569/699/677 567/700/675 575/701/683
f 575/701/683 576/702/684 577/703/685
f 578/704/686 579/705/687 580/706/688
f 578/704/686 581/707/689 579/705/687
f 581/707/689 578/704/686 582/708/690
f 581/707/689 582/708/690 583/709/691
f 583/709/691 582/708/690 584/710/692
f 584/710/692 577/703/685 583/709/691
f 585/711/693 577/703/685 584/710/692
f 575/701/683 577/703/685 585/711/693
f 585/711/693 569/692/677 575/701/683
f 572/694/680 569/692/677 585/711/693
f 585/711/693 584/710/692 572/694/680
f 571/693/679 572/694/680 584/710/692
f 571/693/679 584/710/692 582/708/690
f 586/712/694 571/693/679 582/708/690
f 578/704/686 580/706/688 582/708/690
f 581/707/689 583/709/691 587/713/695
f 577/703/685 588/714/696 583/709/691
f 587/713/695 583/709/691 588/714/696
f 588/714/696 589/715/697 587/713/695
f 571/693/679 586/712/694 590/716/698
f 591/717/699 590/716/698 586/712/694
f 591/717/699 586/712/694 592/718/700
f 582/708/690 592/718/700 586/712/694
f 582/708/690 593/719/701 592/718/700
f 593/719/701 582/708/690 580/706/688
f 580/706/688 594/720/702 593/719/701
f 594/720/702 595/721/703 593/719/701
f 596/722/704 595/721/703 594/720/702
f 596/722/704 594/720/702 597/723/705
f 598/724/706 592/718/700 593/719/701
f 591/717/699 592/718/700 598/724/706
f 595/721/703 599/725/707 593/719/701
f 600/726/708 601/727/709 593/719/701
f 593/719/701 601/727/709 598/728/706
f 602/729/710 601/727/709 600/726/708
f 603/730/711 602/729/710 604/731/712
f 602/729/710 603/730/711 605/732/713
f 602/729/710 605/732/713 601/727/709
f 601/727/709 605/732/713 606/733/714
f 601/727/709 606/733/714 598/728/706
f 603/730/711 607/734/715 605/732/713
f 608/735/716 599/725/707 609/736/717
f 608/735/716 610/737/718 599/725/707
f 599/725/707 610/737/718 593/719/701
f 610/737/718 611/738/719 593/719/701
f 611/738/719 600/726/708 593/719/701
f 612/739/720 600/726/708 611/738/719
f 600/726/708 612/739/720 602/729/710
f 613/740/721 602/729/710 612/739/720
f 613/740/721 604/731/712 602/729/710
f 613/740/721 614/741/722 604/731/712
f 612/739/720 611/738/719 615/742/723
f 606/733/714 616/743/724 617/744/725
f 606/733/714 618/745/726 616/743/724
f 606/733/714 605/732/713 618/745/726
f 605/732/713 619/746/727 618/745/726
f 607/734/715 619/746/727 605/732/713
f 607/734/715 620/747/728 619/746/727
f 606/733/714 617/748/725 598/749/706
f 598/728/706 617/744/725 621/750/729
f 598/751/706 621/750/729 591/717/699
f 621/750/729 617/752/725 622/753/730
f 577/703/685 623/754/731 624/755/732
f 577/703/685 624/755/732 588/714/696
f 624/755/732 625/756/733 588/714/696
f 588/714/696 625/756/733 589/715/697
f 626/757/734 589/715/697 625/756/733
f 627/758/735 589/715/697 626/757/734
f 626/757/734 628/759/736 627/758/735
f 629/760/737 627/758/735 628/759/736
f 628/759/736 630/761/738 629/760/737
f 631/762/739 629/760/737 630/761/738
f 630/761/738 632/763/740 631/762/739
f 633/764/741 631/762/739 632/763/740
f 632/763/740 634/765/742 633/764/741
f 635/766/743 634/765/742 632/763/740
f 635/766/743 636/767/744 634/765/742
f 635/766/743 614/741/722 636/767/744
f 635/766/743 604/731/712 614/741/722
f 635/766/743 603/730/711 604/731/712
f 630/761/738 637/768/745 632/763/740
f 638/769/746 632/763/740 637/768/745
f 632/763/740 638/769/746 635/766/743
f 639/770/747 628/759/736 640/771/748
f 628/759/736 626/757/734 640/771/748
f 639/770/747 630/761/738 628/759/736
f 639/770/747 641/772/749 630/761/738
f 637/768/745 630/761/738 641/772/749
f 637/768/745 641/772/749 642/773/750
f 642/773/750 638/769/746 637/768/745
f 642/773/750 643/774/751 638/769/746
f 644/775/752 643/774/751 642/773/750
f 644/775/752 642/773/750 645/776/753
f 642/773/750 646/777/754 645/776/753
f 641/772/749 646/777/754 642/773/750
f 641/772/749 647/778/755 646/777/754
f 641/772/749 648/779/756 647/778/755
f 639/770/747 648/779/756 641/772/749
f 648/779/756 639/770/747 621/780/729
f 640/771/748 621/780/729 639/770/747
f 640/771/748 591/781/699 621/780/729
f 591/781/699 640/771/748 626/757/734
f 591/781/699 626/757/734 590/782/698
f 621/780/729 649/783/757 648/779/756
f 621/780/729 622/784/730 649/783/757
f 650/785/758 590/782/698 626/757/734
f 650/785/758 626/757/734 651/786/759
f 650/785/758 651/786/759 652/787/760
f 651/786/759 653/788/761 652/787/760
f 654/789/762 652/787/760 653/788/761
f 654/789/762 653/788/761 655/790/763
f 654/789/762 655/790/763 534/791/764
f 655/790/763 533/792/765 534/791/764
f 655/790/763 531/793/766 533/792/765
f 656/794/767 655/790/763 653/788/761
f 534/791/764 566/795/674 565/796/673
f 534/791/764 565/796/673 654/789/762
f 568/797/676 654/789/762 565/796/673
f 568/797/676 652/787/760 654/789/762
f 574/798/682 652/787/760 568/797/676
f 573/799/681 652/787/760 574/798/682
f 573/799/681 650/785/758 652/787/760
f 657/800/768 658/801/769 653/788/761
f 653/788/761 658/801/769 659/802/770
f 660/803/771 659/802/770 658/801/769
f 660/803/771 661/804/772 662/805/773
f 623/754/731 661/804/772 660/803/771
f 660/803/771 658/801/769 623/754/731
f 658/801/769 624/755/732 623/754/731
f 658/801/769 657/800/768 624/755/732
f 624/755/732 657/800/768 625/756/733
f 657/800/768 653/788/761 625/756/733
f 653/788/761 651/786/759 625/756/733
f 625/756/733 651/786/759 626/757/734
f 653/788/761 659/802/770 656/794/767
f 655/790/763 656/794/767 659/802/770
f 655/790/763 659/802/770 663/806/774
f 655/790/763 663/806/774 531/793/766
f 531/793/766 663/806/774 664/807/775
f 664/807/775 532/808/776 531/793/766
f 532/808/776 664/807/775 665/809/777
f 665/809/777 553/810/778 532/808/776
f 552/678/671 553/810/778 665/809/777
f 552/678/671 665/809/777 562/675/668
f 662/805/773 562/675/668 665/809/777
f 564/679/672 562/675/668 662/805/773
f 564/679/672 662/805/773 567/688/675
f 575/701/683 567/688/675 662/805/773
f 661/804/772 575/701/683 662/805/773
f 661/804/772 576/702/684 575/701/683
f 623/754/731 576/702/684 661/804/772
f 577/703/685 576/702/684 623/754/731
f 663/806/774 666/811/779 664/807/775
f 659/802/770 666/811/779 663/806/774
f 659/802/770 660/803/780 666/811/779
f 666/811/779 660/803/780 664/807/775
f 665/809/777 664/807/775 660/803/780
f 660/803/780 662/805/773 665/809/777
f 667/812/781 668/813/782 669/814/783
f 670/162/784 668/813/782 667/812/781
f 671/160/785 668/813/782 670/162/784
f 670/162/784 672/161/786 671/160/785
f 672/161/786 673/159/787 671/160/785
f 673/159/787 674/157/788 671/160/785
f 670/162/784 675/166/789 672/161/786
f 676/169/790 677/168/791 678/170/792
f 677/168/791 679/172/793 678/170/792
f 677/168/791 680/171/794 679/172/793
f 679/172/793 680/171/794 681/187/795
f 681/187/795 682/186/796 679/172/793
f 682/186/796 681/187/795 683/188/797
f 683/188/797 684/815/798 682/186/796
f 683/188/797 685/816/799 684/815/798
f 685/816/799 686/817/800 684/815/798
f 685/816/799 687/818/801 686/817/800
f 688/179/802 686/817/800 687/818/801
f 688/179/802 687/818/801 689/180/803
f 689/180/803 674/157/788 688/179/802
f 689/180/803 690/181/804 674/157/788
f 690/181/804 671/160/785 674/157/788
f 690/181/804 691/182/805 671/160/785
f 691/182/805 668/813/782 671/160/785
f 691/182/805 692/819/806 668/813/782
f 684/815/798 686/817/800 693/820/807
f 694/821/808 684/815/798 693/820/807
f 682/186/796 684/815/798 694/821/808
f 694/821/808 679/172/793 682/186/796
f 678/170/792 695/190/809 696/191/810
f 679/172/793 695/190/809 678/170/792
f 679/172/793 697/822/811 695/190/809
f 694/821/808 697/822/811 679/172/793
f 694/821/808 698/823/812 697/822/811
f 694/821/808 693/820/807 698/823/812
f 699/194/813 698/823/812 693/820/807
f 699/194/813 693/820/807 700/195/814
f 700/195/814 693/820/807 686/817/800
f 700/195/814 686/817/800 688/179/802
f 688/179/802 701/196/815 700/195/814
f 688/179/802 702/154/816 701/196/815
f 688/179/802 674/157/788 702/154/816
f 703/155/817 702/154/816 674/157/788
f 703/155/817 674/157/788 704/156/818
f 704/156/818 674/157/788 673/159/787
f 704/156/818 673/159/787 705/158/819
f 700/195/814 701/196/815 706/197/820
f 697/822/811 707/824/821 695/190/809
f 707/824/821 697/822/811 698/823/812
f 708/193/822 707/824/821 698/823/812
f 708/193/822 698/823/812 699/194/813
f 707/824/821 708/193/822 695/190/809
f 709/825/823 710/128/824 711/149/825
f 712/826/826 710/128/824 709/825/823
f 712/826/826 713/124/827 710/128/824
f 714/127/828 715/827/829 716/114/830
f 717/113/831 716/114/830 715/827/829
f 715/827/829 718/828/832 717/113/831
f 718/828/832 713/124/827 717/113/831
f 668/813/782 717/113/831 713/124/827
f 668/813/782 713/124/827 712/826/826
f 712/826/826 669/814/783 668/813/782
f 669/814/783 712/826/826 709/825/823
f 669/814/783 709/825/823 719/164/833
f 720/829/834 719/164/833 709/825/823
f 721/165/835 719/164/833 720/829/834
f 720/829/834 722/199/836 721/165/835
f 723/198/837 721/165/835 722/199/836
f 696/191/810 723/198/837 722/199/836
f 722/199/836 724/200/838 696/191/810
f 678/170/792 696/191/810 724/200/838
f 724/200/838 725/167/839 678/170/792
f 676/169/790 678/170/792 725/167/839
f 726/116/840 716/114/830 727/115/841
f 716/114/830 717/113/831 727/115/841
f 728/120/842 729/121/843 730/122/843
f 728/120/842 730/122/843 726/116/840
f 728/120/842 726/116/840 727/115/841
f 731/119/844 728/120/842 727/115/841
f 732/117/845 731/119/844 727/115/841
f 733/118/846 732/117/845 727/115/841
f 692/819/806 717/113/831 668/813/782
f 692/819/806 734/130/847 717/113/831
f 734/130/847 727/115/841 717/113/831
f 734/130/847 735/131/848 727/115/841
f 735/131/848 736/830/849 727/115/841
f 727/115/841 736/830/849 733/118/846
f 733/118/846 736/830/849 737/133/850
f 738/135/851 737/133/850 736/830/849
f 738/135/851 736/830/849 739/134/852
f 740/137/853 738/135/851 739/134/852
f 740/137/853 739/134/852 741/136/854
f 740/137/853 741/136/854 742/138/855
f 743/151/856 742/138/855 741/136/854
f 743/151/856 711/149/825 742/138/855
f 743/151/856 744/150/857 711/149/825
f 744/150/857 745/831/858 711/149/825
f 709/825/823 711/149/825 745/831/858
f 720/829/834 709/825/823 745/831/858
f 743/151/856 741/136/854 746/152/859
f 741/136/854 747/142/860 746/152/859
f 747/142/860 741/136/854 748/140/861
f 739/134/852 748/140/861 741/136/854
f 748/140/861 739/134/852 736/830/849
f 749/153/862 746/152/859 747/142/860
f 750/832/863 751/833/864 752/834/865
f 752/834/865 751/833/864 753/835/866
f 753/835/866 751/833/864 754/836/867
f 748/140/868 753/835/866 754/836/867
f 748/140/868 754/836/867 747/142/869
f 747/142/869 754/836/867 749/153/862
f 754/836/867 755/837/870 749/153/862
f 756/838/871 749/153/862 755/837/870
f 736/830/872 753/835/866 748/140/868
f 736/830/872 752/834/865 753/835/866
f 757/839/873 754/836/867 751/833/864
f 757/839/873 755/837/870 754/836/867
f 560/840/665 555/841/658 559/842/662
f 560/840/665 556/843/659 555/841/658
f 561/844/666 556/843/659 560/840/665
f 561/844/666 558/845/661 556/843/659
f 512/846/667 558/845/661 561/844/666
f 512/846/667 557/847/660 558/845/661
f 758/848/874 528/849/627 759/850/875
f 758/848/874 529/851/628 528/849/627
f 566/852/876 529/851/628 758/848/874
f 566/852/876 534/853/633 529/851/628
f 554/854/656 566/852/876 758/848/874
f 554/854/656 758/848/874 551/855/653
f 758/848/874 550/856/652 551/855/653
f 758/848/874 759/850/875 550/856/652
f 550/856/652 759/850/875 760/857/877
f 760/857/877 759/850/875 528/849/627
f 760/857/877 528/849/627 527/858/626
f 760/857/877 527/858/626 526/666/625
f 557/669/878 760/857/877 526/666/625
f 760/857/877 557/669/878 761/859/879
f 550/856/652 760/857/877 761/859/879
f 550/856/652 761/859/879 762/860/880
f 762/860/880 549/861/651 550/856/652
f 540/862/641 549/861/651 762/860/880
f 762/860/880 506/863/642 540/862/641
f 762/860/880 761/859/879 506/863/642
f 763/864/881 764/865/882 765/866/883
f 763/864/881 766/867/884 764/865/882
f 766/867/884 689/868/885 764/865/882
f 766/867/884 690/869/886 689/868/885
f 766/867/884 691/870/887 690/869/886
f 766/867/884 767/871/888 691/870/887
f 691/870/887 767/871/888 768/872/889
f 769/873/890 768/872/889 767/871/888
f 763/864/881 769/873/890 767/871/888
f 763/864/881 767/871/888 766/867/884
f 691/870/887 768/872/889 692/874/891
f 768/872/889 734/875/892 692/874/891
f 770/876/893 771/877/894 769/873/890
f 770/876/893 769/873/890 763/864/881
f 772/878/895 770/876/893 763/864/881
f 772/878/895 763/864/881 765/866/883
f 765/866/883 773/879/896 772/878/895
f 765/866/883 774/880/897 773/879/896
f 764/865/882 774/880/897 765/866/883
f 764/865/882 775/881/898 774/880/897
f 689/868/885 775/881/898 764/865/882
f 689/868/885 687/882/899 775/881/898
f 776/883/900 775/881/898 687/882/899
f 776/883/900 687/882/899 685/884/901
f 774/880/897 775/881/898 776/883/900
f 683/885/902 681/886/795 777/887/903
f 777/887/903 778/888/904 683/885/902
f 778/888/904 685/884/901 683/885/902
f 778/888/904 776/883/900 685/884/901
f 776/883/900 778/888/904 779/889/905
f 774/880/897 776/883/900 779/889/905
f 780/890/906 774/880/897 779/889/905
f 780/890/906 773/879/896 774/880/897
f 773/879/896 780/890/906 676/891/790
f 676/891/790 725/892/839 773/879/896
f 725/892/839 772/878/895 773/879/896
f 725/892/839 724/893/838 772/878/895
f 724/893/838 770/876/893 772/878/895
f 724/893/838 722/894/836 770/876/893
f 722/894/836 720/895/834 770/876/893
f 770/876/893 720/895/834 771/877/894
f 771/877/894 720/895/834 745/896/858
f 771/877/894 745/896/858 781/897/907
f 779/889/905 782/898/908 780/890/906
f 782/898/908 779/889/905 778/888/904
f 778/888/904 777/887/903 782/898/908
f 771/877/894 781/897/907 783/899/909
f 781/897/907 784/900/910 783/899/909
f 783/899/909 784/900/910 785/901/911
f 784/900/910 786/902/912 785/901/911
f 784/900/910 787/903/913 786/902/912
f 787/903/913 788/904/914 786/902/912
f 787/903/913 789/905/915 788/904/914
f 781/897/907 790/906/916 784/900/910
f 790/906/916 787/903/913 784/900/910
f 790/906/916 791/907/917 787/903/913
f 791/907/917 789/905/915 787/903/913
f 791/907/917 792/908/918 789/905/915
f 792/908/918 793/909/919 789/905/915
f 794/910/920 789/905/915 793/909/919
f 789/905/915 794/910/920 788/904/914
f 795/911/921 788/904/914 794/910/920
f 788/904/914 795/911/921 736/912/922
f 735/913/923 788/904/914 736/912/922
f 735/913/923 786/902/912 788/904/914
f 734/875/892 786/902/912 735/913/923
f 734/875/892 785/901/911 786/902/912
f 768/872/889 785/901/911 734/875/892
f 783/899/909 785/901/911 768/872/889
f 769/873/890 783/899/909 768/872/889
f 771/877/894 783/899/909 769/873/890
f 781/897/907 745/896/858 744/914/857
f 781/897/907 744/914/857 790/906/916
f 790/906/916 744/914/857 743/915/856
f 790/906/916 743/915/856 791/907/917
f 743/915/856 746/916/859 791/907/917
f 791/907/917 746/916/859 792/908/918
f 746/916/859 749/917/862 792/908/918
f 749/917/862 796/918/924 792/908/918
f 792/908/918 796/918/924 793/909/919
f 797/919/925 793/909/919 796/918/924
f 793/909/919 797/919/925 794/910/920
f 797/919/925 798/920/926 794/910/920
f 794/910/920 798/920/926 795/911/921
f 798/920/926 750/921/863 795/911/921
f 795/911/921 750/921/863 752/922/865
f 752/922/865 736/912/872 795/911/921
f 749/917/862 756/923/871 796/918/924
f 799/924/927 800/925/928 706/111/929
f 701/112/930 799/924/927 706/111/929
f 702/109/931 799/924/927 701/112/930
f 702/109/931 801/926/932 799/924/927
f 703/110/933 801/926/932 702/109/931
f 703/110/933 802/927/934 801/926/932
f 802/927/934 703/110/933 706/111/929
f 802/927/934 706/111/929 800/925/928
f 800/925/928 801/926/932 802/927/934
f 800/925/928 799/924/927 801/926/932
f 675/112/935 803/928/936 804/929/937
f 675/112/935 804/929/937 672/111/938
f 672/111/938 804/929/937 805/930/939
f 672/111/938 805/930/939 673/110/940
f 673/110/940 805/930/939 705/109/941
f 805/930/939 806/931/942 705/109/941
f 803/928/936 705/109/941 806/931/942
f 806/931/942 804/929/937 803/928/936
f 806/931/942 805/930/939 804/929/937
f 803/928/936 675/112/935 705/109/941
f 573/695/681 571/932/679 650/933/758
f 590/716/698 650/933/758 571/932/679
f 713/82/943 807/99/944 710/83/945
f 715/934/946 808/935/947 718/936/948
f 809/937/949 718/936/948 808/935/947
f 718/936/948 809/937/949 713/82/943
f 810/938/950 713/82/943 809/937/949
f 713/82/943 810/938/950 807/99/944
f 807/99/944 810/938/950 811/939/951
f 807/99/944 811/939/951 812/100/952
f 811/939/951 813/940/953 812/100/952
f 811/939/951 814/941/954 813/940/953
f 815/942/955 814/941/954 811/939/951
f 815/942/955 816/943/956 814/941/954
f 817/79/957 816/943/956 815/942/955
f 817/79/957 815/942/955 808/935/947
f 815/942/955 809/937/949 808/935/947
f 811/939/951 809/937/949 815/942/955
f 811/939/951 810/938/950 809/937/949
f 710/83/945 807/99/944 711/98/958
f 818/97/959 711/98/958 807/99/944
f 818/97/959 807/99/944 812/100/952
f 812/100/952 819/95/960 818/97/959
f 812/100/952 813/940/953 819/95/960
f 813/940/953 820/944/961 819/95/960
f 814/941/954 820/944/961 813/940/953
f 814/941/954 821/945/962 820/944/961
f 816/943/956 821/945/962 814/941/954
f 816/943/956 737/90/963 821/945/962
f 817/79/957 737/90/963 816/943/956
f 817/79/957 733/89/964 737/90/963
f 733/89/964 817/79/957 732/88/965
f 732/88/965 817/79/957 729/87/966
f 729/87/966 817/79/957 730/86/967
f 730/86/967 817/79/957 714/85/968
f 714/85/968 817/79/957 715/934/946
f 808/935/947 715/934/946 817/79/957
f 738/92/969 821/945/962 737/90/963
f 740/94/970 821/945/962 738/92/969
f 740/94/970 820/944/961 821/945/962
f 820/944/961 740/94/970 742/96/971
f 820/944/961 742/96/971 819/95/960
f 819/95/960 742/96/971 711/98/958
f 819/95/960 711/98/958 818/97/959
f 822/946/972 823/947/973 824/948/974
f 822/946/972 825/949/975 823/947/973
f 826/950/976 823/947/973 825/949/975
f 827/951/977 826/950/976 825/949/975
f 827/951/977 825/949/975 828/952/978
f 825/949/975 829/953/979 828/952/978
f 825/949/975 822/946/972 829/953/979
f 830/954/980 829/953/979 822/946/972
f 830/954/980 822/946/972 824/948/974
f 830/954/980 831/955/981 829/953/979
f 832/956/982 833/957/983 834/958/984
f 832/956/982 834/958/984 835/959/985
f 836/960/986 832/956/982 835/959/985
f 836/960/986 835/959/985 837/961/987
f 838/962/988 836/960/986 837/961/987
f 827/951/977 838/962/988 837/961/987
f 827/951/977 839/963/989 838/962/988
f 839/963/989 827/951/977 828/952/978
f 839/963/989 828/952/978 840/964/990
f 828/952/978 841/965/991 840/964/990
f 828/952/978 829/953/979 841/965/991
f 829/953/979 842/966/992 841/965/991
f 829/953/979 831/955/981 842/966/992
f 842/966/992 831/955/981 843/967/993
f 831/955/981 830/954/980 843/967/993
f 844/968/994 843/967/993 830/954/980
f 830/954/980 824/948/974 844/968/994
f 844/968/994 824/948/974 845/969/995
f 842/966/992 843/967/993 846/970/996
f 836/960/986 847/971/997 848/972/998
f 836/960/986 849/973/999 847/971/997
f 836/960/986 838/962/988 849/973/999
f 844/968/994 850/974/1000 843/967/993
f 850/974/1000 846/970/996 843/967/993
f 850/974/1000 851/975/1001 846/970/996
f 852/976/1002 851/975/1001 850/974/1000
f 852/976/1002 850/974/1000 844/968/994
f 844/968/994 845/969/995 852/976/1002
f 849/973/999 853/977/1003 854/978/1004
f 849/973/999 854/978/1004 847/971/997
f 847/971/997 854/978/1004 855/979/1005
f 855/979/1005 848/972/998 847/971/997
f 855/979/1005 856/980/1006 848/972/998
f 848/972/998 856/980/1006 857/981/1007
f 856/980/1006 858/982/1008 857/981/1007
f 857/981/1007 858/982/1008 859/983/1009
f 860/984/1010 859/983/1009 858/982/1008
f 860/984/1010 858/982/1008 861/985/1011
f 862/986/1012 860/984/1010 861/985/1011
f 861/985/1011 863/987/1013 862/986/1012
f 864/988/1014 862/986/1012 863/987/1013
f 864/988/1014 863/987/1013 865/989/1015
f 865/989/1015 866/990/1016 864/988/1014
f 865/989/1015 867/991/1017 866/990/1016
f 866/990/1016 867/991/1017 868/992/1018
f 869/993/1019 868/992/1018 867/991/1017
f 869/993/1019 870/994/1020 868/992/1018
f 870/994/1020 871/995/1021 868/992/1018
f 871/995/1021 866/990/1016 868/992/1018
f 871/995/1021 872/996/1022 866/990/1016
f 866/990/1016 872/996/1022 873/997/1023
f 866/990/1016 873/997/1023 864/988/1014
f 873/997/1023 862/986/1012 864/988/1014
f 873/997/1023 874/998/1024 862/986/1012
f 862/986/1012 874/998/1024 860/984/1010
f 875/999/1025 876/1000/1026 877/1001/1027
f 877/1001/1027 876/1000/1026 878/1002/1028
f 877/1001/1027 878/1002/1028 879/1003/1029
f 879/1003/1029 880/1004/1030 877/1001/1027
f 879/1003/1029 881/1005/1031 880/1004/1030
f 881/1005/1031 854/978/1004 880/1004/1030
f 881/1005/1031 882/1006/1032 854/978/1004
f 882/1006/1032 855/979/1005 854/978/1004
f 882/1006/1032 856/980/1006 855/979/1005
f 883/1007/1033 856/980/1006 882/1006/1032
f 856/980/1006 883/1007/1033 858/982/1008
f 883/1007/1033 884/1008/1034 858/982/1008
f 884/1008/1034 861/985/1011 858/982/1008
f 884/1008/1034 885/1009/1035 861/985/1011
f 861/985/1011 885/1009/1035 863/987/1013
f 863/987/1013 885/1009/1035 886/1010/1036
f 863/987/1013 886/1010/1036 887/1011/1037
f 863/987/1013 887/1011/1037 865/989/1015
f 867/991/1017 865/989/1015 887/1011/1037
f 867/991/1017 887/1011/1037 869/993/1019
f 885/1009/1035 884/1008/1034 886/1010/1036
f 877/1001/1027 880/1004/1030 875/999/1025
f 880/1004/1030 854/978/1004 875/999/1025
f 888/1012/1038 889/1013/1039 890/1014/1040
f 890/1014/1040 889/1013/1039 878/1002/1028
f 878/1002/1028 889/1013/1039 891/1015/1041
f 892/1016/1042 891/1015/1041 889/1013/1039
f 892/1016/1042 893/1017/1043 891/1015/1041
f 892/1016/1042 884/1008/1034 893/1017/1043
f 884/1008/1034 883/1007/1033 893/1017/1043
f 881/1005/1031 893/1017/1043 883/1007/1033
f 881/1005/1031 883/1007/1033 882/1006/1032
f 892/1016/1042 889/1013/1039 888/1012/1038
f 878/1002/1028 891/1015/1041 879/1003/1029
f 891/1015/1041 881/1005/1031 879/1003/1029
f 891/1015/1041 893/1017/1043 881/1005/1031
f 894/1018/1044 895/1019/1045 896/1020/1046
f 894/1018/1044 896/1020/1046 897/1021/1047
f 898/1022/1048 894/1018/1044 897/1021/1047
f 898/1022/1048 897/1021/1047 899/1023/1049
f 899/1023/1049 900/1024/1050 898/1022/1048
f 901/1025/1051 900/1024/1050 899/1023/1049
f 901/1025/1051 902/1026/1052 900/1024/1050
f 900/1024/1050 902/1026/1052 888/1012/1038
f 900/1024/1050 888/1012/1038 890/1014/1040
f 900/1024/1050 890/1014/1040 903/1027/1053
f 890/1014/1040 878/1002/1028 903/1027/1053
f 878/1002/1028 904/1028/1054 903/1027/1053
f 878/1002/1028 876/1000/1026 904/1028/1054
f 904/1028/1054 876/1000/1026 905/1029/1055
f 875/999/1025 905/1029/1055 876/1000/1026
f 905/1029/1055 875/999/1025 906/1030/1056
f 875/999/1025 853/977/1003 906/1030/1056
f 875/999/1025 854/978/1004 853/977/1003
f 900/1024/1050 903/1027/1053 898/1022/1048
f 903/1027/1053 894/1018/1044 898/1022/1048
f 903/1027/1053 904/1028/1054 894/1018/1044
f 894/1018/1044 904/1028/1054 895/1019/1045
f 904/1028/1054 905/1029/1055 895/1019/1045
f 907/1031/1057 908/1032/1058 909/1033/1059
f 907/1031/1057 910/1034/1060 908/1032/1058
f 911/1035/1061 908/1032/1058 910/1034/1060
f 912/1036/1062 911/1035/1061 910/1034/1060
f 910/1034/1060 913/1037/1063 912/1036/1062
f 914/1038/1064 912/1036/1062 913/1037/1063
f 915/1039/1065 912/1036/1062 914/1038/1064
f 845/1040/995 907/1031/1057 852/1041/1002
f 845/1040/995 910/1034/1060 907/1031/1057
f 910/1034/1060 845/1040/995 913/1037/1063
f 909/1033/1059 841/1042/991 842/1043/992
f 842/1043/992 907/1031/1057 909/1033/1059
f 842/1043/992 916/1044/1066 907/1031/1057
f 852/1041/1002 907/1031/1057 916/1044/1066
f 852/1041/1002 916/1044/1066 851/1045/1001
f 851/1045/1001 916/1044/1066 846/1046/996
f 916/1044/1066 842/1043/992 846/1046/996
f 796/1047/1067 917/1048/1068 797/1049/1069
f 797/1049/1069 917/1048/1068 918/1050/1070
f 797/1049/1069 918/1050/1070 798/1051/1071
f 918/1050/1070 919/1052/1072 798/1051/1071
f 798/1051/1071 919/1052/1072 920/1053/1073
f 921/1054/1074 920/1053/1073 919/1052/1072
f 921/1054/1074 919/1052/1072 922/1055/1075
f 915/1039/1065 921/1054/1074 922/1055/1075
f 915/1039/1065 922/1055/1075 923/1056/1076
f 915/1039/1065 923/1056/1076 912/1036/1062
f 924/1057/1077 912/1036/1062 923/1056/1076
f 924/1057/1077 911/1035/1061 912/1036/1062
f 925/1058/1078 911/1035/1061 924/1057/1077
f 911/1035/1061 925/1058/1078 908/1032/1058
f 925/1058/1078 839/1059/989 908/1032/1058
f 839/1059/989 840/1060/990 908/1032/1058
f 909/1033/1059 908/1032/1058 840/1060/990
f 909/1033/1059 840/1060/990 841/1042/991
f 922/1055/1075 918/1050/1070 926/1061/1079
f 922/1055/1075 919/1052/1072 918/1050/1070
f 798/1051/1071 920/1053/1073 750/1062/1080
f 923/1056/1076 922/1055/1075 926/1061/1079
f 923/1056/1076 926/1061/1079 924/1057/1077
f 926/1061/1079 927/1063/1081 924/1057/1077
f 918/1050/1070 927/1063/1081 926/1061/1079
f 918/1050/1070 928/1064/1082 927/1063/1081
f 917/1048/1068 928/1064/1082 918/1050/1070
f 917/1048/1068 929/1065/1083 928/1064/1082
f 929/1065/1083 930/1066/1084 928/1064/1082
f 931/1067/1085 930/1066/1084 929/1065/1083
f 931/1067/1085 932/1068/1086 930/1066/1084
f 931/1067/1085 933/1069/1087 932/1068/1086
f 933/1069/1087 934/1070/1088 932/1068/1086
f 935/1071/1089 932/1068/1086 934/1070/1088
f 936/1072/1090 935/1071/1089 934/1070/1088
f 936/1072/1090 937/1073/1091 935/1071/1089
f 938/1074/1092 937/1073/1091 936/1072/1090
f 939/1075/1093 929/1065/1083 917/1048/1068
f 939/1075/1093 931/1067/1085 929/1065/1083
f 940/1076/1094 941/1077/1095 942/1078/1096
f 940/1076/1094 942/1078/1096 943/1079/1097
f 938/1074/1092 943/1079/1097 942/1078/1096
f 938/1074/1092 944/1080/1098 943/1079/1097
f 938/1074/1092 936/1072/1090 944/1080/1098
f 945/1081/1099 944/1080/1098 936/1072/1090
f 934/1070/1088 945/1081/1099 936/1072/1090
f 934/1070/1088 946/1082/1100 945/1081/1099
f 933/1069/1087 946/1082/1100 934/1070/1088
f 933/1069/1087 947/1083/1101 946/1082/1100
f 948/1084/1102 947/1083/1101 933/1069/1087
f 949/1085/1103 948/1084/1102 933/1069/1087
f 949/1085/1103 933/1069/1087 931/1067/1085
f 950/1086/1104 949/1085/1103 931/1067/1085
f 950/1086/1104 931/1067/1085 939/1075/1093
f 756/1087/1105 950/1086/1104 939/1075/1093
f 756/1087/1105 939/1075/1093 796/1047/1067
f 796/1047/1067 939/1075/1093 917/1048/1068
f 945/1081/1099 951/1088/1106 944/1080/1098
f 943/1079/1097 944/1080/1098 951/1088/1106
f 943/1079/1097 951/1088/1106 952/1089/1107
f 943/1079/1097 952/1089/1107 940/1076/1094
f 953/1090/1108 954/1091/1109 955/1092/1110
f 953/1090/1108 956/1093/1111 957/1094/1112
f 953/1090/1108 955/1092/1110 956/1093/1111
f 955/1092/1110 958/1095/1113 956/1093/1111
f 955/1092/1110 959/1096/1114 958/1095/1113
f 959/1096/1114 960/1097/1115 958/1095/1113
f 959/1096/1114 961/1098/1116 960/1097/1115
f 961/1098/1116 962/1099/1117 960/1097/1115
f 963/1100/1118 962/1099/1117 961/1098/1116
f 667/1101/1119 962/1099/1117 963/1100/1118
f 667/1101/1119 963/1100/1118 670/1102/1120
f 964/1103/1121 670/1102/1120 963/1100/1118
f 965/1104/1122 670/1102/1120 964/1103/1121
f 965/1104/1122 964/1103/1121 963/1100/1118
f 965/1104/1122 963/1100/1118 966/1105/1123
f 966/1105/1123 963/1100/1118 959/1096/1114
f 955/1092/1110 966/1105/1123 959/1096/1114
f 955/1092/1110 967/1106/1124 966/1105/1123
f 955/1092/1110 954/1091/1109 967/1106/1124
f 961/1098/1116 959/1096/1114 963/1100/1118
f 956/1093/1111 968/1107/1125 957/1094/1112
f 956/1093/1111 958/1095/1113 968/1107/1125
f 958/1095/1113 969/1108/1126 968/1107/1125
f 958/1095/1113 960/1097/1115 969/1108/1126
f 708/1109/1127 699/1110/1128 967/1106/1124
f 967/1106/1124 699/1110/1128 970/1111/1129
f 967/1106/1124 970/1111/1129 966/1105/1123
f 966/1105/1123 970/1111/1129 971/1112/1130
f 971/1112/1130 965/1104/1122 966/1105/1123
f 971/1112/1130 704/1113/1131 965/1104/1122
f 705/1114/1132 965/1104/1122 704/1113/1131
f 675/1115/1133 965/1104/1122 705/1114/1132
f 965/1104/1122 675/1115/1133 670/1102/1120
f 704/1113/1131 971/1112/1130 703/1116/1134
f 703/1116/1134 971/1112/1130 706/1117/1135
f 706/1117/1135 971/1112/1130 970/1111/1129
f 970/1111/1129 700/1118/1136 706/1117/1135
f 700/1118/1136 970/1111/1129 699/1110/1128
f 708/1109/1127 967/1106/1124 954/1091/1109
f 953/1090/1108 708/1109/1127 954/1091/1109
f 953/1090/1108 695/1119/1137 708/1109/1127
f 957/1094/1112 695/1119/1137 953/1090/1108
f 957/1094/1112 696/1120/1138 695/1119/1137
f 968/1107/1125 696/1120/1138 957/1094/1112
f 968/1107/1125 723/1121/1139 696/1120/1138
f 969/1108/1126 723/1121/1139 968/1107/1125
f 969/1108/1126 721/1122/1140 723/1121/1139
f 960/1097/1115 721/1122/1140 969/1108/1126
f 960/1097/1115 719/1123/1141 721/1122/1140
f 962/1099/1117 719/1123/1141 960/1097/1115
f 962/1099/1117 669/1124/1142 719/1123/1141
f 667/1101/1119 669/1124/1142 962/1099/1117
f 972/1125/1143 973/1126/1144 974/1127/1145
f 975/1128/1146 974/1127/1145 973/1126/1144
f 824/948/974 913/1129/1063 845/969/995
f 824/948/974 823/947/973 913/1129/1063
f 975/1128/1146 913/1129/1063 823/947/973
f 826/950/976 975/1128/1146 823/947/973
f 975/1128/1146 826/950/976 974/1127/1145
f 974/1127/1145 826/950/976 827/951/977
f 974/1127/1145 827/951/977 837/961/987
f 835/959/985 974/1127/1145 837/961/987
f 972/1125/1143 974/1127/1145 835/959/985
f 835/959/985 920/1130/1073 972/1125/1143
f 920/1130/1073 921/1131/1074 972/1125/1143
f 972/1125/1143 921/1131/1074 915/1132/1065
f 972/1125/1143 915/1132/1065 973/1126/1144
f 973/1126/1144 915/1132/1065 914/1133/1064
f 973/1126/1144 914/1133/1064 975/1128/1146
f 975/1128/1146 914/1133/1064 913/1129/1063
f 835/959/985 834/958/984 920/1130/1073
f 750/1134/1080 920/1130/1073 834/958/984
f 750/1134/1080 834/958/984 751/1135/864
f 834/958/984 976/1136/1147 751/1135/864
f 834/958/984 977/1137/1148 976/1136/1147
f 976/1136/1147 977/1137/1148 978/1138/1149
f 977/1137/1148 979/1139/1150 978/1138/1149
f 978/1138/1149 979/1139/1150 980/1140/1151
f 979/1139/1150 981/1141/1152 980/1140/1151
f 980/1140/1151 981/1141/1152 947/1142/1101
f 982/1143/1153 947/1142/1101 981/1141/1152
f 982/1143/1153 946/1144/1100 947/1142/1101
f 983/1145/1154 946/1144/1100 982/1143/1153
f 983/1145/1154 945/1146/1099 946/1144/1100
f 945/1146/1099 983/1145/1154 984/1147/1155
f 985/1148/1156 945/1146/1099 984/1147/1155
f 985/1148/1156 984/1147/1155 986/1149/1157
f 985/1148/1156 986/1149/1157 987/1150/1158
f 757/1151/873 751/1135/864 976/1136/1147
f 757/1151/873 976/1136/1147 988/1152/1159
f 976/1136/1147 978/1138/1149 988/1152/1159
f 988/1152/1159 978/1138/1149 989/1153/1160
f 978/1138/1149 980/1140/1151 989/1153/1160
f 989/1153/1160 980/1140/1151 948/1154/1102
f 980/1140/1151 947/1142/1101 948/1154/1102
f 990/1155/1161 987/1150/1158 991/1156/1162
f 990/1155/1161 985/1148/1156 987/1150/1158
f 987/1150/1158 986/1149/1157 992/1157/1163
f 987/1150/1158 992/1157/1163 993/1158/1164
f 991/1156/1162 987/1150/1158 993/1158/1164
f 991/1156/1162 993/1158/1164 994/1159/1165
f 991/1156/1162 994/1159/1165 941/1160/1095
f 941/1160/1095 990/1155/1161 991/1156/1162
f 941/1160/1095 940/1161/1094 990/1155/1161
f 952/1162/1107 990/1155/1161 940/1161/1094
f 952/1162/1107 951/1163/1106 990/1155/1161
f 951/1163/1106 985/1148/1156 990/1155/1161
f 985/1148/1156 951/1163/1106 945/1146/1099
f 755/1164/1166 950/1165/1104 756/1166/1105
f 755/1164/1166 995/1167/1167 950/1165/1104
f 757/1151/873 995/1167/1167 755/1164/1166
f 757/1151/873 988/1152/1159 995/1167/1167
f 988/1152/1159 989/1153/1160 995/1167/1167
f 995/1167/1167 989/1153/1160 949/1168/1103
f 989/1153/1160 948/1154/1102 949/1168/1103
f 995/1167/1167 949/1168/1103 950/1165/1104
f 979/1139/1150 996/1169/1168 981/1141/1152
f 996/1169/1168 982/1143/1153 981/1141/1152
f 996/1169/1168 997/1170/1169 982/1143/1153
f 997/1170/1169 983/1145/1154 982/1143/1153
f 997/1170/1169 998/1171/1170 983/1145/1154
f 984/1147/1155 983/1145/1154 998/1171/1170
f 984/1147/1155 998/1171/1170 986/1149/1157
f 992/1157/1163 986/1149/1157 998/1171/1170
f 992/1157/1163 998/1171/1170 999/1172/1171
f 998/1171/1170 997/1170/1169 999/1172/1171
f 993/1158/1172 1000/1173/1173 994/1159/1174
f 941/1160/1175 994/1159/1174 1000/1173/1173
f 941/1160/1175 1000/1173/1173 872/996/1176
f 872/996/1176 1000/1173/1173 1001/1174/1177
f 872/996/1176 1001/1174/1177 873/997/1178
f 873/997/1178 1001/1174/1177 1002/1175/1179
f 1001/1174/1177 992/1157/1180 1002/1175/1179
f 992/1157/1180 1003/1176/1181 1002/1175/1179
f 992/1157/1180 999/1172/1182 1003/1176/1181
f 997/1170/1169 1003/1176/1181 999/1172/1182
f 997/1170/1169 1004/1177/1183 1003/1176/1181
f 1004/1177/1183 997/1170/1169 996/1169/1168
f 1005/1178/1184 1004/1177/1183 996/1169/1168
f 979/1139/1150 1005/1178/1184 996/1169/1168
f 1006/1179/1185 1005/1178/1184 979/1139/1150
f 977/1137/1148 1006/1179/1185 979/1139/1150
f 833/957/983 1006/1179/1185 977/1137/1148
f 834/958/984 833/957/983 977/1137/1148
f 1001/1174/1177 993/1158/1172 992/1157/1180
f 993/1158/1172 1001/1174/1177 1000/1173/1173
f 832/956/982 836/960/986 833/957/983
f 836/960/986 848/972/998 833/957/983
f 833/957/983 848/972/998 1006/1179/1185
f 848/972/998 857/981/1007 1006/1179/1185
f 1006/1179/1185 857/981/1007 1005/1178/1184
f 857/981/1007 859/983/1009 1005/1178/1184
f 1005/1178/1184 859/983/1009 1004/1177/1183
f 859/983/1009 1003/1176/1181 1004/1177/1183
f 859/983/1009 860/984/1186 1003/1176/1181
f 874/998/1187 1003/1176/1181 860/984/1186
f 874/998/1187 1002/1175/1179 1003/1176/1181
f 873/997/1178 1002/1175/1179 874/998/1187
f 941/1160/1175 871/995/1188 1007/1180/1189
f 941/1160/1175 872/996/1176 871/995/1188
f 1008/1181/1190 941/1077/1175 1007/1182/1189
f 1008/1181/1190 942/1078/1191 941/1077/1175
f 871/1183/1188 1009/1184/1192 1007/1182/1189
f 1009/1184/1192 1008/1181/1190 1007/1182/1189
f 1010/1185/1193 1008/1181/1190 1009/1184/1192
f 1010/1185/1193 1011/1186/1194 1008/1181/1190
f 1011/1186/1194 942/1078/1191 1008/1181/1190
f 942/1078/1191 1011/1186/1194 1012/1187/1195
f 942/1078/1191 1012/1187/1195 938/1074/1196
f 1012/1187/1195 937/1073/1197 938/1074/1196
f 1012/1187/1195 1013/1188/1198 937/1073/1197
f 1013/1188/1198 935/1071/1089 937/1073/1197
f 1013/1188/1198 1014/1189/1199 935/1071/1089
f 932/1068/1086 935/1071/1089 1014/1189/1199
f 932/1068/1086 1014/1189/1199 930/1066/1084
f 930/1066/1084 1014/1189/1199 1015/1190/1200
f 930/1066/1084 1015/1190/1200 1016/1191/1201
f 1015/1190/1200 1017/1192/1202 1016/1191/1201
f 1016/1191/1201 1017/1192/1202 1018/1193/1203
f 1019/1194/1204 1018/1193/1203 1017/1192/1202
f 1010/1185/1193 1012/1187/1195 1011/1186/1194
f 1010/1185/1193 1020/1195/1205 1012/1187/1195
f 1021/1196/1206 1012/1187/1195 1020/1195/1205
f 1021/1196/1206 1013/1188/1198 1012/1187/1195
f 1015/1190/1200 1013/1188/1198 1021/1196/1206
f 1015/1190/1200 1014/1189/1199 1013/1188/1198
f 1017/1192/1202 1015/1190/1200 1021/1196/1207
f 886/1197/1036 1018/1193/1203 1019/1194/1204
f 887/1198/1037 886/1197/1036 1019/1194/1204
f 887/1198/1037 1019/1194/1204 1022/1199/1208
f 869/1200/1019 887/1198/1037 1022/1199/1208
f 869/1200/1019 1022/1199/1208 1023/1201/1209
f 869/1200/1019 1023/1201/1209 1024/1202/1210
f 1023/1201/1209 1025/1203/1211 1024/1202/1210
f 1024/1202/1210 1025/1203/1211 1010/1185/1212
f 1020/1195/1213 1010/1185/1212 1025/1203/1211
f 1020/1195/1213 1025/1203/1211 1026/1204/1214
f 1026/1204/1214 1021/1196/1207 1020/1195/1213
f 1026/1204/1214 1027/1205/1215 1021/1196/1207
f 1017/1192/1202 1021/1196/1207 1027/1205/1215
f 1019/1194/1204 1017/1192/1202 1027/1205/1215
f 1022/1199/1208 1019/1194/1204 1027/1205/1215
f 1022/1199/1208 1027/1205/1215 1026/1204/1214
f 1026/1204/1214 1023/1201/1209 1022/1199/1208
f 1026/1204/1214 1025/1203/1211 1023/1201/1209
f 869/1200/1019 1024/1202/1210 870/1206/1020
f 870/1206/1020 1024/1202/1210 1009/1184/1216
f 1024/1202/1210 1010/1185/1212 1009/1184/1216
f 870/1206/1020 1009/1184/1216 871/1183/1021
f 1028/1207/1217 1029/1208/1218 902/1209/1052
f 1029/1208/1218 888/1210/1038 902/1209/1052
f 1029/1208/1218 1030/1211/1219 888/1210/1038
f 888/1210/1038 1030/1211/1219 1031/1212/1220
f 888/1210/1038 1031/1212/1220 892/1213/1042
f 1032/1214/1221 892/1213/1042 1031/1212/1220
f 1032/1214/1221 884/1215/1034 892/1213/1042
f 1032/1214/1221 1018/1193/1203 884/1215/1034
f 886/1197/1036 884/1215/1034 1018/1193/1203
f 1033/1216/1222 1028/1207/1217 1034/1217/1223
f 1033/1216/1222 1029/1208/1218 1028/1207/1217
f 1033/1216/1222 1035/1218/1224 1029/1208/1218
f 1035/1218/1224 1030/1211/1219 1029/1208/1218
f 1016/1191/1201 1018/1193/1203 849/1219/999
f 849/1219/999 1018/1193/1203 1032/1214/1221
f 853/1220/1003 849/1219/999 1032/1214/1221
f 1031/1212/1220 853/1220/1003 1032/1214/1221
f 1031/1212/1220 906/1221/1056 853/1220/1003
f 906/1221/1056 1031/1212/1220 1030/1211/1219
f 906/1221/1056 1030/1211/1219 1036/1222/1225
f 1035/1218/1224 1036/1222/1225 1030/1211/1219
f 1035/1218/1224 905/1223/1055 1036/1222/1225
f 1035/1218/1224 895/1224/1045 905/1223/1055
f 896/1225/1046 895/1224/1045 1035/1218/1224
f 896/1225/1046 1035/1218/1224 1033/1216/1222
f 1033/1216/1222 897/1226/1047 896/1225/1046
f 1033/1216/1222 1034/1217/1223 897/1226/1047
f 1034/1217/1223 899/1227/1049 897/1226/1047
f 1034/1217/1223 901/1228/1051 899/1227/1049
f 1034/1217/1223 1028/1207/1217 901/1228/1051
f 1028/1207/1217 902/1209/1052 901/1228/1051
f 905/1223/1055 906/1221/1056 1036/1222/1225
f 838/1229/988 839/1059/989 925/1058/1078
f 838/1229/988 925/1058/1078 924/1057/1077
f 924/1057/1077 927/1063/1081 838/1229/988
f 927/1063/1081 849/1219/999 838/1229/988
f 927/1063/1081 1016/1191/1201 849/1219/999
f 928/1064/1082 1016/1191/1201 927/1063/1081
f 928/1064/1082 930/1066/1084 1016/1191/1201
f 1037/1230/1226 1038/1231/1227 1039/1232/1228
f 1037/1230/1226 1040/1233/1229 1038/1231/1227
f 1040/1234/1229 1041/1235/1230 1038/1236/1227
f 1042/1237/1231 1038/1236/1227 1041/1235/1230
f 1042/1237/1231 1043/1238/1232 1038/1236/1227
f 1043/1238/1232 1044/1239/1233 1045/1240/1234
f 1044/1239/1233 1046/1241/1235 1045/1240/1234
f 1044/1239/1233 1047/1242/1236 1046/1241/1235
f 1047/1242/1236 417/1243/487 1046/1241/1235
f 1047/1242/1236 1048/1244/1237 417/1243/487
f 1048/1244/1237 405/1245/475 417/1243/487
f 1048/1244/1237 1049/1246/1238 405/1245/475
f 1049/1246/1238 404/1247/474 405/1245/475
f 1049/1246/1238 1050/1248/1239 404/1247/474
f 1050/1248/1239 1051/1249/1240 404/1247/474
f 1051/1249/1240 1052/1250/1241 404/1247/474
f 1051/1249/1240 1053/1251/1242 1052/1250/1241
f 1053/1251/1242 1054/1252/1243 1052/1250/1241
f 1055/1253/1244 1056/1254/1245 1057/1255/1246
f 1055/1253/1244 1058/1256/1247 1056/1254/1245
f 1058/1256/1247 1059/1257/1248 1056/1254/1245
f 1058/1256/1247 1060/1258/1249 1059/1257/1248
f 1057/1259/1246 1061/1260/1250 1062/1261/1251
f 1057/1259/1246 1056/1262/1245 1061/1260/1250
f 1056/1262/1245 1063/1263/1252 1061/1260/1250
f 1056/1262/1245 1059/1264/1248 1063/1263/1252
f 1062/1265/1251 1064/1266/1253 1065/1267/1254
f 1062/1265/1251 1061/1268/1250 1064/1266/1253
f 1066/1269/1255 1067/1270/1256 1068/1271/1257
f 1069/1272/1258 1067/1270/1256 1066/1269/1255
f 1069/1272/1258 1070/1273/1259 1067/1270/1256
f 1071/1274/1260 1070/1273/1259 1069/1272/1258
f 1071/1274/1260 1072/1275/1261 1070/1273/1259
f 1073/1276/1262 1072/1275/1261 1071/1274/1260
f 1073/1276/1262 1068/1271/1257 1072/1275/1261
f 1066/1269/1255 1068/1271/1257 1073/1276/1262
f 1074/1277/1263 1066/1278/1255 1073/1279/1262
f 1075/1280/1264 1066/1278/1255 1074/1277/1263
f 1075/1280/1264 1069/1281/1258 1066/1278/1255
f 1076/1282/1265 1069/1281/1258 1075/1280/1264
f 1076/1282/1265 1071/1283/1260 1069/1281/1258
f 1077/1284/1266 1071/1283/1260 1076/1282/1265
f 1077/1284/1266 1073/1279/1262 1071/1283/1260
f 1074/1277/1263 1073/1279/1262 1077/1284/1266
f 1078/1285/1267 1079/1286/1268 1080/1287/1269
f 1078/1285/1267 1081/1288/1270 1079/1286/1268
f 1082/1289/1271 1080/1287/1269 1083/1290/1272
f 1080/1287/1269 1084/1291/1273 1083/1290/1272
f 1080/1287/1269 1079/1286/1268 1084/1291/1273
f 1085/1292/1274 1084/1291/1273 1079/1286/1268
f 1085/1292/1274 1079/1286/1268 1081/1288/1270
f 1086/1293/1275 1085/1292/1274 1081/1288/1270
f 1086/1293/1275 1081/1288/1270 1078/1285/1267
f 1087/1294/1276 1086/1293/1275 1078/1285/1267
f 1087/1294/1276 1078/1285/1267 1088/1295/1277
f 1088/1295/1277 1078/1285/1267 1080/1287/1269
f 1088/1295/1277 1080/1287/1269 1082/1289/1271
f 1088/1295/1277 1082/1289/1271 1089/1296/1278
f 1090/1297/1279 1089/1296/1278 1082/1289/1271
f 1090/1297/1279 1091/1298/1280 1089/1296/1278
f 1090/1297/1279 1092/1299/1281 1091/1298/1280
f 1092/1299/1281 1093/1300/1282 1091/1298/1280
f 1092/1299/1281 1094/1301/1283 1093/1300/1282
f 1095/1302/1284 1093/1300/1282 1094/1301/1283
f 1088/1295/1277 1089/1296/1278 1096/1303/1285
f 1089/1296/1278 1097/1304/1286 1096/1303/1285
f 1089/1296/1278 1091/1298/1280 1097/1304/1286
f 1091/1298/1280 1095/1302/1284 1097/1304/1286
f 1091/1298/1280 1093/1300/1282 1095/1302/1284
f 1095/1302/1284 1094/1301/1283 1098/1305/1287
f 1097/1304/1286 1095/1302/1284 1098/1305/1287
f 1097/1304/1286 1098/1305/1287 1099/1306/1288
f 1096/1303/1285 1097/1304/1286 1099/1306/1288
f 1096/1303/1285 1099/1306/1288 1100/1307/1289
f 1100/1307/1289 1099/1306/1288 1092/1299/1281
f 1100/1307/1289 1092/1299/1281 1090/1297/1279
f 1100/1307/1289 1090/1297/1279 1101/1308/1290
f 1090/1297/1279 1082/1289/1271 1101/1308/1290
f 1082/1289/1271 1083/1290/1272 1101/1308/1290
f 1101/1308/1290 1083/1290/1272 1086/1293/1275
f 1083/1290/1272 1085/1292/1274 1086/1293/1275
f 1083/1290/1272 1084/1291/1273 1085/1292/1274
f 1099/1306/1288 1094/1301/1283 1092/1299/1281
f 1099/1306/1288 1098/1305/1287 1094/1301/1283
f 1100/1307/1289 1101/1308/1290 1087/1294/1276
f 1101/1308/1290 1086/1293/1275 1087/1294/1276
f 1102/1309/1291 1103/1310/1292 1104/1311/1293
f 1102/1309/1291 1105/1312/1294 1103/1310/1292
f 1105/1312/1294 1106/1313/1295 1103/1310/1292
f 1105/1312/1294 1107/1314/1296 1106/1313/1295
f 1108/1315/1297 1105/1316/1294 1102/1317/1291
f 1108/1315/1297 1109/1318/1298 1105/1316/1294
f 1109/1318/1298 1107/1319/1296 1105/1316/1294
f 1109/1318/1298 1110/1320/1299 1107/1319/1296
f 1111/1321/1300 1112/1322/1301 1113/1323/1302
f 1111/1321/1300 1114/1324/1303 1112/1322/1301
f 1115/1325/1304 1113/1323/1302 1112/1322/1301
f 1116/1326/1305 1113/1323/1302 1115/1325/1304
f 1116/1326/1305 1117/1327/1306 1113/1323/1302
f 1113/1323/1302 1117/1327/1306 1118/1328/1307
f 1113/1323/1302 1118/1328/1307 1111/1321/1300
f 1119/1329/1308 1111/1321/1300 1118/1328/1307
f 1120/1330/1309 1111/1321/1300 1119/1329/1308
f 1120/1330/1309 1114/1324/1303 1111/1321/1300
f 1121/1331/1310 1114/1324/1303 1120/1330/1309
f 1121/1331/1310 1112/1322/1301 1114/1324/1303
f 1115/1325/1304 1112/1322/1301 1121/1331/1310
f 1119/1329/1308 1118/1328/1307 1122/1332/1311
f 1123/1333/1312 403/1334/473 404/1335/474
f 1124/1336/1313 1125/1337/1314 1126/1338/1315
f 1126/1338/1315 1125/1337/1314 1039/1339/1228
f 1127/1340/1316 1039/1339/1228 1125/1337/1314
f 1127/1340/1316 1054/1341/1243 1039/1339/1228
f 1128/1342/1317 1054/1341/1243 1127/1340/1316
f 1128/1342/1317 1052/1343/1241 1054/1341/1243
f 1052/1343/1241 1128/1342/1317 404/1335/474
f 1129/1344/1318 404/1335/474 1128/1342/1317
f 1123/1333/1312 404/1335/474 1129/1344/1318
f 1129/1344/1318 1130/1345/1319 1123/1333/1312
f 1129/1344/1318 1128/1342/1317 1130/1345/1319
f 1128/1342/1317 1131/1346/1320 1130/1345/1319
f 1128/1342/1317 1127/1340/1316 1131/1346/1320
f 1132/1347/1321 1131/1346/1320 1127/1340/1316
f 1132/1347/1321 1127/1340/1316 1125/1337/1314
f 1124/1336/1313 1132/1347/1321 1125/1337/1314
f 1126/1338/1315 1039/1339/1228 1038/1348/1227
f 1126/1338/1315 1038/1348/1227 1043/1349/1232
f 1126/1338/1315 1043/1349/1232 1133/1350/1322
f 1133/1350/1322 1043/1349/1232 1045/1351/1234
f 1133/1350/1322 1045/1351/1234 1134/1352/1323
f 1134/1352/1323 1045/1351/1234 1046/1353/1235
f 1134/1352/1323 1046/1353/1235 1135/1354/1324
f 1135/1354/1324 1046/1353/1235 417/1355/487
f 417/1355/487 1136/1356/1325 1135/1354/1324
f 1136/1356/1325 417/1355/487 416/1357/486
f 1136/1356/1325 416/1357/486 1137/1358/1326
f 1138/1359/1327 1136/1356/1325 1137/1358/1326
f 1138/1359/1327 1135/1354/1324 1136/1356/1325
f 1138/1359/1327 1134/1352/1323 1135/1354/1324
f 1138/1359/1327 1139/1360/1328 1134/1352/1323
f 1133/1350/1322 1134/1352/1323 1139/1360/1328
f 1133/1350/1322 1139/1360/1328 1140/1361/1329
f 1124/1336/1313 1133/1350/1322 1140/1361/1329
f 1124/1336/1313 1126/1338/1315 1133/1350/1322
f 403/1334/473 1123/1333/1330 392/1362/462
f 1130/1345/1331 392/1362/462 1123/1333/1330
f 1131/1346/1332 392/1362/462 1130/1345/1331
f 1131/1346/1332 395/1363/465 392/1362/462
f 395/1363/465 1131/1346/1332 397/1364/467
f 397/1364/467 1131/1346/1332 391/1365/461
f 1132/1347/1333 391/1365/461 1131/1346/1332
f 1141/1366/1334 391/1365/461 1132/1347/1333
f 1141/1366/1334 1132/1347/1333 1124/1336/1335
f 1140/1361/1336 1141/1366/1334 1124/1336/1335
f 1140/1361/1336 1142/1367/1337 1141/1366/1334
f 1142/1367/1337 1140/1361/1336 1139/1360/1338
f 1142/1367/1337 1139/1360/1338 1143/1368/1339
f 1138/1359/1340 1143/1368/1339 1139/1360/1338
f 1138/1359/1340 1144/1369/1341 1143/1368/1339
f 1144/1369/1341 1138/1359/1340 1137/1358/1342
f 1137/1358/1342 416/1357/486 1144/1369/1341
f 1145/1370/1343 1146/1371/1344 1147/1372/1345
f 1145/1370/1343 1147/1372/1345 1148/1373/1346
f 1148/1373/1346 1117/1374/1306 1145/1370/1343
f 1148/1373/1346 1118/1375/1307 1117/1374/1306
f 1122/1376/1347 1118/1375/1307 1148/1373/1346
f 1122/1376/1347 1148/1373/1346 1149/1377/1348
f 1149/1377/1348 1148/1373/1346 1147/1372/1345
f 1149/1377/1348 1147/1372/1345 1150/1378/1349
f 1150/1378/1349 1147/1372/1345 1146/1371/1344
f 1150/1378/1349 1146/1371/1344 1151/1379/1350
f 1151/1379/1350 1146/1371/1344 1145/1370/1343
f 1151/1379/1350 1145/1370/1343 1152/1380/1351
f 1152/1380/1351 1145/1370/1343 1117/1374/1306
f 1152/1380/1351 1117/1374/1306 1116/1381/1305
f 1153/1382/1352 1154/1383/1353 1155/1384/1354
f 1153/1382/1352 1156/1385/1355 1154/1383/1353
f 1156/1385/1355 1157/1386/1356 1154/1383/1353
f 1156/1385/1355 1158/1387/1357 1157/1386/1356
f 1159/1388/1358 1156/1385/1355 1153/1382/1352
f 1159/1388/1358 1158/1387/1357 1156/1385/1355
f 1160/1389/1359 1158/1387/1357 1159/1388/1358
f 1160/1389/1359 1157/1386/1356 1158/1387/1357
f 1161/1390/1360 1157/1386/1356 1160/1389/1359
f 1161/1390/1360 1162/1391/1361 1157/1386/1356
f 1154/1383/1353 1157/1386/1356 1162/1391/1361
f 1154/1383/1353 1162/1391/1361 1163/1392/1362
f 1155/1384/1354 1154/1383/1353 1163/1392/1362
f 1155/1384/1354 1163/1392/1362 1164/1393/1363
f 1141/1394/1364 390/477/1365 391/478/1366
f 1141/1395/1364 388/475/1367 390/477/1365
f 1040/1396/1229 1037/1397/1226 1165/1398/1368
f 1039/1399/1228 1166/1400/1369 1037/1397/1226
f 1167/1401/1370 1053/1402/1242 1051/1403/1240
f 1167/1401/1370 1054/1404/1243 1053/1402/1242
f 1168/1405/1371 1054/1404/1243 1167/1401/1370
f 1168/1405/1371 1039/1399/1228 1054/1404/1243
f 1039/1399/1228 1168/1405/1371 1169/1406/1372
f 1039/1399/1228 1169/1406/1372 1166/1400/1369
f 1166/1400/1369 1169/1406/1372 1170/1407/1373
f 1171/1408/1374 1166/1400/1369 1170/1407/1373
f 1172/1409/1375 1166/1400/1369 1171/1408/1374
f 1037/1397/1226 1166/1400/1369 1172/1409/1375
f 1173/1410/1376 1037/1397/1226 1172/1409/1375
f 1037/1397/1226 1173/1410/1376 1165/1398/1368
f 1165/1398/1368 1173/1410/1376 1174/1411/1377
f 1040/1396/1229 1165/1398/1368 1174/1411/1377
f 1040/1396/1229 1174/1411/1377 1175/1412/1378
f 1176/1413/1379 1175/1412/1378 1174/1411/1377
f 1176/1413/1379 1177/1414/1380 1175/1412/1378
f 1178/1415/1381 1177/1414/1380 1176/1413/1379
f 1178/1415/1381 1179/1416/1382 1177/1414/1380
f 1179/1416/1382 1178/1415/1381 1180/1417/1383
f 1179/1416/1382 1180/1417/1383 1161/1418/1384
f 1181/1419/1385 1174/1411/1377 1173/1410/1376
f 1181/1419/1385 1176/1413/1379 1174/1411/1377
f 1182/1420/1386 1176/1413/1379 1181/1419/1385
f 1182/1420/1386 1178/1415/1381 1176/1413/1379
f 1178/1415/1381 1182/1420/1386 1183/1421/1387
f 1178/1415/1381 1183/1421/1387 1180/1417/1383
f 1169/1406/1372 1168/1405/1371 1184/1422/1388
f 1184/1422/1388 1168/1405/1371 1185/1423/1389
f 1168/1405/1371 1167/1401/1370 1185/1423/1389
f 1185/1423/1389 1167/1401/1370 1186/1424/1390
f 1185/1423/1389 1186/1424/1390 1187/1425/1391
f 1184/1422/1388 1185/1423/1389 1187/1425/1391
f 1184/1422/1388 1187/1425/1391 1188/1426/1392
f 1187/1425/1391 1189/1427/1393 1188/1426/1392
f 1188/1426/1392 1189/1427/1393 1190/1428/1394
f 1188/1426/1392 1190/1428/1394 1191/1429/1395
f 1191/1429/1395 1192/1430/1396 1188/1426/1392
f 1184/1422/1388 1188/1426/1392 1192/1430/1396
f 1193/1431/1397 1184/1422/1388 1192/1430/1396
f 1169/1406/1372 1184/1422/1388 1193/1431/1397
f 1169/1406/1372 1193/1431/1397 1194/1432/1398
f 1170/1407/1373 1169/1406/1372 1194/1432/1398
f 1170/1407/1373 1194/1432/1398 1195/1433/1399
f 1196/1434/1400 1195/1433/1399 1194/1432/1398
f 1196/1434/1400 1194/1432/1398 1197/1435/1401
f 1198/1436/1402 1197/1435/1401 1194/1432/1398
f 1199/1437/1403 1197/1435/1401 1198/1436/1402
f 1199/1437/1403 1198/1436/1402 1200/1438/1404
f 1199/1437/1403 1200/1438/1404 1201/1439/1405
f 1201/1439/1405 1200/1438/1404 1202/1440/1406
f 1201/1439/1405 1202/1440/1406 1203/1441/1407
f 1194/1432/1398 1193/1431/1397 1204/1442/1408
f 1193/1431/1397 1192/1430/1396 1204/1442/1408
f 1204/1442/1408 1192/1430/1396 1205/1443/1409
f 1191/1429/1395 1205/1443/1409 1192/1430/1396
f 1191/1429/1395 1206/1444/1410 1205/1443/1409
f 1207/1445/1411 1206/1444/1410 1191/1429/1395
f 1207/1445/1411 1191/1429/1395 1190/1428/1394
f 1208/1446/1412 1207/1445/1411 1190/1428/1394
f 1208/1446/1412 1190/1428/1394 1209/1447/1413
f 1189/1427/1393 1209/1447/1413 1190/1428/1394
f 1189/1427/1393 1210/1448/1414 1209/1447/1413
f 1211/1449/1415 1210/1448/1414 1189/1427/1393
f 1187/1425/1391 1211/1449/1415 1189/1427/1393
f 1187/1425/1391 1212/1450/1416 1211/1449/1415
f 1187/1425/1391 1186/1424/1390 1212/1450/1416
f 1186/1424/1390 1050/1451/1239 1212/1450/1416
f 1186/1424/1390 1051/1403/1240 1050/1451/1239
f 1167/1401/1370 1051/1403/1240 1186/1424/1390
f 1049/1452/1238 1212/1450/1416 1050/1451/1239
f 1213/1453/1417 1211/1449/1415 1212/1450/1416
f 1049/1452/1238 1213/1453/1417 1212/1450/1416
f 1048/1454/1237 1213/1453/1417 1049/1452/1238
f 1211/1449/1415 1214/1455/1418 1210/1448/1414
f 1213/1453/1417 1214/1455/1418 1211/1449/1415
f 1215/1456/1419 1214/1455/1418 1213/1453/1417
f 1048/1454/1237 1215/1456/1419 1213/1453/1417
f 1215/1456/1419 1048/1454/1237 1047/1457/1236
f 1216/1458/1420 1210/1448/1414 1214/1455/1418
f 1217/1459/1421 1210/1448/1414 1216/1458/1420
f 1217/1459/1421 1209/1447/1413 1210/1448/1414
f 1209/1447/1413 1217/1459/1421 1218/1460/1422
f 1209/1447/1413 1218/1460/1422 1208/1446/1412
f 1219/1461/1423 1208/1446/1412 1218/1460/1422
f 1208/1446/1412 1219/1461/1423 1207/1445/1411
f 1220/1462/1424 1207/1445/1411 1219/1461/1423
f 1206/1444/1410 1207/1445/1411 1220/1462/1424
f 1221/1463/1425 1206/1444/1410 1220/1462/1424
f 1221/1463/1425 1205/1443/1409 1206/1444/1410
f 1221/1463/1425 1222/1464/1426 1205/1443/1409
f 1222/1464/1426 1223/1465/1427 1205/1443/1409
f 1222/1464/1426 1224/1466/1428 1223/1465/1427
f 1224/1466/1428 1225/1467/1429 1223/1465/1427
f 1224/1466/1428 1226/1468/1430 1225/1467/1429
f 1226/1468/1430 1224/1466/1428 1227/1469/1431
f 1226/1468/1430 1227/1469/1431 1228/1470/1432
f 1229/1471/1433 1223/1465/1427 1225/1467/1429
f 1220/1462/1424 1219/1461/1423 1230/1472/1434
f 1218/1460/1422 1230/1472/1434 1219/1461/1423
f 1231/1473/1435 1226/1468/1436 1228/1470/1437
f 1226/1468/1436 1231/1473/1435 1202/1440/1406
f 1226/1468/1436 1202/1440/1406 1225/1467/1438
f 1225/1467/1438 1202/1440/1406 1200/1438/1404
f 1225/1467/1438 1200/1438/1404 1229/1471/1433
f 1198/1436/1402 1229/1471/1433 1200/1438/1404
f 1198/1436/1402 1194/1432/1398 1229/1471/1433
f 1194/1432/1398 1204/1442/1408 1229/1471/1433
f 1229/1471/1433 1204/1442/1408 1223/1465/1427
f 1204/1442/1408 1205/1443/1409 1223/1465/1427
f 1232/1474/1439 1202/1440/1406 1231/1473/1435
f 1233/1475/1440 1234/1476/1441 1228/1470/1437
f 1235/1477/1442 1236/1478/1443 1237/1479/1444
f 1236/1478/1443 1235/1477/1442 1238/1480/1445
f 1235/1477/1442 1239/1481/1446 1238/1480/1445
f 1235/1477/1442 1240/1482/1447 1239/1481/1446
f 1240/1482/1447 1241/1483/1448 1239/1481/1446
f 1242/1484/1449 1241/1483/1448 1240/1482/1447
f 1243/1485/1450 1241/1483/1448 1242/1484/1449
f 1243/1485/1450 1242/1484/1449 1244/1486/1451
f 1243/1485/1450 1244/1486/1451 1245/1487/1452
f 1246/1488/1453 1245/1487/1452 1244/1486/1451
f 1245/1487/1452 1246/1488/1453 1247/1489/1454
f 1245/1487/1452 1247/1489/1454 1248/1490/1455
f 1248/1490/1455 1247/1489/1454 1249/1491/1456
f 1250/1492/1457 1248/1490/1455 1249/1491/1456
f 1232/1474/1439 1250/1492/1457 1249/1491/1456
f 1232/1474/1439 1234/1476/1441 1250/1492/1457
f 1232/1474/1439 1231/1473/1435 1234/1476/1441
f 1231/1473/1435 1228/1470/1437 1234/1476/1441
f 1251/1493/1458 1239/1481/1446 1241/1483/1448
f 1252/1494/1459 1249/1491/1456 1247/1489/1454
f 1253/1495/1460 1240/1482/1447 1235/1477/1442
f 1253/1495/1460 1254/1496/1461 1240/1482/1447
f 1242/1484/1449 1240/1482/1447 1254/1496/1461
f 1242/1484/1449 1254/1496/1461 1255/1497/1462
f 1242/1484/1449 1255/1497/1462 1244/1486/1451
f 1256/1498/1463 1244/1486/1451 1255/1497/1462
f 1246/1488/1453 1244/1486/1451 1256/1498/1463
f 1253/1495/1460 1255/1497/1462 1254/1496/1461
f 1232/1474/1439 1203/1441/1407 1202/1440/1406
f 1232/1474/1439 1257/1499/1464 1203/1441/1407
f 1232/1474/1439 1249/1491/1456 1257/1499/1464
f 1258/1500/1465 1257/1499/1464 1249/1491/1456
f 1258/1500/1465 1249/1491/1456 1252/1494/1459
f 1259/1501/1466 1258/1500/1465 1252/1494/1459
f 1259/1501/1466 1252/1494/1459 1260/1502/1467
f 1247/1489/1454 1260/1502/1467 1252/1494/1459
f 1260/1502/1467 1247/1489/1454 1261/1503/1468
f 1246/1488/1453 1261/1503/1468 1247/1489/1454
f 1246/1488/1453 1262/1504/1469 1261/1503/1468
f 1246/1488/1453 1256/1498/1463 1262/1504/1469
f 1263/1505/1470 1262/1504/1469 1256/1498/1463
f 1256/1498/1463 1255/1497/1462 1263/1505/1470
f 1264/1506/1471 1263/1505/1470 1255/1497/1462
f 1253/1495/1460 1264/1506/1471 1255/1497/1462
f 1264/1506/1471 1253/1495/1460 1237/1479/1444
f 1235/1477/1442 1237/1479/1444 1253/1495/1460
f 1265/1507/1472 1266/1508/1473 1267/1509/1474
f 1265/1507/1472 1267/1509/1474 1268/1510/1475
f 1269/1511/1476 1265/1507/1472 1268/1510/1475
f 1269/1511/1476 1268/1510/1475 1270/1512/1477
f 1237/1479/1444 1269/1511/1476 1270/1512/1477
f 1237/1479/1444 1270/1512/1477 1264/1506/1471
f 1264/1506/1471 1270/1512/1477 1263/1505/1470
f 1270/1512/1477 1268/1510/1475 1263/1505/1470
f 1271/1513/1478 1267/1509/1474 1272/1514/1479
f 1273/1515/1480 1267/1509/1474 1271/1513/1478
f 1273/1515/1480 1268/1510/1475 1267/1509/1474
f 1274/1516/1481 1268/1510/1475 1273/1515/1480
f 1263/1505/1470 1268/1510/1475 1274/1516/1481
f 1263/1505/1470 1274/1516/1481 1275/1517/1482
f 1263/1505/1470 1275/1517/1482 1262/1504/1469
f 1276/1518/1483 1277/1519/1484 1278/1520/1485
f 1277/1519/1484 1276/1518/1483 1279/1521/1486
f 1277/1519/1484 1279/1521/1486 1280/1522/1487
f 1280/1522/1487 1279/1521/1486 1281/1523/1488
f 1280/1522/1487 1281/1523/1488 1282/1524/1489
f 1282/1524/1489 1281/1523/1488 1283/1525/1490
f 1282/1524/1489 1283/1525/1490 1284/1526/1491
f 1285/1527/1492 1284/1526/1491 1283/1525/1490
f 1285/1527/1492 1286/1528/1493 1284/1526/1491
f 1286/1528/1493 1285/1527/1492 1287/1529/1494
f 1286/1528/1493 1287/1529/1494 1288/1530/1495
f 1289/1531/1496 1286/1528/1493 1288/1530/1495
f 1289/1531/1496 1288/1530/1495 1290/1532/1497
f 1291/1533/1498 1289/1531/1496 1290/1532/1497
f 1291/1533/1498 1290/1532/1497 1292/1534/1499
f 1293/1535/1500 1291/1533/1498 1292/1534/1499
f 1293/1535/1500 1292/1534/1499 1272/1514/1479
f 1272/1514/1479 1267/1509/1474 1293/1535/1500
f 1281/1523/1488 1294/1536/1501 1283/1525/1490
f 1295/1537/1502 1283/1525/1490 1294/1536/1501
f 1295/1537/1502 1285/1527/1492 1283/1525/1490
f 1296/1538/1503 1295/1537/1502 1294/1536/1501
f 1295/1537/1502 1296/1538/1503 1297/1539/1504
f 1295/1537/1502 1297/1539/1504 1298/1540/1505
f 1285/1527/1492 1295/1537/1502 1298/1540/1505
f 1285/1527/1492 1298/1540/1505 1287/1529/1494
f 1296/1538/1503 1299/1541/1506 1297/1539/1504
f 1300/1542/1507 1282/1524/1489 1301/1543/1508
f 1301/1543/1508 1302/1544/1509 1300/1542/1507
f 1303/1545/1510 1300/1542/1507 1302/1544/1509
f 1304/1546/1511 1303/1545/1510 1302/1544/1509
f 1304/1546/1511 1302/1544/1509 1305/1547/1512
f 1306/1548/1513 1305/1547/1512 1302/1544/1509
f 1306/1548/1513 1307/1549/1514 1305/1547/1512
f 1307/1549/1514 1306/1548/1513 1308/1550/1515
f 1307/1549/1514 1308/1550/1515 1309/1551/1516
f 1310/1552/1517 1309/1551/1516 1308/1550/1515
f 1310/1552/1517 1293/1535/1500 1309/1551/1516
f 1310/1552/1517 1291/1533/1498 1293/1535/1500
f 1289/1531/1496 1291/1533/1498 1310/1552/1517
f 1289/1531/1496 1310/1552/1517 1311/1553/1518
f 1286/1528/1493 1289/1531/1496 1311/1553/1518
f 1286/1528/1493 1311/1553/1518 1284/1526/1491
f 1301/1543/1508 1284/1526/1491 1311/1553/1518
f 1301/1543/1508 1282/1524/1489 1284/1526/1491
f 1301/1543/1508 1306/1548/1513 1302/1544/1509
f 1306/1548/1513 1301/1543/1508 1311/1553/1518
f 1306/1548/1513 1311/1553/1518 1308/1550/1515
f 1310/1552/1517 1308/1550/1515 1311/1553/1518
f 1282/1524/1489 1312/1554/1519 1280/1522/1487
f 1300/1542/1507 1312/1554/1519 1282/1524/1489
f 1313/1555/1520 1312/1554/1519 1300/1542/1507
f 1303/1545/1510 1313/1555/1520 1300/1542/1507
f 1313/1555/1520 1303/1545/1510 1314/1556/1521
f 1303/1545/1510 1315/1557/1522 1314/1556/1521
f 1303/1545/1510 1304/1546/1511 1315/1557/1522
f 1316/1558/1523 1315/1557/1522 1304/1546/1511
f 1317/1559/1524 1316/1558/1523 1304/1546/1511
f 1317/1559/1524 1304/1546/1511 1305/1547/1512
f 1318/1560/1525 1317/1559/1524 1305/1547/1512
f 1318/1560/1525 1305/1547/1512 1307/1549/1514
f 1319/1561/1526 1318/1560/1525 1307/1549/1514
f 1319/1561/1526 1307/1549/1514 1309/1551/1516
f 1320/1562/1527 1319/1561/1526 1309/1551/1516
f 1320/1562/1527 1309/1551/1516 1293/1535/1500
f 1266/1508/1473 1320/1562/1527 1293/1535/1500
f 1266/1508/1473 1293/1535/1500 1267/1509/1474
f 1316/1558/1523 1321/1563/1528 1315/1557/1522
f 1313/1555/1520 1314/1556/1521 1322/1564/1529
f 1323/1565/1530 1313/1555/1520 1322/1564/1529
f 1313/1555/1520 1323/1565/1530 1312/1554/1519
f 1323/1565/1530 1280/1522/1487 1312/1554/1519
f 1323/1565/1530 1277/1519/1484 1280/1522/1487
f 1277/1519/1484 1323/1565/1530 1324/1566/1531
f 1277/1519/1484 1324/1566/1531 1325/1567/1532
f 1277/1519/1484 1325/1567/1532 1278/1520/1485
f 1323/1565/1530 1322/1564/1529 1324/1566/1531
f 1326/1568/1533 1173/1410/1376 1172/1409/1375
f 1326/1568/1533 1327/1569/1534 1173/1410/1376
f 1173/1410/1376 1327/1569/1534 1181/1419/1385
f 1328/1570/1535 1181/1419/1385 1327/1569/1534
f 1328/1570/1535 1182/1420/1386 1181/1419/1385
f 1182/1420/1386 1328/1570/1535 1329/1571/1536
f 1182/1420/1386 1329/1571/1536 1183/1421/1387
f 1183/1421/1387 1329/1571/1536 1330/1572/1537
f 1183/1421/1387 1330/1572/1537 1331/1573/1538
f 1332/1574/1539 1331/1573/1538 1330/1572/1537
f 1332/1574/1539 1333/1575/1540 1331/1573/1538
f 1332/1574/1539 1108/1576/1541 1333/1575/1540
f 1334/1577/1542 1333/1575/1540 1108/1576/1541
f 1102/1578/1543 1334/1577/1542 1108/1576/1541
f 1102/1578/1543 1335/1579/1544 1334/1577/1542
f 1336/1580/1545 1335/1579/1544 1102/1578/1543
f 1336/1580/1545 1278/1520/1485 1335/1579/1544
f 1278/1520/1485 1336/1580/1545 1276/1518/1483
f 1332/1574/1539 1330/1572/1537 1104/1581/1546
f 1333/1575/1540 1337/1582/1547 1331/1573/1538
f 1338/1583/1548 1276/1518/1483 1336/1580/1545
f 1338/1583/1548 1336/1580/1545 1339/1584/1549
f 1336/1580/1545 1340/1585/1550 1339/1584/1549
f 1336/1580/1545 1102/1578/1543 1340/1585/1550
f 1340/1585/1550 1102/1578/1543 1104/1581/1546
f 1340/1585/1550 1104/1581/1546 1341/1586/1551
f 1104/1581/1546 1342/1587/1552 1341/1586/1551
f 1104/1581/1546 1330/1572/1537 1342/1587/1552
f 1330/1572/1537 1329/1571/1536 1342/1587/1552
f 1329/1571/1536 1328/1570/1535 1342/1587/1552
f 1342/1587/1552 1328/1570/1535 1327/1569/1534
f 1342/1587/1552 1327/1569/1534 1326/1568/1533
f 1343/1588/1553 1344/1589/1554 1345/1590/1555
f 1343/1588/1553 1346/1591/1556 1344/1589/1554
f 1346/1591/1556 1347/1592/1557 1344/1589/1554
f 1346/1591/1556 1348/1593/1558 1347/1592/1557
f 1348/1593/1558 1349/1594/1559 1347/1592/1557
f 1348/1593/1558 1350/1595/1560 1349/1594/1559
f 1350/1595/1560 1335/1579/1544 1349/1594/1559
f 1350/1595/1560 1334/1577/1542 1335/1579/1544
f 1150/1378/1561 1334/1577/1542 1350/1595/1560
f 1150/1378/1561 1151/1379/1562 1334/1577/1542
f 1334/1577/1542 1151/1379/1562 1333/1575/1540
f 1152/1380/1563 1333/1575/1540 1151/1379/1562
f 1333/1575/1540 1152/1380/1563 1337/1582/1547
f 1152/1380/1563 1164/1596/1564 1337/1582/1547
f 1152/1380/1563 1116/1381/1565 1164/1596/1564
f 1343/1588/1553 1351/1597/1566 1346/1591/1556
f 1351/1597/1566 1348/1593/1558 1346/1591/1556
f 1350/1595/1560 1348/1593/1558 1150/1378/1561
f 1149/1377/1567 1150/1378/1561 1348/1593/1558
f 1149/1377/1567 1348/1593/1558 1351/1597/1566
f 1149/1377/1567 1351/1597/1566 1352/1598/1568
f 1122/1376/1569 1149/1377/1567 1352/1598/1568
f 1353/1599/1570 1354/1600/1571 1355/1601/1572
f 1353/1599/1570 1355/1601/1572 1356/1602/1573
f 1324/1603/1574 1353/1599/1570 1356/1602/1573
f 1324/1603/1574 1356/1602/1573 1325/1604/1575
f 1325/1604/1575 1356/1602/1573 1355/1601/1572
f 1325/1604/1575 1355/1601/1572 1357/1605/1576
f 1357/1605/1576 1355/1601/1572 1354/1600/1571
f 1357/1605/1576 1354/1600/1571 1358/1606/1577
f 1358/1606/1577 1354/1600/1571 1353/1599/1570
f 1358/1606/1577 1353/1599/1570 1324/1603/1574
f 1359/1607/1578 1360/1608/1579 1361/1609/1580
f 1238/1480/1581 1362/1610/1582 1363/1611/1583
f 1364/1612/1584 1363/1611/1583 1362/1610/1582
f 1362/1610/1582 1365/1613/1585 1364/1612/1584
f 1365/1613/1585 1366/1614/1586 1364/1612/1584
f 1361/1609/1580 1366/1614/1586 1365/1613/1585
f 1361/1609/1580 1360/1608/1579 1366/1614/1586
f 1367/1615/1587 1366/1614/1586 1360/1608/1579
f 1367/1615/1587 1360/1608/1579 1368/1616/1588
f 1359/1607/1578 1368/1616/1588 1360/1608/1579
f 1368/1616/1588 1359/1607/1578 1369/1617/1589
f 1368/1616/1588 1369/1617/1589 1370/1618/1590
f 1371/1619/1591 1370/1618/1590 1369/1617/1589
f 1371/1619/1591 1372/1620/1592 1370/1618/1590
f 1373/1621/1593 1372/1620/1592 1371/1619/1591
f 1374/1622/1594 1368/1616/1588 1370/1618/1590
f 1367/1615/1587 1368/1616/1588 1374/1622/1594
f 1367/1615/1587 1374/1622/1594 1375/1623/1595
f 1367/1615/1587 1375/1623/1595 1376/1624/1596
f 1377/1625/1597 1376/1624/1596 1375/1623/1595
f 1377/1625/1597 1375/1623/1595 1378/1626/1598
f 1378/1626/1598 1375/1623/1595 1379/1627/1599
f 1374/1622/1594 1379/1627/1599 1375/1623/1595
f 1374/1622/1594 1380/1628/1600 1379/1627/1599
f 1374/1622/1594 1370/1618/1590 1380/1628/1600
f 1381/1629/1601 1380/1628/1600 1370/1618/1590
f 1381/1629/1601 1370/1618/1590 1372/1620/1592
f 1381/1629/1601 1372/1620/1592 1382/1630/1602
f 1373/1621/1593 1382/1630/1602 1372/1620/1592
f 1382/1630/1602 1373/1621/1593 1383/1631/1603
f 1381/1629/1601 1379/1627/1599 1380/1628/1600
f 1384/1632/1604 1236/1478/1605 1238/1480/1581
f 1238/1480/1581 1363/1611/1583 1384/1632/1604
f 1385/1633/1606 1384/1632/1604 1363/1611/1583
f 1385/1633/1606 1363/1611/1583 1364/1612/1584
f 1385/1633/1606 1364/1612/1584 1386/1634/1607
f 1386/1634/1607 1364/1612/1584 1366/1614/1586
f 1386/1634/1607 1366/1614/1586 1387/1635/1608
f 1367/1615/1587 1387/1635/1608 1366/1614/1586
f 1367/1615/1587 1388/1636/1609 1387/1635/1608
f 1367/1615/1587 1376/1624/1596 1388/1636/1609
f 1376/1624/1596 1389/1637/1610 1388/1636/1609
f 1376/1624/1596 1377/1625/1597 1389/1637/1610
f 1390/1638/1611 1389/1637/1610 1377/1625/1597
f 1377/1625/1597 1391/1639/1612 1390/1638/1611
f 1378/1626/1598 1391/1639/1612 1377/1625/1597
f 1391/1639/1612 1378/1626/1598 1392/1640/1613
f 1378/1626/1598 1379/1627/1599 1392/1640/1613
f 1393/1641/1614 1392/1640/1613 1379/1627/1599
f 1394/1642/1615 1388/1636/1609 1389/1637/1610
f 1394/1642/1615 1395/1643/1616 1388/1636/1609
f 1396/1644/1617 1389/1637/1610 1390/1638/1611
f 1396/1644/1617 1394/1642/1615 1389/1637/1610
f 1394/1642/1615 1396/1644/1617 1397/1645/1618
f 1394/1642/1615 1397/1645/1618 1398/1646/1619
f 1398/1646/1619 1395/1643/1616 1394/1642/1615
f 1398/1646/1619 1399/1647/1620 1395/1643/1616
f 1385/1633/1606 1395/1643/1616 1399/1647/1620
f 1385/1633/1606 1386/1634/1607 1395/1643/1616
f 1386/1634/1607 1388/1636/1609 1395/1643/1616
f 1386/1634/1607 1387/1635/1608 1388/1636/1609
f 1400/1648/1621 1398/1646/1619 1397/1645/1618
f 1401/1649/1622 1393/1641/1614 1402/1650/1623
f 1393/1641/1614 1401/1649/1622 1392/1640/1613
f 1391/1639/1612 1392/1640/1613 1403/1651/1624
f 1392/1640/1613 1401/1649/1622 1403/1651/1624
f 1404/1652/1625 1403/1651/1624 1401/1649/1622
f 1405/1653/1626 1404/1652/1625 1401/1649/1622
f 1401/1649/1622 1402/1650/1623 1405/1653/1626
f 1405/1653/1626 1402/1650/1623 1406/1654/1627
f 1402/1650/1623 1407/1655/1628 1406/1654/1627
f 1408/1656/1629 1406/1654/1627 1407/1655/1628
f 1408/1656/1629 1407/1655/1628 1409/1657/1630
f 1409/1657/1630 1410/1658/1631 1408/1656/1629
f 1409/1657/1630 1411/1659/1632 1410/1658/1631
f 1412/1660/1633 1410/1658/1631 1411/1659/1632
f 1412/1660/1633 1411/1659/1632 1413/1661/1634
f 1414/1662/1635 1412/1660/1633 1413/1661/1634
f 1414/1662/1635 1413/1661/1634 1415/1663/1636
f 1175/1664/1378 1414/1662/1635 1415/1663/1636
f 1175/1664/1378 1415/1663/1636 1040/1665/1229
f 1040/1665/1229 1415/1663/1636 1041/1666/1230
f 1412/1660/1633 1414/1662/1635 1416/1667/1637
f 1414/1662/1635 1177/1668/1380 1416/1667/1637
f 1414/1662/1635 1175/1664/1378 1177/1668/1380
f 1416/1667/1637 1177/1668/1380 1179/1669/1382
f 1415/1663/1636 1413/1661/1634 1041/1666/1230
f 1041/1666/1230 1413/1661/1634 1042/1670/1231
f 1042/1670/1231 1413/1661/1634 1411/1659/1632
f 1417/1671/1638 1042/1670/1231 1411/1659/1632
f 1043/1672/1232 1042/1670/1231 1417/1671/1638
f 1417/1671/1638 1044/1673/1233 1043/1672/1232
f 1410/1658/1631 1412/1660/1633 1418/1674/1639
f 1419/1675/1640 1418/1674/1639 1412/1660/1633
f 1412/1660/1633 1416/1667/1637 1419/1675/1640
f 1419/1675/1640 1416/1667/1637 1420/1676/1641
f 1416/1667/1637 1179/1669/1382 1420/1676/1641
f 1161/1390/1384 1420/1676/1641 1179/1669/1382
f 1161/1390/1384 1160/1389/1642 1420/1676/1641
f 1160/1389/1642 1421/1677/1643 1420/1676/1641
f 1160/1389/1642 1159/1388/1644 1421/1677/1643
f 1159/1388/1644 1422/1678/1645 1421/1677/1643
f 1418/1674/1639 1421/1677/1643 1422/1678/1645
f 1423/1679/1646 1418/1674/1639 1422/1678/1645
f 1410/1658/1631 1418/1674/1639 1423/1679/1646
f 1423/1679/1646 1408/1656/1629 1410/1658/1631
f 1423/1679/1646 1424/1680/1647 1408/1656/1629
f 1424/1680/1647 1406/1654/1627 1408/1656/1629
f 1424/1680/1647 1425/1681/1648 1406/1654/1627
f 1405/1653/1626 1406/1654/1627 1425/1681/1648
f 1418/1674/1639 1419/1675/1640 1421/1677/1643
f 1419/1675/1640 1420/1676/1641 1421/1677/1643
f 1404/1652/1625 1405/1653/1626 1425/1681/1648
f 1404/1652/1625 1425/1681/1648 1426/1682/1649
f 1425/1681/1648 1427/1683/1650 1426/1682/1649
f 1425/1681/1648 1424/1680/1647 1427/1683/1650
f 1424/1680/1647 1428/1684/1651 1427/1683/1650
f 1424/1680/1647 1423/1679/1646 1428/1684/1651
f 1423/1679/1646 1422/1678/1645 1428/1684/1651
f 1429/1685/1652 1430/1686/1653 1431/1687/1654
f 1430/1686/1653 1391/1639/1655 1431/1687/1654
f 1431/1687/1654 1391/1639/1655 1403/1651/1656
f 1431/1687/1654 1403/1651/1656 1432/1688/1657
f 1404/1652/1658 1432/1688/1657 1403/1651/1656
f 1404/1652/1658 1433/1689/1659 1432/1688/1657
f 1433/1689/1659 1404/1652/1658 1426/1682/1649
f 1433/1689/1659 1426/1682/1649 1434/1690/1660
f 1427/1683/1650 1434/1690/1660 1426/1682/1649
f 1427/1683/1650 1435/1691/1661 1434/1690/1660
f 1435/1691/1661 1427/1683/1650 1428/1684/1651
f 1435/1691/1661 1428/1684/1651 1436/1692/1662
f 1436/1692/1662 1428/1684/1651 1422/1678/1645
f 1436/1692/1662 1422/1678/1645 1437/1693/1663
f 1159/1388/1644 1437/1693/1663 1422/1678/1645
f 1153/1382/1664 1437/1693/1663 1159/1388/1644
f 1153/1382/1664 1438/1694/1665 1437/1693/1663
f 1438/1694/1665 1153/1382/1664 1439/1695/1666
f 1430/1686/1653 1390/1638/1667 1391/1639/1655
f 1440/1696/1668 1432/1688/1657 1441/1697/1669
f 1433/1689/1659 1441/1697/1669 1432/1688/1657
f 1433/1689/1659 1442/1698/1670 1441/1697/1669
f 1442/1698/1670 1433/1689/1659 1434/1690/1660
f 1442/1698/1670 1434/1690/1660 1443/1699/1671
f 1435/1691/1661 1443/1699/1671 1434/1690/1660
f 1435/1691/1661 1444/1700/1672 1443/1699/1671
f 1444/1700/1672 1435/1691/1661 1436/1692/1662
f 1444/1700/1672 1436/1692/1662 1445/1701/1673
f 1445/1701/1673 1436/1692/1662 1437/1693/1663
f 1445/1701/1673 1437/1693/1663 1438/1694/1665
f 1440/1696/1668 1431/1687/1654 1432/1688/1657
f 1429/1685/1652 1431/1687/1654 1440/1696/1668
f 1446/1702/1674 1429/1685/1652 1440/1696/1668
f 1446/1702/1674 1440/1696/1668 1447/1703/1675
f 1447/1703/1675 1440/1696/1668 1441/1697/1669
f 1447/1703/1675 1441/1697/1669 1448/1704/1676
f 1442/1698/1670 1448/1704/1676 1441/1697/1669
f 1442/1698/1670 1449/1705/1677 1448/1704/1676
f 1449/1705/1677 1442/1698/1670 1443/1699/1671
f 1449/1705/1677 1443/1699/1671 1450/1706/1678
f 1444/1700/1672 1450/1706/1678 1443/1699/1671
f 1444/1700/1672 1451/1707/1679 1450/1706/1678
f 1445/1701/1673 1451/1707/1679 1444/1700/1672
f 1445/1701/1673 1452/1708/1680 1451/1707/1679
f 1452/1708/1680 1445/1701/1673 1438/1694/1665
f 1453/1709/1681 1452/1708/1680 1438/1694/1665
f 1453/1709/1681 1438/1694/1665 1454/1710/1682
f 1455/1711/1683 1453/1709/1681 1454/1710/1682
f 1456/1712/1684 1453/1709/1681 1455/1711/1683
f 1455/1711/1683 1457/1713/1685 1456/1712/1684
f 1456/1712/1684 1457/1713/1685 1458/1714/1686
f 1459/1715/1687 1452/1708/1680 1453/1709/1681
f 1459/1715/1687 1451/1707/1679 1452/1708/1680
f 1451/1707/1679 1459/1715/1687 1460/1716/1688
f 1451/1707/1679 1460/1716/1688 1450/1706/1678
f 1461/1717/1689 1450/1706/1678 1460/1716/1688
f 1461/1717/1689 1449/1705/1677 1450/1706/1678
f 1462/1718/1690 1449/1705/1677 1461/1717/1689
f 1462/1718/1690 1448/1704/1676 1449/1705/1677
f 1463/1719/1691 1448/1704/1676 1462/1718/1690
f 1463/1719/1691 1447/1703/1675 1448/1704/1676
f 1464/1720/1692 1447/1703/1675 1463/1719/1691
f 1464/1720/1692 1446/1702/1674 1447/1703/1675
f 1456/1712/1684 1459/1715/1687 1453/1709/1681
f 1459/1715/1687 1456/1712/1684 1465/1721/1693
f 1459/1715/1687 1465/1721/1693 1460/1716/1688
f 1466/1722/1694 1460/1716/1688 1465/1721/1693
f 1466/1722/1694 1461/1717/1689 1460/1716/1688
f 1467/1723/1695 1461/1717/1689 1466/1722/1694
f 1467/1723/1695 1462/1718/1690 1461/1717/1689
f 1468/1724/1696 1462/1718/1690 1467/1723/1695
f 1468/1724/1696 1463/1719/1691 1462/1718/1690
f 1469/1725/1697 1463/1719/1691 1468/1724/1696
f 1469/1725/1697 1464/1720/1692 1463/1719/1691
f 1464/1720/1692 1469/1725/1697 1470/1726/1698
f 1464/1720/1692 1470/1726/1698 1471/1727/1699
f 1446/1702/1674 1464/1720/1692 1471/1727/1699
f 1446/1702/1674 1471/1727/1699 1472/1728/1700
f 1429/1685/1652 1446/1702/1674 1472/1728/1700
f 1429/1685/1652 1472/1728/1700 1473/1729/1701
f 1430/1686/1653 1429/1685/1652 1473/1729/1701
f 1456/1712/1684 1458/1714/1686 1465/1721/1693
f 1474/1730/1702 1465/1721/1693 1458/1714/1686
f 1474/1730/1702 1466/1722/1694 1465/1721/1693
f 1466/1722/1694 1474/1730/1702 1467/1723/1695
f 1438/1694/1665 1439/1695/1666 1454/1710/1682
f 1439/1695/1666 1475/1731/1703 1454/1710/1682
f 1455/1711/1683 1454/1710/1682 1475/1731/1703
f 1476/1732/1704 1455/1711/1683 1475/1731/1703
f 1455/1711/1683 1476/1732/1704 1457/1713/1685
f 1477/1733/1705 1457/1713/1685 1476/1732/1704
f 1457/1713/1685 1477/1733/1705 1478/1734/1706
f 1457/1713/1685 1478/1734/1706 1458/1714/1686
f 1479/1735/1707 1458/1714/1686 1478/1734/1706
f 1479/1735/1707 1474/1730/1702 1458/1714/1686
f 1480/1736/1708 1474/1730/1702 1479/1735/1707
f 1480/1736/1708 1467/1723/1695 1474/1730/1702
f 1481/1737/1709 1467/1723/1695 1480/1736/1708
f 1481/1737/1709 1468/1724/1696 1467/1723/1695
f 1468/1724/1696 1481/1737/1709 1482/1738/1710
f 1468/1724/1696 1482/1738/1710 1469/1725/1697
f 1469/1725/1697 1482/1738/1710 1483/1739/1711
f 1469/1725/1697 1483/1739/1711 1470/1726/1698
f 1484/1740/1712 1482/1738/1710 1481/1737/1709
f 1482/1738/1710 1484/1740/1712 1485/1741/1713
f 1482/1738/1710 1485/1741/1713 1483/1739/1711
f 1484/1740/1712 1486/1742/1714 1485/1741/1713
f 1487/1743/1715 1488/1744/1716 1489/1745/1717
f 1487/1743/1715 1476/1732/1704 1488/1744/1716
f 1477/1733/1705 1476/1732/1704 1487/1743/1715
f 1119/1329/1718 1122/1332/1569 1352/1746/1568
f 1352/1746/1568 1489/1745/1717 1119/1329/1718
f 1119/1329/1718 1489/1745/1717 1120/1330/1719
f 1488/1744/1716 1120/1330/1719 1489/1745/1717
f 1120/1330/1719 1488/1744/1716 1475/1731/1703
f 1476/1732/1704 1475/1731/1703 1488/1744/1716
f 1352/1746/1568 1490/1747/1720 1489/1745/1717
f 1490/1747/1720 1352/1746/1568 1491/1748/1721
f 1492/1749/1722 1493/1750/1723 1481/1737/1709
f 1492/1749/1722 1481/1737/1709 1480/1736/1708
f 1492/1749/1722 1480/1736/1708 1494/1751/1724
f 1479/1735/1707 1494/1751/1724 1480/1736/1708
f 1479/1735/1707 1495/1752/1725 1494/1751/1724
f 1495/1752/1725 1479/1735/1707 1478/1734/1706
f 1495/1752/1725 1478/1734/1706 1496/1753/1726
f 1477/1733/1705 1496/1753/1726 1478/1734/1706
f 1477/1733/1705 1497/1754/1727 1496/1753/1726
f 1487/1743/1715 1497/1754/1727 1477/1733/1705
f 1487/1743/1715 1498/1755/1728 1497/1754/1727
f 1498/1755/1728 1487/1743/1715 1489/1745/1717
f 1498/1755/1728 1489/1745/1717 1499/1756/1729
f 1489/1745/1717 1490/1747/1720 1499/1756/1729
f 1490/1747/1720 1500/1757/1730 1499/1756/1729
f 1500/1757/1730 1490/1747/1720 1491/1748/1721
f 1500/1757/1730 1491/1748/1721 1501/1758/1731
f 1502/1759/1732 1500/1757/1730 1501/1758/1731
f 1502/1759/1732 1501/1758/1731 1503/1760/1733
f 1502/1759/1732 1499/1756/1729 1500/1757/1730
f 1502/1759/1732 1498/1755/1728 1499/1756/1729
f 1492/1749/1722 1504/1761/1734 1493/1750/1723
f 1492/1749/1722 1505/1762/1735 1504/1761/1734
f 1505/1762/1735 1492/1749/1722 1494/1751/1724
f 1505/1762/1735 1494/1751/1724 1506/1763/1736
f 1495/1752/1725 1506/1763/1736 1494/1751/1724
f 1495/1752/1725 1507/1764/1737 1506/1763/1736
f 1507/1764/1737 1495/1752/1725 1496/1753/1726
f 1507/1764/1737 1496/1753/1726 1508/1765/1738
f 1497/1754/1727 1508/1765/1738 1496/1753/1726
f 1497/1754/1727 1509/1766/1739 1508/1765/1738
f 1508/1765/1738 1509/1766/1739 1321/1563/1740
f 1508/1765/1738 1321/1563/1740 1316/1558/1741
f 1507/1764/1737 1508/1765/1738 1316/1558/1741
f 1507/1764/1737 1316/1558/1741 1317/1559/1742
f 1506/1763/1736 1507/1764/1737 1317/1559/1742
f 1506/1763/1736 1317/1559/1742 1318/1560/1743
f 1505/1762/1735 1506/1763/1736 1318/1560/1743
f 1505/1762/1735 1318/1560/1743 1319/1561/1744
f 1504/1761/1734 1505/1762/1735 1319/1561/1744
f 1504/1761/1734 1319/1561/1744 1320/1562/1745
f 1510/1767/1746 1504/1761/1734 1320/1562/1745
f 1510/1767/1746 1320/1562/1745 1266/1508/1747
f 1511/1768/1748 1510/1767/1746 1266/1508/1747
f 1511/1768/1748 1266/1508/1747 1265/1507/1749
f 1512/1769/1750 1511/1768/1748 1265/1507/1749
f 1512/1769/1750 1265/1507/1749 1269/1511/1751
f 1513/1770/1752 1512/1769/1750 1269/1511/1751
f 1513/1770/1752 1269/1511/1751 1237/1479/1753
f 1513/1770/1752 1237/1479/1753 1514/1771/1754
f 1236/1478/1605 1514/1771/1754 1237/1479/1753
f 1236/1478/1605 1384/1632/1604 1514/1771/1754
f 1385/1633/1606 1514/1771/1754 1384/1632/1604
f 1385/1633/1606 1513/1770/1752 1514/1771/1754
f 1385/1633/1606 1399/1647/1620 1513/1770/1752
f 1399/1647/1620 1512/1769/1750 1513/1770/1752
f 1399/1647/1620 1398/1646/1619 1512/1769/1750
f 1512/1769/1750 1398/1646/1619 1511/1768/1748
f 1400/1648/1621 1511/1768/1748 1398/1646/1619
f 1515/1772/1755 1511/1768/1748 1400/1648/1621
f 1516/1773/1756 1511/1768/1748 1515/1772/1755
f 1516/1773/1756 1510/1767/1746 1511/1768/1748
f 1516/1773/1756 1486/1742/1714 1510/1767/1746
f 1504/1761/1734 1510/1767/1746 1486/1742/1714
f 1484/1740/1712 1504/1761/1734 1486/1742/1714
f 1484/1740/1712 1493/1750/1723 1504/1761/1734
f 1484/1740/1712 1481/1737/1709 1493/1750/1723
f 1321/1563/1757 1509/1766/1758 1315/1557/1759
f 1517/1774/1760 1518/1775/1761 1519/1776/1762
f 1520/1777/1763 1518/1775/1761 1517/1774/1760
f 1520/1777/1763 1521/1778/1764 1518/1775/1761
f 1522/1779/1765 1521/1778/1764 1520/1777/1763
f 1522/1779/1765 1523/1780/1766 1521/1778/1764
f 1524/1781/1767 1523/1780/1766 1522/1779/1765
f 1524/1781/1767 1525/1782/1768 1523/1780/1766
f 1526/1783/1769 1525/1782/1768 1524/1781/1767
f 1526/1783/1769 1527/1784/1770 1525/1782/1768
f 1528/1785/1771 1527/1784/1770 1526/1783/1769
f 1528/1785/1771 1529/1786/1772 1527/1784/1770
f 1530/1787/1773 1529/1786/1772 1528/1785/1771
f 1530/1787/1773 1531/1788/1774 1529/1786/1772
f 1532/1789/1775 1531/1788/1774 1530/1787/1773
f 1532/1789/1775 1533/1790/1776 1531/1788/1774
f 1534/1791/1777 1533/1790/1776 1532/1789/1775
f 1534/1791/1777 1535/1792/1778 1533/1790/1776
f 1536/1793/1779 1535/1792/1778 1534/1791/1777
f 1536/1793/1779 1537/1794/1780 1535/1792/1778
f 1538/1795/1781 1537/1794/1780 1536/1793/1779
f 1538/1795/1781 1539/1796/1782 1537/1794/1780
f 1540/1797/1783 1539/1796/1782 1538/1795/1781
f 1540/1797/1783 1519/1776/1762 1539/1796/1782
f 1517/1774/1760 1519/1776/1762 1540/1797/1783
f 1541/1798/1784 1532/1789/1785 1530/1787/1786
f 1541/1798/1784 1534/1791/1787 1532/1789/1785
f 1541/1798/1784 1536/1793/1788 1534/1791/1787
f 1541/1798/1784 1538/1795/1789 1536/1793/1788
f 1541/1798/1784 1540/1797/1790 1538/1795/1789
f 1541/1798/1784 1517/1774/1791 1540/1797/1790
f 1541/1798/1784 1520/1777/1792 1517/1774/1791
f 1541/1798/1784 1522/1779/1793 1520/1777/1792
f 1541/1798/1784 1524/1781/1794 1522/1779/1793
f 1541/1798/1784 1526/1783/1795 1524/1781/1794
f 1541/1798/1784 1528/1785/1796 1526/1783/1795
f 1541/1798/1784 1530/1787/1786 1528/1785/1796
f 1542/1799/1797 1543/1800/1797 1544/1801/1797
f 1542/1799/1797 1545/1802/1797 1543/1800/1797
f 1542/1799/1797 1546/1803/1797 1545/1802/1797
f 1542/1799/1797 1547/1804/1797 1546/1803/1797
f 1542/1799/1797 1548/1805/1797 1547/1804/1797
f 1542/1799/1797 1549/1806/1797 1548/1805/1797
f 1542/1799/1797 1550/1807/1797 1549/1806/1797
f 1542/1799/1797 1551/1808/1797 1550/1807/1797
f 1542/1799/1797 1552/1809/1797 1551/1808/1797
f 1542/1799/1797 1553/1810/1797 1552/1809/1797
f 1542/1799/1797 1554/1811/1797 1553/1810/1797
f 1542/1799/1797 1544/1801/1797 1554/1811/1797
f 1550/1812/1798 1529/1813/1772 1531/1814/1774
f 1550/1812/1798 1551/1815/1799 1529/1813/1772
f 1551/1815/1799 1527/1816/1770 1529/1813/1772
f 1551/1815/1799 1552/1817/1800 1527/1816/1770
f 1552/1817/1800 1525/1818/1768 1527/1816/1770
f 1552/1817/1800 1553/1819/1801 1525/1818/1768
f 1553/1820/1801 1523/1821/1766 1525/1822/1768
f 1553/1820/1801 1554/1823/1802 1523/1821/1766
f 1554/1823/1802 1521/1824/1764 1523/1821/1766
f 1554/1823/1802 1544/1825/1803 1521/1824/1764
f 1544/1825/1803 1518/1826/1761 1521/1824/1764
f 1544/1825/1803 1543/1827/1804 1518/1826/1761
f 1543/1827/1804 1519/1828/1762 1518/1826/1761
f 1543/1827/1804 1545/1829/1805 1519/1828/1762
f 1545/1829/1805 1539/1830/1782 1519/1828/1762
f 1545/1829/1805 1546/1831/1806 1539/1830/1782
f 1546/1831/1806 1537/1832/1780 1539/1830/1782
f 1546/1831/1806 1547/1833/1807 1537/1832/1780
f 1547/1833/1807 1535/1834/1778 1537/1832/1780
f 1547/1833/1807 1548/1835/1808 1535/1834/1778
f 1548/1835/1808 1533/1836/1776 1535/1834/1778
f 1548/1835/1808 1549/1837/1809 1533/1836/1776
f 1549/1837/1809 1531/1814/1774 1533/1836/1776
f 1549/1837/1809 1550/1812/1798 1531/1814/1774
f 1555/1838/1810 1556/1839/1811 1557/1840/1812
f 1555/1838/1810 1558/1841/1813 1556/1839/1811
f 1558/1841/1813 1559/1842/1814 1556/1839/1811
f 1558/1841/1813 1560/1843/1815 1559/1842/1814
f 1335/1844/1816 1559/1842/1814 1560/1843/1815
f 1335/1844/1816 1278/1845/1817 1559/1842/1814
f 1063/1846/1252 1059/1847/1248 1060/1848/1249
f 1063/1846/1252 1060/1848/1249 1561/1849/1818
f 1061/1850/1250 1063/1846/1252 1561/1849/1818
f 1061/1850/1250 1561/1849/1818 1064/1851/1253
f 1064/1851/1253 1561/1849/1818 1060/1848/1249
f 1064/1851/1253 1060/1848/1249 1058/1852/1247
f 1065/1853/1254 1064/1851/1253 1058/1852/1247
f 1065/1853/1254 1058/1852/1247 1055/1854/1244
f 1067/1855/1819 1072/1856/1820 1068/1857/1821
f 1067/1855/1819 1070/1858/1822 1072/1856/1820
f 1562/1859/1823 1563/1860/1824 1564/1861/1825
f 1341/1862/1826 1564/1861/1825 1563/1860/1824
f 1341/1862/1826 1342/1863/1827 1564/1861/1825
f 1340/1864/1828 1341/1862/1826 1563/1860/1824
f 1565/1865/1829 1566/1866/1830 1567/1867/1831
f 1565/1865/1829 1567/1867/1831 1568/1868/1832
f 1562/1859/1823 1565/1865/1829 1568/1868/1832
f 1565/1865/1829 1562/1859/1823 1564/1861/1825
f 1565/1865/1829 1564/1861/1825 1569/1869/1833
f 1342/1863/1827 1569/1869/1833 1564/1861/1825
f 1342/1863/1827 1326/1870/1834 1569/1869/1833
f 1172/1871/1835 1569/1869/1833 1326/1870/1834
f 1340/1864/1828 1557/1872/1836 1339/1873/1837
f 1340/1864/1828 1555/1874/1838 1557/1872/1836
f 1340/1864/1828 1563/1860/1824 1555/1874/1838
f 1057/1875/1839 1555/1874/1838 1563/1860/1824
f 1562/1859/1823 1057/1875/1839 1563/1860/1824
f 1057/1875/1839 1562/1859/1823 1570/1876/1840
f 1562/1859/1823 1568/1868/1832 1570/1876/1840
f 1571/1877/1841 1570/1876/1840 1568/1868/1832
f 1571/1877/1841 1568/1868/1832 1567/1867/1831
f 1571/1877/1841 1567/1867/1831 1572/1878/1842
f 1566/1866/1830 1572/1878/1842 1567/1867/1831
f 1566/1866/1830 1573/1879/1843 1572/1878/1842
f 1573/1879/1843 1566/1866/1830 1574/1880/1844
f 1573/1879/1843 1574/1880/1844 1575/1881/1845
f 1576/1882/1846 1573/1879/1843 1575/1881/1845
f 1576/1882/1846 1575/1881/1845 1577/1883/1847
f 1075/1280/1848 1576/1882/1846 1577/1883/1847
f 1075/1280/1848 1577/1883/1847 1076/1282/1849
f 1057/1875/1839 1062/1884/1850 1555/1874/1838
f 1057/1875/1839 1570/1876/1840 1055/1885/1851
f 1571/1877/1841 1055/1885/1851 1570/1876/1840
f 1571/1877/1841 1065/1886/1852 1055/1885/1851
f 1566/1866/1830 1565/1865/1829 1569/1869/1833
f 1566/1866/1830 1569/1869/1833 1574/1880/1844
f 1172/1871/1835 1574/1880/1844 1569/1869/1833
f 1171/1887/1853 1574/1880/1844 1172/1871/1835
f 1171/1887/1853 1575/1881/1845 1574/1880/1844
f 1170/1888/1854 1575/1881/1845 1171/1887/1853
f 1170/1888/1854 1577/1883/1847 1575/1881/1845
f 1195/1889/1399 1577/1883/1847 1170/1888/1854
f 1195/1889/1399 1076/1282/1849 1577/1883/1847
f 1195/1889/1399 1196/1890/1400 1076/1282/1849
f 1197/1891/1855 1076/1282/1849 1196/1890/1400
f 1197/1891/1855 1077/1284/1856 1076/1282/1849
f 1578/1892/1857 1077/1284/1856 1197/1891/1855
f 1578/1892/1857 1579/1893/1858 1077/1284/1856
f 1338/1894/1859 1579/1893/1858 1578/1892/1857
f 1338/1894/1859 1580/1895/1860 1579/1893/1858
f 1339/1873/1837 1580/1895/1860 1338/1894/1859
f 1339/1873/1837 1557/1872/1836 1580/1895/1860
f 1581/1896/1861 1077/1284/1856 1579/1893/1858
f 1581/1896/1861 1074/1277/1862 1077/1284/1856
f 1582/1897/1863 1580/1895/1860 1557/1872/1836
f 1582/1897/1863 1583/1898/1864 1580/1895/1860
f 1583/1898/1864 1087/1899/1865 1580/1895/1860
f 1583/1898/1864 1100/1900/1866 1087/1899/1865
f 1581/1896/1861 1100/1900/1866 1583/1898/1864
f 1581/1896/1861 1096/1901/1867 1100/1900/1866
f 1579/1893/1858 1096/1901/1867 1581/1896/1861
f 1579/1893/1858 1088/1902/1868 1096/1901/1867
f 1580/1895/1860 1088/1902/1868 1579/1893/1858
f 1580/1895/1860 1087/1899/1865 1088/1902/1868
f 1583/1898/1864 1582/1897/1863 1584/1903/1869
f 1583/1898/1864 1584/1903/1869 1585/1904/1870
f 1581/1896/1861 1583/1898/1864 1585/1904/1870
f 1581/1896/1861 1585/1904/1870 1586/1905/1871
f 1074/1277/1862 1581/1896/1861 1586/1905/1871
f 1074/1277/1862 1586/1905/1871 1587/1906/1872
f 1075/1280/1848 1074/1277/1862 1587/1906/1872
f 1075/1280/1848 1587/1906/1872 1588/1907/1873
f 1576/1882/1846 1075/1280/1848 1588/1907/1873
f 1576/1882/1846 1588/1907/1873 1589/1908/1874
f 1573/1879/1843 1576/1882/1846 1589/1908/1874
f 1573/1879/1843 1589/1908/1874 1572/1878/1842
f 1571/1877/1841 1572/1878/1842 1589/1908/1874
f 1571/1877/1841 1589/1908/1874 1588/1907/1873
f 1571/1877/1841 1588/1907/1873 1587/1906/1872
f 1571/1877/1841 1587/1906/1872 1586/1905/1871
f 1571/1877/1841 1586/1905/1871 1585/1904/1870
f 1571/1877/1841 1585/1904/1870 1584/1903/1869
f 1571/1877/1841 1584/1903/1869 1065/1886/1852
f 1582/1897/1863 1065/1886/1852 1584/1903/1869
f 1582/1897/1863 1062/1884/1875 1065/1886/1852
f 1299/1909/1876 1261/1910/1877 1590/1911/1878
f 1590/1911/1878 1261/1910/1877 1262/1912/1469
f 1590/1911/1878 1262/1912/1469 1591/1913/1879
f 1591/1913/1879 1262/1912/1469 1275/1914/1482
f 1591/1913/1879 1275/1914/1482 1592/1915/1880
f 1274/1916/1881 1592/1915/1880 1275/1914/1482
f 1274/1916/1881 1593/1917/1882 1592/1915/1880
f 1274/1916/1881 1594/1918/1883 1593/1917/1882
f 1274/1916/1881 1273/1919/1884 1594/1918/1883
f 1297/1920/1885 1299/1909/1876 1595/1921/1886
f 1299/1909/1876 1590/1911/1878 1595/1921/1886
f 1595/1921/1886 1590/1911/1878 1596/1922/1887
f 1596/1922/1887 1590/1911/1878 1591/1913/1879
f 1596/1922/1887 1591/1913/1879 1597/1923/1888
f 1592/1915/1880 1597/1923/1888 1591/1913/1879
f 1592/1915/1880 1598/1924/1889 1597/1923/1888
f 1593/1917/1882 1598/1924/1889 1592/1915/1880
f 1593/1917/1882 1599/1925/1890 1598/1924/1889
f 1599/1925/1890 1593/1917/1882 1594/1918/1883
f 1599/1925/1890 1594/1918/1883 1600/1926/1891
f 1600/1926/1891 1594/1918/1883 1601/1927/1892
f 1273/1919/1884 1601/1927/1892 1594/1918/1883
f 1273/1919/1884 1271/1928/1893 1601/1927/1892
f 1272/1929/1894 1601/1927/1892 1271/1928/1893
f 1288/1930/1895 1287/1931/1896 1602/1932/1897
f 1288/1930/1895 1602/1932/1897 1603/1933/1898
f 1290/1934/1899 1288/1930/1895 1603/1933/1898
f 1290/1934/1899 1603/1933/1898 1604/1935/1900
f 1292/1936/1901 1290/1934/1899 1604/1935/1900
f 1292/1936/1901 1604/1935/1900 1605/1937/1902
f 1272/1929/1894 1292/1936/1901 1605/1937/1902
f 1272/1929/1894 1605/1937/1902 1606/1938/1903
f 1272/1929/1894 1606/1938/1903 1601/1927/1892
f 1606/1938/1903 1607/1939/1904 1601/1927/1892
f 1600/1926/1891 1601/1927/1892 1607/1939/1904
f 1607/1939/1904 1608/1940/1905 1600/1926/1891
f 1609/1941/1906 1600/1926/1891 1608/1940/1905
f 1609/1941/1906 1599/1925/1890 1600/1926/1891
f 1599/1925/1890 1609/1941/1906 1610/1942/1907
f 1599/1925/1890 1610/1942/1907 1598/1924/1889
f 1598/1924/1889 1610/1942/1907 1611/1943/1908
f 1598/1924/1889 1611/1943/1908 1597/1923/1888
f 1606/1938/1903 1612/1944/1909 1607/1939/1904
f 1613/1945/1910 1612/1944/1909 1606/1938/1903
f 1613/1945/1910 1606/1938/1903 1605/1937/1902
f 1605/1937/1902 1614/1946/1911 1613/1945/1910
f 1605/1937/1902 1604/1935/1900 1614/1946/1911
f 1604/1935/1900 1615/1947/1912 1614/1946/1911
f 1604/1935/1900 1603/1933/1898 1615/1947/1912
f 1603/1933/1898 1616/1948/1913 1615/1947/1912
f 1603/1933/1898 1602/1932/1897 1616/1948/1913
f 1617/1949/1914 1613/1945/1910 1614/1946/1911
f 1617/1949/1914 1618/1950/1915 1613/1945/1910
f 1618/1950/1915 1612/1944/1909 1613/1945/1910
f 1618/1950/1915 1619/1951/1916 1612/1944/1909
f 1612/1944/1909 1619/1951/1916 1607/1939/1904
f 1607/1939/1904 1619/1951/1916 1608/1940/1905
f 1620/1952/1917 1597/1923/1888 1611/1943/1908
f 1620/1952/1917 1596/1922/1887 1597/1923/1888
f 1620/1952/1917 1621/1953/1918 1596/1922/1887
f 1595/1921/1886 1596/1922/1887 1621/1953/1918
f 1622/1954/1919 1595/1921/1886 1621/1953/1918
f 1297/1920/1885 1595/1921/1886 1622/1954/1919
f 1298/1955/1920 1297/1920/1885 1622/1954/1919
f 1298/1955/1920 1622/1954/1919 1623/1956/1921
f 1287/1931/1896 1298/1955/1920 1623/1956/1921
f 1287/1931/1896 1623/1956/1921 1602/1932/1897
f 1602/1932/1897 1623/1956/1921 1624/1957/1922
f 1602/1932/1897 1624/1957/1922 1616/1948/1913
f 1625/1958/1923 1616/1948/1913 1624/1957/1922
f 1625/1958/1923 1626/1959/1924 1616/1948/1913
f 1626/1959/1924 1615/1947/1912 1616/1948/1913
f 1626/1959/1924 1627/1960/1925 1615/1947/1912
f 1627/1960/1925 1614/1946/1911 1615/1947/1912
f 1627/1960/1925 1617/1949/1914 1614/1946/1911
f 1620/1952/1917 1628/1961/1926 1621/1953/1918
f 1622/1954/1919 1621/1953/1918 1628/1961/1926
f 1628/1961/1926 1623/1956/1921 1622/1954/1919
f 1628/1961/1926 1624/1957/1922 1623/1956/1921
f 1629/1962/1927 1624/1957/1922 1628/1961/1926
f 1629/1962/1927 1625/1958/1923 1624/1957/1922
f 1620/1952/1917 1629/1962/1927 1628/1961/1926
f 1630/1963/1928 1631/1964/1929 1632/1965/1930
f 1630/1963/1928 1633/1966/1931 1631/1964/1929
f 1630/1963/1928 1634/1967/1932 1633/1966/1931
f 1630/1963/1928 1635/1968/1933 1634/1967/1932
f 1630/1963/1928 1636/1969/1934 1635/1968/1933
f 1630/1963/1928 1637/1970/1935 1636/1969/1934
f 1630/1963/1928 1638/1971/1936 1637/1970/1935
f 1630/1963/1928 1639/1972/1937 1638/1971/1936
f 1630/1963/1928 1640/1973/1938 1639/1972/1937
f 1630/1963/1928 1641/1974/1939 1640/1973/1938
f 1630/1963/1928 1642/1975/1940 1641/1974/1939
f 1630/1963/1928 1632/1965/1930 1642/1975/1940
f 1643/1945/1941 1644/1935/1942 1645/1937/1943
f 1643/1945/1941 1646/1946/1944 1644/1935/1942
f 1646/1946/1944 1647/1933/1945 1644/1935/1942
f 1646/1946/1944 1648/1947/1946 1647/1933/1945
f 1648/1947/1946 1649/1932/1947 1647/1933/1945
f 1650/1943/1948 1651/1922/1949 1652/1976/1950
f 1651/1922/1949 1653/1977/1951 1652/1976/1950
f 1651/1922/1949 1654/1953/1952 1653/1977/1951
f 1654/1953/1952 1655/1961/1953 1653/1977/1951
f 1655/1961/1953 1656/1958/1954 1653/1977/1951
f 1655/1961/1953 1657/1957/1955 1656/1958/1954
f 1657/1957/1955 1658/1959/1956 1656/1958/1954
f 1657/1957/1955 1659/1948/1957 1658/1959/1956
f 1659/1948/1957 1660/1960/1958 1658/1959/1956
f 1659/1948/1957 1648/1947/1946 1660/1960/1958
f 1648/1947/1946 1661/1949/1959 1660/1960/1958
f 1648/1947/1946 1646/1946/1944 1661/1949/1959
f 1646/1946/1944 1662/1950/1960 1661/1949/1959
f 1646/1946/1944 1643/1945/1941 1662/1950/1960
f 1643/1945/1941 1663/1951/1961 1662/1950/1960
f 1643/1945/1941 1664/1944/1962 1663/1951/1961
f 1645/1937/1943 1664/1944/1962 1643/1945/1941
f 1645/1937/1943 1665/1938/1963 1664/1944/1962
f 1648/1947/1946 1659/1948/1957 1649/1932/1947
f 1659/1948/1957 1666/1956/1964 1649/1932/1947
f 1659/1948/1957 1657/1957/1955 1666/1956/1964
f 1667/1954/1965 1666/1956/1964 1657/1957/1955
f 1667/1954/1965 1657/1957/1955 1655/1961/1953
f 1655/1961/1953 1668/1921/1966 1667/1954/1965
f 1655/1961/1953 1654/1953/1952 1668/1921/1966
f 1654/1953/1952 1669/1911/1967 1668/1921/1966
f 1654/1953/1952 1651/1922/1949 1669/1911/1967
f 1670/1923/1968 1669/1911/1967 1651/1922/1949
f 1650/1943/1948 1670/1923/1968 1651/1922/1949
f 1670/1923/1968 1650/1943/1948 1671/1942/1969
f 1670/1923/1968 1671/1942/1969 1672/1924/1970
f 1672/1924/1970 1671/1942/1969 1673/1941/1971
f 1672/1924/1970 1673/1941/1971 1674/1925/1972
f 1675/1940/1973 1674/1925/1972 1673/1941/1971
f 1675/1940/1973 1676/1926/1974 1674/1925/1972
f 1676/1926/1974 1675/1940/1973 1663/1951/1961
f 1676/1926/1974 1663/1951/1961 1677/1939/1975
f 1677/1939/1975 1663/1951/1961 1664/1944/1962
f 1678/1927/1976 1677/1939/1975 1664/1944/1962
f 1678/1927/1976 1664/1944/1962 1665/1938/1963
f 1516/1928/1977 1678/1927/1976 1665/1938/1963
f 1516/1928/1977 1665/1938/1963 1486/1929/1978
f 1665/1938/1963 1485/1936/1979 1486/1929/1978
f 1665/1938/1963 1645/1937/1943 1485/1936/1979
f 1645/1937/1943 1483/1934/1980 1485/1936/1979
f 1645/1937/1943 1644/1935/1942 1483/1934/1980
f 1644/1935/1942 1470/1930/1981 1483/1934/1980
f 1644/1935/1942 1647/1933/1945 1470/1930/1981
f 1647/1933/1945 1471/1931/1982 1470/1930/1981
f 1647/1933/1945 1649/1932/1947 1471/1931/1982
f 1649/1932/1947 1472/1955/1983 1471/1931/1982
f 1649/1932/1947 1666/1956/1964 1472/1955/1983
f 1666/1956/1964 1473/1920/1984 1472/1955/1983
f 1666/1956/1964 1667/1954/1965 1473/1920/1984
f 1667/1954/1965 1430/1909/1985 1473/1920/1984
f 1667/1954/1965 1668/1921/1966 1430/1909/1985
f 1668/1921/1966 1390/1910/1986 1430/1909/1985
f 1668/1921/1966 1669/1911/1967 1390/1910/1986
f 1679/1913/1987 1390/1910/1986 1669/1911/1967
f 1670/1923/1968 1679/1913/1987 1669/1911/1967
f 1679/1913/1987 1670/1923/1968 1672/1924/1970
f 1679/1913/1987 1672/1924/1970 1680/1915/1988
f 1680/1915/1988 1672/1924/1970 1674/1925/1972
f 1680/1915/1988 1674/1925/1972 1681/1917/1989
f 1676/1926/1974 1681/1917/1989 1674/1925/1972
f 1676/1926/1974 1682/1918/1990 1681/1917/1989
f 1677/1939/1975 1682/1918/1990 1676/1926/1974
f 1677/1939/1975 1678/1927/1976 1682/1918/1990
f 1682/1918/1990 1678/1927/1976 1516/1928/1977
f 1682/1918/1990 1516/1928/1977 1515/1919/1991
f 1681/1917/1989 1682/1918/1990 1515/1919/1991
f 1681/1917/1989 1515/1919/1991 1400/1916/1992
f 1397/1914/1993 1681/1917/1989 1400/1916/1992
f 1397/1914/1993 1680/1915/1988 1681/1917/1989
f 1680/1915/1988 1397/1914/1993 1396/1912/1994
f 1680/1915/1988 1396/1912/1994 1679/1913/1987
f 1679/1913/1987 1396/1912/1994 1390/1910/1986
f 1503/1760/1995 1345/1978/1996 1502/1759/1997
f 1250/1492/1457 1234/1476/1441 1683/1979/1998
f 1233/1475/1440 1683/1979/1998 1234/1476/1441
f 1251/1493/1458 1683/1979/1998 1233/1475/1440
f 1251/1493/1458 1684/1980/1999 1683/1979/1998
f 1684/1980/1999 1251/1493/1458 1241/1483/1448
f 1243/1485/1450 1684/1980/1999 1241/1483/1448
f 1243/1485/1450 1683/1979/1998 1684/1980/1999
f 1243/1485/1450 1685/1981/2000 1683/1979/1998
f 1250/1492/1457 1683/1979/1998 1685/1981/2000
f 1250/1492/1457 1685/1981/2000 1248/1490/1455
f 1243/1485/1450 1248/1490/1455 1685/1981/2000
f 1243/1485/1450 1245/1487/1452 1248/1490/1455
f 1686/1982/2001 1687/1983/2002 1688/1984/2002
f 1686/1982/2001 1689/1985/2003 1687/1983/2002
f 1690/1986/2004 1689/1985/2003 1686/1982/2001
f 1690/1986/2004 1691/1987/2005 1689/1985/2003
f 1692/1988/2006 1691/1987/2005 1690/1986/2004
f 1692/1988/2006 1693/1989/2007 1691/1987/2005
f 1688/1990/2002 1693/1989/2007 1692/1988/2006
f 1688/1990/2002 1687/1991/2002 1693/1989/2007
f 1694/1992/2008 1695/1993/2009 1696/1994/2010
f 1694/1992/2008 1697/1995/2011 1695/1993/2009
f 1698/1996/2012 1697/1995/2011 1694/1992/2008
f 1698/1996/2012 1699/1997/2013 1697/1995/2011
f 1700/1998/2014 1699/1997/2013 1698/1996/2012
f 1700/1998/2014 1701/1999/2015 1699/1997/2013
f 1701/1999/2015 1697/1995/2011 1699/1997/2013
f 1701/1999/2015 1695/2000/2009 1697/1995/2011
f 1696/2001/2010 1695/2000/2009 1701/1999/2015
f 1696/2001/2010 1701/1999/2015 1700/1998/2014
f 1687/1991/2016 1696/2001/2010 1700/1998/2014
f 1687/1991/2016 1700/1998/2014 1693/1989/2017
f 1693/1989/2017 1700/1998/2014 1698/1996/2012
f 1693/1989/2017 1698/1996/2012 1691/1987/2018
f 1691/1987/2018 1698/1996/2012 1694/1992/2008
f 1691/1987/2018 1694/1992/2008 1689/1985/2019
f 1689/1985/2019 1694/1992/2008 1696/1994/2010
f 1689/1985/2019 1696/1994/2010 1687/1983/2016
f 1702/2002/2020 1560/2003/1815 1558/2004/1813
f 1703/2005/2021 1704/2006/2022 1705/2007/2023
f 1703/2005/2021 1705/2007/2023 1702/2002/2020
f 1702/2002/2020 1705/2007/2023 1560/2003/1815
f 1335/2008/1816 1560/2003/1815 1705/2007/2023
f 1349/2009/2024 1706/2010/2025 1347/2011/2026
f 1349/2009/2024 1707/2012/2027 1706/2010/2025
f 1335/2008/1816 1707/2012/2027 1349/2009/2024
f 1335/2008/1816 1708/2013/2028 1707/2012/2027
f 1705/2007/2023 1708/2013/2028 1335/2008/1816
f 1705/2007/2023 1709/2014/2029 1708/2013/2028
f 1705/2007/2023 1704/2006/2022 1709/2014/2029
f 1559/2015/1814 1709/2014/2029 1704/2006/2022
f 1556/2016/1811 1559/2015/1814 1704/2006/2022
f 1556/2016/1811 1704/2006/2022 1703/2005/2021
f 1557/2017/1812 1556/2016/1811 1703/2005/2021
f 1557/2017/1812 1703/2005/2021 1582/2018/2030
f 1582/2018/2030 1703/2005/2021 1702/2002/2020
f 1582/2018/2030 1702/2002/2020 1062/2019/2031
f 1062/2019/2031 1702/2002/2020 1558/2004/1813
f 1062/2019/2031 1558/2004/1813 1555/2020/1810
f 1709/2014/2029 1357/2021/2032 1358/2022/2033
f 1709/2014/2029 1325/2023/2034 1357/2021/2032
f 1709/2014/2029 1278/2024/1817 1325/2023/2034
f 1559/2015/1814 1278/2024/1817 1709/2014/2029
f 1709/2014/2029 1707/2012/2027 1708/2013/2028
f 1709/2014/2029 1358/2022/2033 1707/2012/2027
f 1706/2010/2025 1707/2012/2027 1358/2022/2033
f 1706/2010/2025 1358/2022/2033 1710/2025/2035
f 1710/2025/2035 1711/2026/2036 1706/2010/2025
f 1710/2025/2035 1712/2027/2037 1711/2026/2036
f 1712/2027/2037 1713/2028/2038 1711/2026/2036
f 1712/2027/2037 1714/2029/2039 1713/2028/2038
f 1714/2029/2039 1715/2030/2040 1713/2028/2038
f 1714/2029/2039 1716/2031/2041 1715/2030/2040
f 1717/2032/2042 1716/2031/2041 1714/2029/2039
f 1717/2032/2042 1718/2033/2043 1716/2031/2041
f 1719/2034/2044 1718/2033/2043 1717/2032/2042
f 1719/2034/2044 1720/2035/2045 1718/2033/2043
f 1713/2028/2038 1720/2035/2045 1719/2034/2044
f 1713/2028/2038 1715/2030/2040 1720/2035/2045
f 1322/2036/2046 1358/2022/2033 1324/2037/2047
f 1322/2036/2046 1710/2025/2035 1358/2022/2033
f 1314/2038/2048 1710/2025/2035 1322/2036/2046
f 1314/2038/2048 1712/2027/2037 1710/2025/2035
f 1315/2039/1759 1712/2027/2037 1314/2038/2048
f 1315/2039/1759 1714/2029/2039 1712/2027/2037
f 1714/2029/2039 1315/2039/1759 1509/2040/1758
f 1497/2041/2049 1714/2029/2039 1509/2040/1758
f 1497/2041/2049 1717/2032/2042 1714/2029/2039
f 1498/2042/2050 1717/2032/2042 1497/2041/2049
f 1498/2042/2050 1719/2034/2044 1717/2032/2042
f 1502/2043/1997 1719/2034/2044 1498/2042/2050
f 1502/2043/1997 1713/2028/2038 1719/2034/2044
f 1713/2028/2038 1502/2043/1997 1345/2044/1996
f 1344/2045/2051 1713/2028/2038 1345/2044/1996
f 1344/2045/2051 1711/2026/2036 1713/2028/2038
f 1347/2011/2026 1711/2026/2036 1344/2045/2051
f 1347/2011/2026 1706/2010/2025 1711/2026/2036
f 1163/2046/1362 1162/2047/1361 1721/2048/2052
f 1180/1417/2053 1721/2048/2052 1162/2047/1361
f 1183/1421/2054 1721/2048/2052 1180/1417/2053
f 1183/1421/2054 1722/2049/2055 1721/2048/2052
f 1331/1573/2056 1722/2049/2055 1183/1421/2054
f 1331/1573/2056 1723/2050/2057 1722/2049/2055
f 1337/1582/2058 1723/2050/2057 1331/1573/2056
f 1337/1582/2058 1724/2051/2059 1723/2050/2057
f 1724/2051/2059 1337/1582/2058 1164/1596/1363
f 1724/2051/2059 1164/1596/1363 1163/2046/1362
f 1163/2046/1362 1721/2048/2052 1724/2051/2059
f 1723/2050/2057 1724/2051/2059 1721/2048/2052
f 1723/2050/2057 1721/2048/2052 1722/2049/2055
f 1180/1417/2053 1162/2047/1361 1161/1418/1360
f 1725/2052/2060 1726/2053/2061 1727/2054/2062
f 1725/2052/2060 1197/1435/1401 1726/2053/2061
f 1725/2052/2060 1578/2055/2063 1197/1435/1401
f 1257/1499/1464 1258/1500/1465 1203/1441/1407
f 1728/2056/2064 1203/1441/1407 1258/1500/1465
f 1728/2056/2064 1258/1500/1465 1259/1501/1466
f 1259/1501/1466 1727/2054/2062 1728/2056/2064
f 1728/2056/2064 1727/2054/2062 1729/2057/2065
f 1726/2053/2061 1729/2057/2065 1727/2054/2062
f 1726/2053/2061 1730/2058/2066 1729/2057/2065
f 1726/2053/2061 1197/1435/1401 1730/2058/2066
f 1730/2058/2066 1197/1435/1401 1199/1437/1403
f 1730/2058/2066 1199/1437/1403 1201/1439/1405
f 1730/2058/2066 1201/1439/1405 1729/2057/2065
f 1729/2057/2065 1201/1439/1405 1203/1441/1407
f 1729/2057/2065 1203/1441/1407 1728/2056/2064
f 1731/2059/2067 1732/2060/2068 1279/1521/1486
f 1732/2060/2068 1281/1523/1488 1279/1521/1486
f 1281/1523/1488 1732/2060/2068 1294/1536/1501
f 1732/2060/2068 1733/2061/2069 1294/1536/1501
f 1296/1538/1503 1294/1536/1501 1733/2061/2069
f 1734/2062/2070 1296/1538/1503 1733/2061/2069
f 1296/1538/1503 1734/2062/2070 1299/1541/1506
f 1734/2062/2070 1261/1503/2071 1299/1541/1506
f 1261/1503/2071 1734/2062/2070 1735/2063/2072
f 1261/1503/2071 1735/2063/2072 1260/1502/2073
f 1736/2064/2074 1260/1502/2073 1735/2063/2072
f 1736/2064/2074 1259/1501/2075 1260/1502/2073
f 1259/1501/2075 1736/2064/2074 1727/2054/2062
f 1736/2064/2074 1737/2065/2076 1727/2054/2062
f 1725/2052/2060 1727/2054/2062 1737/2065/2076
f 1276/1518/1483 1725/2052/2060 1737/2065/2076
f 1578/2055/2063 1725/2052/2060 1276/1518/1483
f 1578/2055/2063 1276/1518/1483 1338/1583/1548
f 1732/2060/2068 1731/2059/2067 1733/2061/2069
f 1276/1518/1483 1737/2065/2076 1279/1521/1486
f 1731/2059/2067 1279/1521/1486 1737/2065/2076
f 1736/2064/2074 1731/2059/2067 1737/2065/2076
f 1731/2059/2067 1736/2064/2074 1735/2063/2072
f 1731/2059/2067 1735/2063/2072 1733/2061/2069
f 1734/2062/2070 1733/2061/2069 1735/2063/2072
f 1738/2066/2077 1739/2067/2078 1740/2068/2079
f 1738/2066/2077 1741/2069/2080 1739/2067/2078
f 1742/2070/2081 1743/2071/2082 1744/2072/2083
f 1742/2070/2081 1744/2072/2083 1741/2069/2080
f 1741/2069/2080 1744/2072/2083 1745/2073/2084
f 1741/2069/2080 1745/2073/2084 1739/2067/2078
f 1739/2067/2078 1745/2073/2084 1746/2074/2085
f 1739/2067/2078 1746/2074/2085 1747/2075/2086
f 1740/2068/2079 1739/2067/2078 1747/2075/2086
f 1740/2068/2079 1747/2075/2086 1748/2076/2087
f 1740/2068/2079 1748/2076/2087 1749/2077/2088
f 1738/2066/2077 1740/2068/2079 1749/2077/2088
f 1750/2078/2089 1738/2066/2077 1749/2077/2088
f 1750/2078/2089 1741/2069/2080 1738/2066/2077
f 1750/2078/2089 1742/2070/2081 1741/2069/2080
f 1751/2079/2090 1742/2070/2081 1750/2078/2089
f 1751/2079/2090 1752/2080/2091 1742/2070/2081
f 1753/2081/2092 1752/2080/2091 1751/2079/2090
f 1753/2081/2092 1754/2082/2093 1752/2080/2091
f 1755/2083/2094 1754/2082/2093 1753/2081/2092
f 1755/2083/2094 1756/2084/2095 1754/2082/2093
f 1757/2085/2096 1756/2084/2095 1755/2083/2094
f 1757/2085/2096 1758/2086/2097 1756/2084/2095
f 1759/2087/2098 1758/2086/2097 1757/2085/2096
f 1759/2087/2098 1760/2088/2099 1758/2086/2097
f 1761/2089/2100 1760/2088/2099 1759/2087/2098
f 1761/2089/2100 1759/2087/2098 1749/2077/2088
f 1759/2087/2098 1757/2085/2096 1749/2077/2088
f 1757/2085/2096 1755/2083/2094 1749/2077/2088
f 1755/2083/2094 1753/2081/2092 1749/2077/2088
f 1753/2081/2092 1751/2079/2090 1749/2077/2088
f 1751/2079/2090 1750/2078/2089 1749/2077/2088
f 1761/2089/2100 1762/2090/2101 1760/2088/2099
f 1763/2091/2102 1762/2090/2101 1761/2089/2100
f 1763/2091/2102 1761/2089/2100 1749/2077/2088
f 1764/2092/2103 1763/2091/2102 1749/2077/2088
f 1748/2076/2087 1764/2092/2103 1749/2077/2088
f 1748/2076/2087 1765/2093/2104 1764/2092/2103
f 1748/2076/2087 1747/2075/2086 1765/2093/2104
f 1747/2075/2086 1766/2094/2105 1765/2093/2104
f 1747/2075/2086 1746/2074/2085 1766/2094/2105
f 1746/2074/2085 1626/2095/2106 1766/2094/2105
f 1746/2074/2085 1627/2096/2107 1626/2095/2106
f 1745/2073/2084 1627/2096/2107 1746/2074/2085
f 1745/2073/2084 1617/2097/2108 1627/2096/2107
f 1744/2072/2083 1617/2097/2108 1745/2073/2084
f 1744/2072/2083 1618/2098/2109 1617/2097/2108
f 1743/2071/2082 1618/2098/2109 1744/2072/2083
f 1743/2071/2082 1619/2099/2110 1618/2098/2109
f 1767/2100/2111 1619/2099/2110 1743/2071/2082
f 1765/2093/2104 1766/2094/2105 1768/2101/2112
f 1765/2093/2104 1768/2101/2112 1769/2102/2113
f 1764/2092/2103 1765/2093/2104 1769/2102/2113
f 1764/2092/2103 1769/2102/2113 1763/2091/2102
f 1763/2091/2102 1769/2102/2113 1762/2090/2101
f 1769/2102/2113 1770/2103/2114 1762/2090/2101
f 1762/2090/2101 1770/2103/2114 1771/2104/2115
f 1762/2090/2101 1771/2104/2115 1760/2088/2099
f 1760/2088/2099 1771/2104/2115 1772/2105/2116
f 1760/2088/2099 1772/2105/2116 1758/2086/2097
f 1758/2086/2097 1772/2105/2116 1773/2106/2117
f 1758/2086/2097 1773/2106/2117 1756/2084/2095
f 1756/2084/2095 1773/2106/2117 1774/2107/2118
f 1756/2084/2095 1774/2107/2118 1754/2082/2093
f 1754/2082/2093 1774/2107/2118 1767/2100/2111
f 1754/2082/2093 1767/2100/2111 1752/2080/2091
f 1752/2080/2091 1767/2100/2111 1743/2071/2082
f 1752/2080/2091 1743/2071/2082 1742/2070/2081
f 1769/2102/2113 1768/2101/2112 1770/2103/2114
f 1767/2100/2111 1608/2108/2119 1619/2099/2110
f 1774/2107/2118 1608/2108/2119 1767/2100/2111
f 1774/2107/2118 1609/2109/2120 1608/2108/2119
f 1773/2106/2117 1609/2109/2120 1774/2107/2118
f 1773/2106/2117 1610/2110/2121 1609/2109/2120
f 1772/2105/2116 1610/2110/2121 1773/2106/2117
f 1772/2105/2116 1611/2111/2122 1610/2110/2121
f 1771/2104/2115 1611/2111/2122 1772/2105/2116
f 1771/2104/2115 1620/2112/2123 1611/2111/2122
f 1770/2103/2114 1620/2112/2123 1771/2104/2115
f 1770/2103/2114 1629/2113/2124 1620/2112/2123
f 1768/2101/2112 1629/2113/2124 1770/2103/2114
f 1768/2101/2112 1625/2114/2125 1629/2113/2124
f 1766/2094/2105 1625/2114/2125 1768/2101/2112
f 1766/2094/2105 1626/2095/2106 1625/2114/2125
f 1503/1760/2126 1343/2115/1553 1345/1978/1555
f 1503/1760/2126 1501/1758/2127 1343/2115/1553
f 1501/1758/2127 1351/2116/1566 1343/2115/1553
f 1501/1758/2127 1491/1748/2128 1351/2116/1566
f 1491/1748/2128 1352/1746/1568 1351/2116/1566
f 1155/1384/2129 1164/1393/1564 1116/1326/1565
f 1155/1384/2129 1116/1326/1565 1115/1325/2130
f 1153/1382/1664 1155/1384/2129 1115/1325/2130
f 1153/1382/1664 1115/1325/2130 1439/1695/1666
f 1439/1695/1666 1115/1325/2130 1121/1331/2131
f 1439/1695/1666 1121/1331/2131 1475/1731/1703
f 1120/1330/1719 1475/1731/1703 1121/1331/2131
f 1332/1574/2132 1109/2117/1298 1108/1576/1297
f 1110/2118/1299 1692/2119/2133 1690/2120/2134
f 1110/2118/1299 1690/2120/2134 1106/2121/1295
f 1103/2122/1292 1106/2121/1295 1690/2120/2134
f 1103/2122/1292 1690/2120/2134 1686/2123/2135
f 1104/1581/1293 1103/2122/1292 1686/2123/2135
f 1686/2123/2135 1332/1574/2132 1104/1581/1293
f 1686/2123/2135 1688/2124/2136 1332/1574/2132
f 1332/1574/2132 1688/2124/2136 1109/2117/1298
f 1688/2124/2136 1110/2118/1299 1109/2117/1298
f 1688/2124/2136 1692/2119/2133 1110/2118/1299
f 1110/2118/1299 1106/2121/1295 1107/2125/1296
f 1775/2079/2137 1776/2080/2138 1777/2082/2139
f 1778/2078/2140 1776/2080/2138 1775/2079/2137
f 1778/2078/2140 1779/2070/2141 1776/2080/2138
f 1780/2126/2142 1781/2127/2143 1782/2128/2144
f 1783/2086/2145 1781/2127/2143 1780/2126/2142
f 1783/2086/2145 1784/2105/2146 1781/2127/2143
f 1785/2084/2147 1784/2105/2146 1783/2086/2145
f 1785/2084/2147 1786/2106/2148 1784/2105/2146
f 1777/2082/2139 1786/2106/2148 1785/2084/2147
f 1787/2081/2149 1777/2082/2139 1785/2084/2147
f 1775/2079/2137 1777/2082/2139 1787/2081/2149
f 1775/2079/2137 1787/2081/2149 1788/2077/2150
f 1778/2078/2140 1775/2079/2137 1788/2077/2150
f 1789/2066/2151 1778/2078/2140 1788/2077/2150
f 1789/2066/2151 1779/2070/2141 1778/2078/2140
f 1789/2066/2151 1790/2069/2152 1779/2070/2141
f 1791/2068/2153 1790/2069/2152 1789/2066/2151
f 1791/2068/2153 1792/2067/2154 1790/2069/2152
f 1793/2076/2155 1792/2067/2154 1791/2068/2153
f 1793/2076/2155 1794/2075/2156 1792/2067/2154
f 1795/2092/2157 1794/2075/2156 1793/2076/2155
f 1795/2092/2157 1796/2093/2158 1794/2075/2156
f 1797/2091/2159 1796/2093/2158 1795/2092/2157
f 1797/2091/2159 1798/2102/2160 1796/2093/2158
f 1799/2129/2161 1798/2102/2160 1797/2091/2159
f 1799/2129/2161 1800/2130/2162 1798/2102/2160
f 1801/2131/2163 1800/2130/2162 1799/2129/2161
f 1801/2131/2163 1780/2126/2142 1800/2130/2162
f 1802/2085/2164 1780/2126/2142 1801/2131/2163
f 1802/2085/2164 1783/2086/2145 1780/2126/2142
f 1803/2083/2165 1783/2086/2145 1802/2085/2164
f 1803/2083/2165 1785/2084/2147 1783/2086/2145
f 1787/2081/2149 1785/2084/2147 1803/2083/2165
f 1787/2081/2149 1803/2083/2165 1788/2077/2150
f 1803/2083/2165 1802/2085/2164 1788/2077/2150
f 1802/2085/2164 1801/2131/2163 1788/2077/2150
f 1801/2131/2163 1799/2129/2161 1788/2077/2150
f 1799/2129/2161 1797/2091/2159 1788/2077/2150
f 1797/2091/2159 1795/2092/2157 1788/2077/2150
f 1795/2092/2157 1793/2076/2155 1788/2077/2150
f 1793/2076/2155 1791/2068/2153 1788/2077/2150
f 1791/2068/2153 1789/2066/2151 1788/2077/2150
f 1777/2082/2139 1804/2107/2166 1786/2106/2148
f 1776/2080/2138 1804/2107/2166 1777/2082/2139
f 1776/2080/2138 1805/2100/2167 1804/2107/2166
f 1779/2070/2141 1805/2100/2167 1776/2080/2138
f 1779/2070/2141 1806/2071/2168 1805/2100/2167
f 1790/2069/2152 1806/2071/2168 1779/2070/2141
f 1790/2069/2152 1807/2072/2169 1806/2071/2168
f 1792/2067/2154 1807/2072/2169 1790/2069/2152
f 1792/2067/2154 1808/2073/2170 1807/2072/2169
f 1794/2075/2156 1808/2073/2170 1792/2067/2154
f 1794/2075/2156 1809/2074/2171 1808/2073/2170
f 1796/2093/2158 1809/2074/2171 1794/2075/2156
f 1796/2093/2158 1810/2094/2172 1809/2074/2171
f 1798/2102/2160 1810/2094/2172 1796/2093/2158
f 1798/2102/2160 1811/2101/2173 1810/2094/2172
f 1800/2130/2162 1811/2101/2173 1798/2102/2160
f 1800/2130/2162 1782/2128/2144 1811/2101/2173
f 1780/2126/2142 1782/2128/2144 1800/2130/2162
f 1808/2073/2170 1661/2097/2174 1662/2098/2175
f 1809/2074/2171 1661/2097/2174 1808/2073/2170
f 1809/2074/2171 1660/2096/2176 1661/2097/2174
f 1810/2094/2172 1660/2096/2176 1809/2074/2171
f 1810/2094/2172 1658/2095/2177 1660/2096/2176
f 1811/2101/2173 1658/2095/2177 1810/2094/2172
f 1811/2101/2173 1656/2114/2178 1658/2095/2177
f 1782/2128/2144 1656/2114/2178 1811/2101/2173
f 1782/2128/2144 1653/2132/2179 1656/2114/2178
f 1781/2127/2143 1653/2132/2179 1782/2128/2144
f 1781/2127/2143 1652/2133/2180 1653/2132/2179
f 1784/2105/2146 1652/2133/2180 1781/2127/2143
f 1784/2105/2146 1650/2111/2181 1652/2133/2180
f 1786/2106/2148 1650/2111/2181 1784/2105/2146
f 1786/2106/2148 1671/2110/2182 1650/2111/2181
f 1804/2107/2166 1671/2110/2182 1786/2106/2148
f 1804/2107/2166 1673/2109/2183 1671/2110/2182
f 1805/2100/2167 1673/2109/2183 1804/2107/2166
f 1805/2100/2167 1675/2108/2184 1673/2109/2183
f 1806/2071/2168 1675/2108/2184 1805/2100/2167
f 1806/2071/2168 1663/2099/2185 1675/2108/2184
f 1807/2072/2169 1663/2099/2185 1806/2071/2168
f 1807/2072/2169 1662/2098/2175 1663/2099/2185
f 1808/2073/2170 1662/2098/2175 1807/2072/2169
f 1812/2134/2186 1813/2135/2187 1814/2136/2188
f 1814/2136/2188 1813/2135/2187 1815/2137/2189
f 1815/2137/2189 1813/2135/2187 1816/2138/2190
f 1816/2138/2190 1813/2135/2187 1812/2134/2186
f 1715/2030/2191 1816/2138/2190 1812/2134/2186
f 1715/2030/2191 1812/2134/2186 1720/2035/2192
f 1720/2035/2192 1812/2134/2186 1814/2136/2188
f 1720/2035/2192 1814/2136/2188 1718/2033/2193
f 1718/2033/2193 1814/2136/2188 1815/2137/2189
f 1718/2033/2193 1815/2137/2189 1716/2031/2194
f 1716/2031/2194 1815/2137/2189 1816/2138/2190
f 1716/2031/2194 1816/2138/2190 1715/2030/2191
f 1817/2139/2195 1818/2140/2196 1819/2141/2197
f 1818/2140/2196 1817/2139/2195 1820/2142/2198
f 1821/2143/2199 1818/2140/2196 1820/2142/2198
f 1822/2144/2200 1818/2140/2196 1821/2143/2199
f 1822/2144/2200 1819/2141/2197 1818/2140/2196
f 1218/1460/1422 1823/2145/2201 1230/1472/1434
f 1819/2141/2197 1230/1472/1434 1823/2145/2201
f 1819/2141/2197 1220/1462/1424 1230/1472/1434
f 1819/2141/2197 1822/2144/2200 1220/1462/1424
f 1221/1463/1425 1220/1462/1424 1822/2144/2200
f 1221/1463/1425 1822/2144/2200 1821/2143/2199
f 1222/1464/1426 1221/1463/1425 1821/2143/2199
f 1222/1464/1426 1821/2143/2199 1824/2146/2202
f 1224/1466/1428 1222/1464/1426 1824/2146/2202
f 1224/1466/1428 1824/2146/2202 1227/1469/1431
f 1227/1469/1431 1824/2146/2202 1821/2143/2199
f 1227/1469/1431 1821/2143/2199 1825/2147/2203
f 1820/2142/2198 1825/2147/2203 1821/2143/2199
f 1820/2142/2198 1826/2148/2204 1825/2147/2203
f 1820/2142/2198 1827/2149/2205 1826/2148/2204
f 1827/2149/2205 1820/2142/2198 1828/2150/2206
f 1817/2139/2195 1828/2150/2206 1820/2142/2198
f 1817/2139/2195 1829/2151/2207 1828/2150/2206
f 1228/1470/1432 1227/1469/1431 1825/2147/2203
f 1228/1470/1432 1825/2147/2203 1233/1475/2208
f 1826/2148/2204 1233/1475/2208 1825/2147/2203
f 1826/2148/2204 1251/1493/2209 1233/1475/2208
f 1251/1493/2209 1826/2148/2204 1239/1481/2210
f 1827/2149/2205 1239/1481/2210 1826/2148/2204
f 1827/2149/2205 1238/1480/2211 1239/1481/2210
f 1828/2150/2206 1238/1480/2211 1827/2149/2205
f 1828/2150/2206 1362/1610/2212 1238/1480/2211
f 1828/2150/2206 1365/1613/2213 1362/1610/2212
f 1829/2151/2207 1365/1613/2213 1828/2150/2206
f 1829/2151/2207 1361/1609/2214 1365/1613/2213
f 1361/1609/2214 1829/2151/2207 1830/2152/2215
f 1361/1609/2214 1830/2152/2215 1359/1607/2216
f 1359/1607/2216 1830/2152/2215 1831/2153/2217
f 1359/1607/2216 1831/2153/2217 1369/1617/2218
f 1832/2154/2219 1369/1617/2218 1831/2153/2217
f 1832/2154/2219 1371/1619/2220 1369/1617/2218
f 1829/2151/2207 1817/2139/2195 1833/2155/2221
f 1829/2151/2207 1833/2155/2221 1830/2152/2215
f 1830/2152/2215 1833/2155/2221 1834/2156/2222
f 1830/2152/2215 1834/2156/2222 1831/2153/2217
f 1835/2157/2223 1831/2153/2217 1834/2156/2222
f 1835/2157/2223 1832/2154/2219 1831/2153/2217
f 1832/2154/2219 1835/2157/2223 1836/2158/2224
f 1832/2154/2219 1836/2158/2224 1837/2159/2225
f 1837/2159/2225 1836/2158/2224 1838/2160/2226
f 1837/2159/2225 1838/2160/2226 1839/2161/2227
f 1836/2158/2224 1840/2162/2228 1838/2160/2226
f 1836/2158/2224 1841/2163/2229 1840/2162/2228
f 1841/2163/2229 1836/2158/2224 1835/2157/2223
f 1841/2163/2229 1835/2157/2223 1842/2164/2230
f 1842/2164/2230 1835/2157/2223 1843/2165/2231
f 1843/2165/2231 1835/2157/2223 1834/2156/2222
f 1843/2165/2231 1834/2156/2222 1844/2166/2232
f 1833/2155/2221 1844/2166/2232 1834/2156/2222
f 1833/2155/2221 1817/2139/2195 1844/2166/2232
f 1817/2139/2195 1845/2167/2233 1844/2166/2232
f 1817/2139/2195 1819/2141/2197 1845/2167/2233
f 1819/2141/2197 1823/2145/2201 1845/2167/2233
f 1844/2166/2232 1845/2167/2233 1823/2145/2201
f 1844/2166/2232 1823/2145/2201 1843/2165/2231
f 1371/1619/2220 1832/2154/2219 1837/2159/2225
f 1371/1619/2220 1837/2159/2225 1373/1621/1593
f 1373/1621/1593 1837/2159/2225 1839/2161/2227
f 1373/1621/1593 1839/2161/2227 1383/1631/1603
f 1846/2168/2234 1383/1631/1603 1839/2161/2227
f 1846/2168/2234 1839/2161/2227 1847/2169/2235
f 1847/2169/2235 1839/2161/2227 1838/2160/2226
f 1847/2169/2235 1838/2160/2226 1848/2170/2236
f 1840/2162/2228 1848/2170/2236 1838/2160/2226
f 1840/2162/2228 1849/2171/2237 1848/2170/2236
f 1850/2172/2238 1849/2171/2237 1840/2162/2228
f 1841/2163/2229 1850/2172/2238 1840/2162/2228
f 1841/2163/2229 1216/1458/1420 1850/2172/2238
f 1842/2164/2230 1216/1458/1420 1841/2163/2229
f 1842/2164/2230 1217/1459/1421 1216/1458/1420
f 1217/1459/1421 1842/2164/2230 1843/2165/2231
f 1217/1459/1421 1843/2165/2231 1218/1460/1422
f 1218/1460/1422 1843/2165/2231 1823/2145/2201
f 1381/1629/1601 1393/1641/1614 1379/1627/1599
f 1381/1629/1601 1402/1650/1623 1393/1641/1614
f 1381/1629/1601 1382/1630/1602 1402/1650/1623
f 1402/1650/1623 1382/1630/1602 1407/1655/1628
f 1382/1630/1602 1383/1631/1603 1407/1655/1628
f 1383/1631/1603 1409/1657/1630 1407/1655/1628
f 1383/1631/1603 1846/2168/2234 1409/1657/1630
f 1846/2168/2234 1411/1659/1632 1409/1657/1630
f 1847/2169/2235 1411/1659/1632 1846/2168/2234
f 1847/2169/2235 1417/1671/1638 1411/1659/1632
f 1417/1671/1638 1847/2169/2235 1848/2170/2236
f 1044/1673/1233 1417/1671/1638 1848/2170/2236
f 1044/1673/1233 1848/2170/2236 1047/1457/1236
f 1849/2171/2237 1047/1457/1236 1848/2170/2236
f 1215/1456/1419 1047/1457/1236 1849/2171/2237
f 1850/2172/2238 1215/1456/1419 1849/2171/2237
f 1215/1456/1419 1850/2172/2238 1214/1455/1418
f 1216/1458/1420 1214/1455/1418 1850/2172/2238
f 1851/2173/2239 1852/2174/2240 1853/2175/2241
f 1853/2175/2241 1854/2176/2242 1851/2173/2239
f 1855/2177/2243 1851/2173/2239 1854/2176/2242
f 1855/2177/2243 1854/2176/2242 1856/2178/2244
f 1857/2179/2245 1855/2177/2243 1856/2178/2244
f 1852/2174/2240 1858/2180/2246 1859/2181/2247
f 1852/2174/2240 1859/2181/2247 1853/2175/2241
f 1853/2175/2241 1859/2181/2247 1860/2182/2248
f 1860/2182/2248 1854/2176/2242 1853/2175/2241
f 1854/2176/2242 1860/2182/2248 1861/2183/2249
f 1854/2176/2242 1861/2183/2249 1856/2178/2244
f 1856/2178/2244 1861/2183/2249 1862/2184/2250
f 1856/2178/2244 1862/2184/2250 1857/2179/2245
f 1863/2185/2251 1857/2179/2245 1862/2184/2250
f 1863/2185/2251 1855/2177/2243 1857/2179/2245
f 1855/2177/2243 1863/2185/2251 1864/2186/2252
f 1855/2177/2243 1864/2186/2252 1865/2187/2253
f 1866/2188/2254 1855/2177/2243 1865/2187/2253
f 1866/2188/2254 1851/2173/2239 1855/2177/2243
f 613/740/2255 1862/2184/2250 1861/2183/2249
f 1867/2189/2256 1862/2184/2250 613/740/2255
f 1863/2185/2251 1862/2184/2250 1867/2189/2256
f 1863/2185/2251 1867/2189/2256 1868/2190/2257
f 1863/2185/2251 1868/2190/2257 1864/2186/2252
f 1869/2191/2258 1864/2186/2252 1868/2190/2257
f 1865/2187/2253 1864/2186/2252 1869/2191/2258
f 1870/2192/2259 1865/2187/2253 1869/2191/2258
f 1871/2193/2260 1865/2187/2253 1870/2192/2259
f 1871/2193/2260 1866/2188/2254 1865/2187/2253
f 1866/2188/2254 1871/2193/2260 1872/2194/2261
f 1851/2173/2239 1866/2188/2254 1872/2194/2261
f 1851/2173/2239 1872/2194/2261 1873/2195/2262
f 1851/2173/2239 1873/2195/2262 1852/2174/2240
f 1852/2174/2240 1873/2195/2262 1874/2196/2263
f 1874/2196/2263 1858/2180/2246 1852/2174/2240
f 1874/2196/2263 1875/2197/2264 1858/2180/2246
f 1873/2195/2262 1875/2197/2264 1874/2196/2263
f 1873/2195/2262 1876/2198/2265 1875/2197/2264
f 1872/2194/2261 1876/2198/2265 1873/2195/2262
f 1869/2191/2258 1868/2190/2257 1877/2199/2266
f 1870/2192/2259 1869/2191/2258 1878/2200/2267
f 1869/2191/2258 1879/2201/2268 1878/2200/2267
f 1869/2191/2258 1877/2199/2266 1879/2201/2268
f 581/707/689 1879/2201/2268 1877/2199/2266
f 581/707/689 1877/2199/2266 1868/2190/2257
f 1868/2190/2257 579/705/687 581/707/689
f 1868/2190/2257 597/723/2269 579/705/687
f 1868/2190/2257 596/722/2270 597/723/2269
f 596/722/2270 1868/2190/2257 1867/2189/2256
f 1867/2189/2256 609/736/2271 596/722/2270
f 1867/2189/2256 608/735/2272 609/736/2271
f 1867/2189/2256 615/742/2273 608/735/2272
f 1867/2189/2256 612/739/2274 615/742/2273
f 1867/2189/2256 613/740/2255 612/739/2274
f 1880/2202/2275 1881/2203/2276 589/715/2277
f 1878/2200/2267 1881/2203/2276 1880/2202/2275
f 1878/2200/2267 1879/2201/2268 1881/2203/2276
f 587/713/2278 1881/2203/2276 1879/2201/2268
f 587/713/2278 1879/2201/2268 581/707/689
f 589/715/2277 1881/2203/2276 587/713/2278
f 589/715/2277 627/758/2279 1882/2204/2280
f 629/760/2281 1882/2204/2280 627/758/2279
f 1870/2192/2259 1878/2200/2267 1880/2202/2275
f 1870/2192/2259 1880/2202/2275 1871/2193/2260
f 1880/2202/2275 589/715/2277 1871/2193/2260
f 589/715/2277 1872/2194/2261 1871/2193/2260
f 589/715/2277 1882/2204/2280 1872/2194/2261
f 1872/2194/2261 1882/2204/2280 1876/2198/2265
f 629/760/2281 1876/2198/2265 1882/2204/2280
f 631/762/2282 1876/2198/2265 629/760/2281
f 631/762/2282 1875/2197/2264 1876/2198/2265
f 633/764/2283 1875/2197/2264 631/762/2282
f 633/764/2283 1858/2180/2246 1875/2197/2264
f 634/765/2284 1858/2180/2246 633/764/2283
f 634/765/2284 1859/2181/2247 1858/2180/2246
f 636/767/2285 1859/2181/2247 634/765/2284
f 636/767/2285 1860/2182/2248 1859/2181/2247
f 614/741/2286 1860/2182/2248 636/767/2285
f 614/741/2286 1861/2183/2249 1860/2182/2248
f 613/740/2255 1861/2183/2249 614/741/2286
f 1883/2205/2287 594/112/2288 580/109/2289
f 594/112/2288 1883/2205/2287 597/111/2290
f 1884/2206/2291 597/111/2290 1883/2205/2287
f 1885/2207/2292 597/111/2290 1884/2206/2291
f 1884/2206/2291 1886/2208/2293 1885/2207/2292
f 1885/2207/2292 1886/2208/2293 579/110/2294
f 579/110/2294 1886/2208/2293 580/109/2289
f 580/109/2289 1886/2208/2293 1883/2205/2287
f 1884/2206/2291 1883/2205/2287 1886/2208/2293
f 1885/2207/2292 579/110/2294 597/111/2290
f 1887/2209/2295 608/112/2296 615/109/2297
f 1887/2209/2295 1888/2210/2298 608/112/2296
f 608/112/2296 1888/2210/2298 610/111/2299
f 610/111/2299 1888/2210/2298 1889/2211/2300
f 610/111/2299 1889/2211/2300 611/110/2301
f 611/110/2301 1889/2211/2300 615/109/2297
f 1890/2212/2302 615/109/2297 1889/2211/2300
f 1887/2209/2295 615/109/2297 1890/2212/2302
f 1890/2212/2302 1888/2210/2298 1887/2209/2295
f 1890/2212/2302 1889/2211/2300 1888/2210/2298
f 1891/2213/2303 596/112/2304 609/109/2305
f 1891/2213/2303 1892/2214/2306 596/112/2304
f 596/112/2304 1892/2214/2306 595/111/2307
f 595/111/2307 1892/2214/2306 1893/2215/2308
f 595/111/2307 1893/2215/2308 599/110/2309
f 599/110/2309 1893/2215/2308 609/109/2305
f 1894/2216/2310 609/109/2305 1893/2215/2308
f 1891/2213/2303 609/109/2305 1894/2216/2310
f 1894/2216/2310 1892/2214/2306 1891/2213/2303
f 1894/2216/2310 1893/2215/2308 1892/2214/2306
f 1895/2217/2311 730/112/2312 714/109/2313
f 730/112/2312 1896/2218/2314 726/111/2315
f 730/112/2312 1895/2217/2311 1896/2218/2314
f 1897/2219/2316 1896/2218/2314 1895/2217/2311
f 1895/2217/2311 714/109/2313 1897/2219/2316
f 1898/2220/2317 1897/2219/2316 714/109/2313
f 716/110/2318 1898/2220/2317 714/109/2313
f 726/111/2315 1898/2220/2317 716/110/2318
f 726/111/2315 1896/2218/2314 1898/2220/2317
f 1897/2219/2316 1898/2220/2317 1896/2218/2314
f 1899/2221/2319 1900/2222/2320 1901/2223/2321
f 1902/2224/2322 1903/2225/2323 1904/2226/2324
f 1905/2227/2325 1903/2225/2323 1902/2224/2322
f 1905/2227/2325 1906/2228/2326 1903/2225/2323
f 1903/2225/2323 1906/2228/2326 1907/2229/2327
f 1908/2230/2328 1909/2231/2329 1910/2232/2330
f 1910/2232/2330 1911/2233/2331 1908/2230/2328
f 1908/2230/2328 1911/2233/2331 1912/2234/2332
f 1913/2235/2333 1912/2234/2332 1911/2233/2331
f 1907/2229/2327 1912/2234/2332 1913/2235/2333
f 1907/2229/2327 1913/2235/2333 1914/2236/2334
f 1914/2236/2334 1903/2225/2323 1907/2229/2327
f 1914/2236/2334 1915/2237/2335 1903/2225/2323
f 1904/2226/2324 1903/2225/2323 1915/2237/2335
f 617/2238/725 1904/2226/2324 1915/2237/2335
f 616/2239/724 1904/2226/2324 617/2238/725
f 618/2240/726 1904/2226/2324 616/2239/724
f 1902/2224/2322 1904/2226/2324 618/2240/726
f 619/2241/727 1902/2224/2322 618/2240/726
f 620/2242/728 1902/2224/2322 619/2241/727
f 620/2242/728 1916/2243/2336 1902/2224/2322
f 1916/2243/2336 1917/2244/2337 1902/2224/2322
f 1917/2244/2337 1905/2227/2325 1902/2224/2322
f 1917/2244/2337 1918/2245/2338 1919/2246/2339
f 1905/2227/2325 1917/2244/2337 1919/2246/2339
f 1920/2247/2340 1905/2227/2325 1919/2246/2339
f 1920/2247/2340 1919/2246/2339 1921/2248/2341
f 1922/2249/2342 1921/2248/2341 1919/2246/2339
f 1922/2249/2342 1919/2246/2339 1918/2245/2338
f 1922/2249/2342 1918/2245/2338 1923/2250/2343
f 1923/2250/2343 1918/2245/2338 1924/2251/2344
f 1923/2250/2343 1924/2251/2344 1925/2252/2345
f 1926/2253/2346 1925/2252/2345 1924/2251/2344
f 1927/2254/2347 1926/2253/2346 1924/2251/2344
f 1927/2254/2347 1928/2255/2348 1926/2253/2346
f 1929/2256/2349 1928/2255/2348 1927/2254/2347
f 1929/2256/2349 1930/2257/2350 1928/2255/2348
f 648/2258/756 1930/2257/2350 1929/2256/2349
f 1930/2257/2350 648/2258/756 1931/2259/2351
f 649/2260/757 1931/2259/2351 648/2258/756
f 622/2261/730 1931/2259/2351 649/2260/757
f 617/2262/725 1931/2259/2351 622/2261/730
f 1929/2256/2349 1927/2254/2347 1932/2263/2352
f 1933/2264/2353 1930/2257/2350 1931/2259/2351
f 648/2258/756 1929/2256/2349 647/2265/755
f 647/2265/755 1929/2256/2349 1932/2263/2352
f 647/2265/755 1932/2263/2352 646/2266/754
f 646/2266/754 1932/2263/2352 645/2267/753
f 645/2267/753 1932/2263/2352 1934/2268/2354
f 1934/2268/2354 1932/2263/2352 1927/2254/2347
f 1934/2268/2354 1927/2254/2347 1935/2269/2355
f 1924/2251/2344 1935/2269/2355 1927/2254/2347
f 1935/2269/2355 1924/2251/2344 1918/2245/2338
f 645/2267/753 1934/2268/2354 644/2270/752
f 1936/2271/2356 1928/2255/2348 1930/2257/2350
f 1936/2271/2356 1930/2257/2350 1937/2272/2357
f 1933/2264/2353 1937/2272/2357 1930/2257/2350
f 1933/2264/2353 1938/2273/2358 1937/2272/2357
f 1933/2264/2353 1939/2274/2359 1938/2273/2358
f 1939/2274/2359 1940/2275/2360 1938/2273/2358
f 1939/2274/2359 1941/2276/2361 1940/2275/2360
f 1940/2275/2360 1941/2276/2361 1942/2277/2362
f 1941/2276/2361 1943/2278/2363 1942/2277/2362
f 1936/2271/2356 1937/2272/2357 1938/2273/2358
f 1936/2271/2356 1938/2273/2358 1944/2279/2364
f 1944/2279/2364 1945/2280/2365 1936/2271/2356
f 1928/2255/2348 1936/2271/2356 1945/2280/2365
f 1945/2280/2365 1926/2253/2346 1928/2255/2348
f 617/2262/725 1915/2281/2335 1931/2259/2351
f 1933/2264/2353 1931/2259/2351 1915/2281/2335
f 1933/2264/2353 1915/2281/2335 1914/2282/2334
f 1913/2283/2333 1933/2264/2353 1914/2282/2334
f 1939/2274/2359 1933/2264/2353 1913/2283/2333
f 1913/2283/2333 1911/2284/2331 1939/2274/2359
f 1941/2276/2361 1939/2274/2359 1911/2284/2331
f 1910/2285/2330 1941/2276/2361 1911/2284/2331
f 1910/2285/2330 1943/2278/2363 1941/2276/2361
f 1943/2278/2363 1910/2285/2330 1946/2286/2366
f 1942/2277/2362 1943/2278/2363 1946/2286/2366
f 1947/2287/2367 1942/2277/2362 1946/2286/2366
f 1947/2287/2367 1948/2288/2368 1942/2277/2362
f 1948/2288/2368 1940/2275/2360 1942/2277/2362
f 1940/2275/2360 1948/2288/2368 1949/2289/2369
f 1940/2275/2360 1949/2289/2369 1938/2273/2358
f 1950/2290/2370 1938/2273/2358 1949/2289/2369
f 1950/2290/2370 1944/2279/2364 1938/2273/2358
f 1947/2287/2367 1946/2286/2366 1951/2291/2371
f 1952/2292/2372 1951/2291/2371 1946/2286/2366
f 1946/2286/2366 1910/2285/2330 1952/2292/2372
f 1953/2293/2373 1951/2291/2371 1952/2292/2372
f 1953/2293/2373 1954/2294/2374 1951/2291/2371
f 1955/2295/2375 1954/2294/2374 1956/2296/2376
f 1955/2295/2375 1951/2291/2371 1954/2294/2374
f 1951/2291/2371 1955/2295/2375 1957/2297/2377
f 1951/2291/2371 1957/2297/2377 1947/2287/2367
f 1958/2298/2378 1947/2287/2367 1957/2297/2377
f 1947/2287/2367 1958/2298/2378 1948/2288/2368
f 1958/2298/2378 1959/2299/2379 1948/2288/2368
f 1960/2300/2380 1948/2288/2368 1959/2299/2379
f 1960/2300/2380 1959/2299/2379 1961/2301/2381
f 1961/2301/2381 1962/2302/2382 1960/2300/2380
f 1961/2301/2381 1963/2303/2383 1962/2302/2382
f 1962/2302/2382 1963/2303/2383 1964/2304/2384
f 1964/2304/2384 1963/2303/2383 1965/2305/2385
f 1965/2305/2385 1966/2306/2386 1964/2304/2384
f 1965/2305/2385 1967/2307/2387 1966/2306/2386
f 1967/2307/2387 1968/2308/2388 1966/2306/2386
f 1967/2307/2387 1909/2231/2329 1968/2308/2388
f 1908/2230/2328 1968/2308/2388 1909/2231/2329
f 1960/2300/2380 1962/2302/2382 1969/2309/2389
f 1962/2302/2382 1968/2308/2388 1969/2309/2389
f 1962/2302/2382 1966/2306/2386 1968/2308/2388
f 1962/2302/2382 1964/2304/2384 1966/2306/2386
f 1970/2310/2390 1959/2299/2379 1958/2298/2378
f 1965/2305/2385 1953/2311/2373 1952/2312/2372
f 1952/2312/2372 1967/2307/2387 1965/2305/2385
f 1952/2312/2372 1909/2231/2329 1967/2307/2387
f 1952/2312/2372 1910/2232/2330 1909/2231/2329
f 1963/2303/2391 1961/2301/2381 1971/2313/2392
f 1970/2310/2390 1961/2301/2381 1959/2299/2379
f 1971/2313/2392 1961/2301/2381 1970/2310/2390
f 1971/2313/2392 1970/2310/2390 1972/2314/2393
f 1963/2303/2391 1971/2313/2392 1972/2314/2393
f 1972/2314/2393 1973/2315/2394 1963/2303/2391
f 1965/2305/2385 1963/2303/2391 1973/2315/2394
f 1974/2316/2395 1965/2305/2385 1973/2315/2394
f 1965/2305/2385 1974/2316/2395 1953/2311/2373
f 1954/2317/2374 1953/2311/2373 1974/2316/2395
f 1954/2317/2374 1974/2316/2395 1956/2318/2376
f 1975/2319/2396 1956/2318/2376 1974/2316/2395
f 1975/2319/2396 1974/2316/2395 1973/2315/2394
f 1975/2319/2396 1973/2315/2394 1976/2320/2397
f 1976/2320/2397 1973/2315/2394 1977/2321/2398
f 1972/2314/2393 1977/2321/2398 1973/2315/2394
f 1977/2321/2398 1972/2314/2393 1978/2322/2399
f 1970/2310/2390 1978/2322/2399 1972/2314/2393
f 1970/2310/2390 1979/2323/2400 1978/2322/2399
f 1970/2310/2390 1958/2298/2378 1979/2323/2400
f 1979/2323/2400 1958/2298/2378 1957/2297/2377
f 1980/2324/2401 1981/2325/2402 1982/2326/2403
f 1983/2327/2404 372/2328/442 371/2329/441
f 1983/2327/2404 1984/2330/2405 372/2328/442
f 1983/2327/2404 1901/2223/2406 1984/2330/2405
f 1901/2223/2406 426/2331/2407 1984/2330/2405
f 1984/2330/2405 426/2331/2407 1981/2325/2402
f 426/2331/2407 433/2332/2408 1981/2325/2402
f 370/2333/440 381/2334/451 1985/2335/2409
f 381/2334/451 1986/2336/2410 1985/2335/2409
f 1986/2336/2410 381/2334/451 1987/2337/2411
f 382/2338/452 1987/2337/2411 381/2334/451
f 1988/2339/2412 1987/2337/2411 382/2338/452
f 1988/2339/2412 1989/2340/2413 1987/2337/2411
f 382/2338/452 387/2341/457 1990/2342/2414
f 382/2338/452 1990/2342/2414 1988/2339/2412
f 1990/2342/2414 1991/2343/2415 1988/2339/2412
f 1991/2343/2415 406/2344/476 1988/2339/2412
f 406/2344/476 408/2345/2416 1988/2339/2412
f 1988/2339/2412 408/2345/2416 420/2346/2417
f 1988/2339/2412 420/2346/2417 1989/2340/2413
f 1989/2340/2413 420/2346/2417 419/2347/2418
f 419/2347/2418 1992/2348/2419 1989/2340/2413
f 1992/2348/2419 419/2347/2418 425/2349/2420
f 1992/2348/2419 425/2349/2420 1900/2222/2421
f 1900/2222/2421 1993/2350/2422 1992/2348/2419
f 1993/2350/2422 1900/2222/2421 1994/2351/2423
f 1994/2351/2423 1995/2352/2424 1993/2350/2422
f 1995/2352/2424 1994/2351/2423 370/2333/440
f 370/2333/440 782/2353/908 1995/2352/2424
f 370/2333/440 1985/2335/2409 782/2353/908
f 1985/2335/2409 780/2354/906 782/2353/908
f 780/2354/906 1985/2335/2409 1986/2336/2410
f 780/2354/906 1986/2336/2410 676/2355/790
f 676/2355/790 1986/2336/2410 1987/2337/2411
f 676/2355/790 1987/2337/2411 677/2356/791
f 677/2356/791 1987/2337/2411 1989/2340/2413
f 677/2356/791 1989/2340/2413 680/2357/794
f 1992/2348/2419 680/2357/794 1989/2340/2413
f 1992/2348/2419 681/2358/795 680/2357/794
f 681/2358/795 1992/2348/2419 1993/2350/2422
f 1993/2350/2422 777/2359/903 681/2358/795
f 777/2359/903 1993/2350/2422 1995/2352/2424
f 777/2359/903 1995/2352/2424 782/2353/908
f 374/2360/444 373/2361/443 1996/2362/2425
f 374/2360/444 1996/2362/2425 1997/2363/2426
f 1996/2362/2425 1982/2326/2427 1997/2363/2426
f 1982/2326/2427 464/2364/2428 1997/2363/2426
f 464/2364/2428 1998/2365/2429 1997/2363/2426
f 465/2366/2430 1998/2365/2429 464/2364/2428
f 1994/2367/2431 1999/2368/2432 2000/2369/2433
f 1994/2367/2431 2000/2369/2433 370/2370/2434
f 2000/2369/2433 371/2371/2435 370/2370/2434
f 371/2371/2435 2000/2369/2433 1999/2368/2432
f 371/2371/2435 1999/2368/2432 1983/2372/2436
f 2001/2373/2437 2002/2374/2438 2003/2375/2439
f 2002/2374/2438 2004/2376/2440 2003/2375/2439
f 426/2377/2441 2005/2378/2442 425/2379/2443
f 425/2379/2443 2005/2378/2442 2006/2380/2444
f 2007/2381/2445 2006/2380/2444 2005/2378/2442
f 2001/2373/2437 2006/2380/2444 2007/2381/2445
f 2001/2373/2437 2007/2381/2445 2008/2382/2446
f 2001/2373/2437 2008/2382/2446 2002/2374/2438
f 2008/2382/2446 2009/2383/2447 2002/2374/2438
f 2002/2374/2438 2009/2383/2447 2004/2376/2440
f 2004/2376/2440 2009/2383/2447 2010/2384/2448
f 2010/2384/2448 2011/2385/2449 2004/2376/2440
f 2012/2386/2450 2011/2385/2449 2010/2384/2448
f 2012/2386/2450 2005/2378/2442 2011/2385/2449
f 2005/2378/2442 2012/2386/2450 2007/2381/2445
f 2007/2381/2445 2012/2386/2450 2010/2384/2448
f 2007/2381/2445 2010/2384/2448 2009/2383/2447
f 2008/2382/2446 2007/2381/2445 2009/2383/2447
f 426/2377/2441 2011/2385/2449 2005/2378/2442
f 1901/2387/2321 2011/2385/2449 426/2377/2441
f 1901/2387/2321 2004/2376/2440 2011/2385/2449
f 425/2379/2443 2006/2380/2444 1900/2388/2320
f 1900/2389/2320 1999/2390/2432 1994/2391/2431
f 1900/2389/2320 1899/2392/2319 1999/2390/2432
f 1983/2393/2436 1999/2390/2432 1899/2392/2319
f 1899/2392/2319 1901/2394/2321 1983/2393/2436
f 1981/2395/2402 2013/2396/2451 1984/2397/2452
f 1981/2395/2402 1980/2398/2401 2013/2396/2451
f 1996/2399/2453 2013/2396/2451 1980/2398/2401
f 1996/2399/2453 1980/2398/2401 1982/2400/2403
f 1984/2367/2452 2013/2368/2451 2014/2369/2454
f 1984/2367/2452 2014/2369/2454 372/2370/2455
f 2014/2369/2454 373/2371/2456 372/2370/2455
f 373/2371/2456 2014/2369/2454 2013/2368/2451
f 373/2371/2456 2013/2368/2451 1996/2401/2453
f 2015/2402/2457 1981/2403/2402 433/2404/2408
f 2016/2405/2458 2017/2406/2459 2015/2402/2457
f 1981/2403/2402 2015/2402/2457 2017/2406/2459
f 1981/2403/2402 2017/2406/2459 1982/2407/2403
f 1982/2407/2403 2017/2406/2459 2018/2408/2460
f 1982/2407/2403 2018/2408/2460 464/2409/2461
f 433/2404/2408 464/2409/2461 2018/2408/2460
f 2019/2410/2462 2018/2408/2460 2017/2406/2459
f 2017/2406/2459 2020/2411/2463 2019/2410/2462
f 2021/2412/2464 2020/2411/2463 2017/2406/2459
f 2021/2412/2464 2017/2406/2459 2016/2405/2458
f 2022/2413/2465 2021/2412/2464 2016/2405/2458
f 2016/2405/2458 2015/2402/2457 2022/2413/2465
f 2022/2413/2465 2015/2402/2457 2023/2414/2466
f 433/2404/2408 2023/2414/2466 2015/2402/2457
f 433/2404/2408 2024/2415/2467 2023/2414/2466
f 433/2404/2408 2018/2408/2460 2024/2415/2467
f 2024/2415/2467 2018/2408/2460 2019/2410/2462
f 2024/2415/2467 2019/2410/2462 2025/2416/2468
f 2025/2416/2468 2019/2410/2462 2020/2417/2463
f 2025/2416/2468 2020/2417/2463 2023/2418/2466
f 2026/2419/2469 2023/2418/2466 2020/2417/2463
f 2026/2419/2469 2020/2417/2463 2021/2412/2464
f 2022/2413/2465 2026/2419/2469 2021/2412/2464
f 2022/2413/2465 2023/2414/2466 2026/2419/2469
f 2024/2415/2467 2025/2416/2468 2023/2414/2466
f 2003/2420/2439 2006/2421/2444 2001/2422/2437
f 2003/2420/2439 2004/2423/2440 2006/2421/2444
f 1900/2424/2320 2004/2424/2440 1901/2424/2321
f 1900/2424/2320 2006/2424/2444 2004/2424/2440
f 2027/2425/2470 2028/2426/2471 2029/2427/2472
f 2027/2425/2470 1998/2428/2429 2028/2426/2471
f 2030/2429/2473 467/2430/2474 2031/2431/2475
f 467/2430/2474 2030/2429/2473 2032/2432/2476
f 467/2430/2474 2032/2432/2476 465/2433/2430
f 465/2433/2430 2032/2432/2476 1998/2428/2429
f 2033/2434/2477 1998/2428/2429 2032/2432/2476
f 2033/2434/2477 2028/2426/2471 1998/2428/2429
f 2033/2434/2477 2034/2435/2478 2028/2426/2471
f 2029/2427/2472 2028/2426/2471 2034/2435/2478
f 2029/2427/2472 2034/2435/2478 2035/2436/2479
f 2027/2425/2470 2029/2427/2472 2035/2436/2479
f 2027/2425/2470 2035/2436/2479 2036/2437/2480
f 2036/2437/2480 1998/2428/2429 2027/2425/2470
f 2036/2437/2480 2037/2438/2481 1998/2428/2429
f 2037/2438/2481 2031/2431/2475 1998/2428/2429
f 2031/2431/2475 2037/2438/2481 2034/2435/2478
f 2034/2435/2478 2038/2439/2482 2031/2431/2475
f 2033/2434/2477 2038/2439/2482 2034/2435/2478
f 2033/2434/2477 2030/2429/2473 2038/2439/2482
f 2033/2434/2477 2032/2432/2476 2030/2429/2473
f 2035/2436/2479 2037/2438/2481 2036/2437/2480
f 2035/2436/2479 2034/2435/2478 2037/2438/2481
f 2038/2439/2482 2030/2429/2473 2031/2431/2475
f 2039/2440/2483 468/2441/2484 2040/2442/2485
f 2041/2443/2486 2042/2444/2487 2043/2445/2488
f 2042/2444/2487 2040/2442/2485 2043/2445/2488
f 2042/2444/2487 2039/2440/2489 2040/2442/2485
f 2039/2446/2483 467/2447/2490 468/2448/2484
f 2031/2449/2491 467/2447/2490 2039/2446/2483
f 2031/2449/2491 2039/2446/2483 2044/2450/2492
f 2039/2446/2483 375/2451/445 2044/2450/2492
f 2039/2446/2483 376/2452/446 375/2451/445
f 2042/2368/2487 2041/2372/2486 377/2371/2493
f 2042/2368/2487 377/2371/2493 2045/2369/2494
f 2039/2367/2489 2042/2368/2487 2045/2369/2494
f 2045/2369/2494 376/2370/2495 2039/2367/2489
f 2045/2369/2494 377/2371/2493 376/2370/2495
f 2046/2368/2496 2044/2372/2497 375/2371/2498
f 2046/2368/2496 375/2371/2498 2047/2369/2499
f 1997/2367/2500 2046/2368/2496 2047/2369/2499
f 1997/2367/2500 2047/2369/2499 374/2370/2501
f 2047/2369/2499 375/2371/2498 374/2370/2501
f 2048/2453/2502 2049/2454/2503 2050/2455/2504
f 2048/2453/2502 2051/2456/2505 2049/2454/2503
f 2051/2456/2505 2052/2457/2506 2049/2454/2503
f 2051/2456/2505 2053/2458/2507 2052/2457/2506
f 2053/2458/2507 2054/2459/2508 2055/2460/2509
f 2053/2458/2507 2055/2460/2509 2052/2457/2506
f 2056/2461/2510 2052/2457/2506 2055/2460/2509
f 2057/2462/2511 2052/2457/2506 2056/2461/2510
f 2058/2463/2512 2052/2457/2506 2057/2462/2511
f 2059/2464/2513 2052/2457/2506 2058/2463/2512
f 2060/2465/2514 2052/2457/2506 2059/2464/2513
f 2061/2466/2515 2052/2457/2506 2060/2465/2514
f 2062/2467/2516 2052/2457/2506 2061/2466/2515
f 2063/2468/2517 2052/2457/2506 2062/2467/2516
f 2064/2469/2518 2052/2457/2506 2063/2468/2517
f 2065/2470/2519 2052/2457/2506 2064/2469/2518
f 2065/2470/2519 2049/2454/2520 2052/2457/2506
f 2066/2471/2521 2049/2454/2520 2065/2470/2519
f 2050/2455/2522 2049/2454/2520 2066/2471/2521
f 2067/2472/2523 2050/2455/2522 2066/2471/2521
f 2046/2473/2496 2031/2474/2475 2044/2475/2497
f 2046/2473/2496 1998/2476/2429 2031/2474/2475
f 2046/2473/2496 1997/2477/2500 1998/2476/2429
f 2054/2460/2508 2056/2478/2524 2055/2479/2509
f 2054/2460/2508 2068/2461/2525 2056/2478/2524
f 2068/2461/2525 2057/2480/2526 2056/2478/2524
f 2068/2461/2525 2069/2462/2527 2057/2480/2526
f 2069/2462/2527 2058/2481/2528 2057/2480/2526
f 2069/2462/2527 2070/2463/2529 2058/2481/2528
f 2070/2463/2529 2059/2482/2530 2058/2481/2528
f 2070/2463/2529 2071/2483/2531 2059/2482/2530
f 2054/2460/2508 2072/2484/2532 2068/2461/2525
f 2068/2461/2525 2072/2484/2532 2073/2485/2533
f 2068/2461/2525 2073/2485/2533 2069/2462/2527
f 2069/2462/2527 2073/2485/2533 2074/2486/2534
f 2069/2462/2527 2074/2486/2534 2070/2463/2529
f 2070/2463/2529 2074/2486/2534 2075/2487/2535
f 2070/2463/2529 2075/2487/2535 2071/2483/2531
f 2071/2483/2531 2075/2487/2535 2076/2488/2536
f 2071/2483/2531 2076/2488/2536 2077/2489/2537
f 2076/2488/2536 2078/2490/2538 2077/2489/2537
f 2077/2489/2537 2078/2490/2538 2061/2466/2539
f 2062/2467/2540 2061/2466/2539 2078/2490/2538
f 2062/2467/2540 2078/2490/2538 2079/2491/2541
f 2079/2491/2541 2063/2492/2542 2062/2467/2540
f 2079/2491/2541 2080/2493/2543 2063/2492/2542
f 2079/2491/2541 2081/2494/2544 2080/2493/2543
f 2080/2493/2543 2081/2494/2544 2082/2495/2545
f 2082/2495/2545 2081/2494/2544 2083/2496/2546
f 2079/2491/2541 2083/2496/2546 2081/2494/2544
f 2083/2496/2546 2079/2491/2541 2078/2490/2538
f 2076/2488/2536 2083/2496/2546 2078/2490/2538
f 2080/2493/2543 2082/2495/2545 2084/2469/2547
f 2071/2483/2531 2060/2465/2548 2059/2464/2530
f 2071/2483/2531 2077/2489/2537 2060/2465/2548
f 2077/2489/2537 2061/2466/2539 2060/2465/2548
f 2085/2497/2549 2086/2498/2550 2087/2499/2551
f 2088/2500/2552 2087/2499/2551 2086/2498/2550
f 2088/2500/2552 2089/2501/2553 2087/2499/2551
f 2090/2502/2554 2089/2501/2553 2088/2500/2552
f 2090/2502/2554 2091/2503/2555 2089/2501/2553
f 2072/2484/2532 2089/2501/2553 2091/2503/2555
f 2072/2484/2532 2091/2503/2555 2073/2485/2533
f 2073/2485/2533 2091/2503/2555 2076/2488/2536
f 2073/2485/2533 2076/2488/2536 2074/2486/2534
f 2075/2487/2535 2074/2486/2534 2076/2488/2536
f 2092/2504/2556 2087/2499/2551 2089/2501/2553
f 2092/2504/2556 2089/2501/2553 2072/2484/2532
f 2091/2503/2555 2083/2496/2546 2076/2488/2536
f 2082/2495/2545 2083/2496/2546 2091/2503/2555
f 2082/2495/2545 2091/2503/2555 2090/2502/2554
f 2084/2469/2547 2082/2495/2545 2090/2502/2554
f 2084/2469/2547 2090/2502/2554 2093/2470/2557
f 2093/2470/2557 2090/2502/2554 2088/2500/2552
f 2093/2470/2557 2088/2500/2552 2094/2471/2558
f 2094/2471/2558 2088/2500/2552 2086/2498/2550
f 2094/2471/2558 2086/2498/2550 2095/2472/2559
f 2095/2472/2559 2086/2498/2550 2085/2497/2549
f 2095/2472/2559 2085/2497/2549 2048/2455/2502
f 2048/2455/2502 2085/2497/2549 2051/2505/2505
f 2051/2505/2505 2085/2497/2549 2087/2499/2551
f 2096/2506/2560 2051/2505/2505 2087/2499/2551
f 2092/2504/2556 2096/2506/2560 2087/2499/2551
f 2053/2457/2507 2096/2506/2560 2092/2504/2556
f 2053/2457/2507 2092/2504/2556 2054/2460/2508
f 2054/2460/2508 2092/2504/2556 2072/2484/2532
f 2051/2505/2505 2096/2506/2560 2053/2457/2507
f 2095/2507/2559 2050/2455/2504 2067/2508/2561
f 2095/2507/2559 2048/2509/2502 2050/2455/2504
f 2080/2492/2543 2064/2469/2562 2063/2468/2542
f 2080/2492/2543 2084/2510/2547 2064/2469/2562
f 2084/2510/2547 2065/2470/2563 2064/2469/2562
f 2084/2510/2547 2093/2511/2557 2065/2470/2563
f 2093/2511/2557 2066/2471/2564 2065/2470/2563
f 2093/2511/2557 2094/2512/2558 2066/2471/2564
f 2094/2512/2558 2067/2472/2561 2066/2471/2564
f 2094/2512/2558 2095/2507/2559 2067/2472/2561
f 2097/2513/2565 2098/2514/2566 2099/2515/2567
f 2097/2513/2565 2100/2516/2568 2098/2514/2566
f 2098/2514/2566 2100/2516/2568 2101/2517/2569
f 2102/2518/2570 2103/2519/2571 40/40/43
f 47/47/51 40/40/43 2103/2519/2571
f 2099/2515/2567 47/47/51 2103/2519/2571
f 2099/2515/2567 240/2520/270 47/47/51
f 2099/2515/2567 242/2521/272 240/2520/270
f 2099/2515/2567 2098/2514/2566 242/2521/272
f 2104/2522/2572 242/2521/272 2098/2514/2566
f 2098/2514/2566 2101/2517/2569 2104/2522/2572
f 2105/2523/2573 2104/2522/2572 2101/2517/2569
f 2105/2523/2573 2101/2517/2569 2106/2524/2574
f 2106/2524/2574 2101/2517/2569 2100/2516/2568
f 2106/2524/2574 2100/2516/2568 2107/2525/2575
f 2097/2513/2565 2107/2525/2575 2100/2516/2568
f 2097/2513/2565 2108/2526/2576 2107/2525/2575
f 2109/2527/2577 2108/2526/2576 2097/2513/2565
f 2109/2527/2577 244/2528/274 2108/2526/2576
f 244/2528/274 2109/2527/2577 233/2529/263
f 2109/2527/2577 228/2530/258 233/2529/263
f 40/40/43 39/39/42 2110/2531/2578
f 2109/2527/2577 40/40/43 2110/2531/2578
f 2109/2527/2577 2102/2518/2570 40/40/43
f 2097/2513/2565 2102/2518/2570 2109/2527/2577
f 2099/2515/2567 2102/2518/2570 2097/2513/2565
f 2099/2515/2567 2103/2519/2571 2102/2518/2570
f 2109/2527/2577 2110/2531/2578 228/2530/258
f 2110/2531/2578 227/2532/257 228/2530/258
f 2110/2531/2578 39/39/42 227/2532/257
f 227/2532/257 39/39/42 38/38/41
f 607/2533/715 2111/2534/2579 2112/2535/2580
f 607/2533/715 2112/2535/2580 620/2536/728
f 2113/2537/2581 620/2536/728 2112/2535/2580
f 2113/2537/2581 1916/2538/2336 620/2536/728
f 312/373/357 2114/2539/2582 313/374/358
f 2114/2539/2582 312/373/357 125/372/2583
f 125/372/2583 2115/2540/2584 2114/2539/2582
f 37/2541/2585 2114/2539/2582 2115/2540/2584
f 2114/2539/2582 37/2541/2585 36/2542/2586
f 2114/2539/2582 36/2542/2586 313/374/358
f 313/374/358 36/2542/2586 187/2543/213
f 313/374/358 187/2543/213 314/375/359
f 189/2544/215 314/375/359 187/2543/213
f 189/2544/215 136/376/360 314/375/359
f 459/2545/2587 2113/2546/2581 2112/2547/2580
f 2112/2547/2580 2116/2548/2588 459/2545/2587
f 2112/2547/2580 2117/2549/2589 2116/2548/2588
f 2111/2550/2579 2117/2549/2589 2112/2547/2580
f 2111/2550/2579 483/2551/2590 2117/2549/2589
f 126/142/2591 2118/835/2592 124/140/2593
f 126/142/2591 2119/836/2594 2118/835/2592
f 2119/836/2594 126/142/2591 136/153/360
f 124/140/2593 2115/834/2584 125/141/2583
f 124/140/2593 2118/835/2592 2115/834/2584
f 224/833/2595 2115/834/2584 2118/835/2592
f 216/2552/2596 224/833/2595 2118/835/2592
f 2119/836/2594 216/2552/2596 2118/835/2592
f 2119/836/2594 202/2553/2597 216/2552/2596
f 202/2553/2597 2119/836/2594 136/153/360
f 136/153/360 189/838/215 202/2553/2597
f 224/833/2595 37/832/2585 2115/834/2584
f 2120/2554/2598 2121/2555/2599 2122/2556/2600
f 2120/2554/2598 2123/2557/2601 2121/2555/2599
f 2122/2558/2600 2121/2559/2599 1991/2560/2415
f 1991/2560/2415 2124/2561/2602 2122/2558/2600
f 2125/2562/2603 2122/2558/2600 2124/2561/2602
f 2125/2562/2603 2120/2563/2598 2122/2558/2600
f 1990/2564/2414 2124/2565/2602 1991/2566/2415
f 1990/2564/2414 2125/2567/2603 2124/2565/2602
f 2125/2372/2603 386/2370/456 2120/2367/2598
f 2125/2372/2603 387/2371/457 386/2370/456
f 2126/2568/2604 2127/2569/2605 2128/2570/2606
f 2126/2568/2604 2128/2570/2606 2129/2571/2607
f 2126/2568/2604 2129/2571/2607 2130/2572/2608
f 2130/2572/2608 2129/2571/2607 2131/2573/2609
f 2130/2572/2608 2131/2573/2609 2127/2569/2605
f 406/109/476 2127/2569/2605 2131/2573/2609
f 1991/110/2415 2127/2569/2605 406/109/476
f 1991/110/2415 2128/2570/2606 2127/2569/2605
f 2121/111/2599 2128/2570/2606 1991/110/2415
f 2121/111/2599 2129/2571/2607 2128/2570/2606
f 418/112/488 2129/2571/2607 2121/111/2599
f 418/112/488 2131/2573/2609 2129/2571/2607
f 406/109/476 2131/2573/2609 418/112/488
f 2130/2572/2608 2127/2569/2605 2126/2568/2604
f 2132/2574/2610 2133/2575/2611 2134/2576/2612
f 242/270/272 2104/2577/2572 243/271/273
f 2135/2578/2613 243/271/273 2104/2577/2572
f 2135/2578/2613 2104/2577/2572 2105/2579/2573
f 2106/2580/2574 2135/2578/2613 2105/2579/2573
f 2106/2580/2574 2136/2581/2614 2135/2578/2613
f 2132/2574/2610 2136/2581/2614 2106/2580/2574
f 2137/2582/2615 2136/2581/2614 2132/2574/2610
f 2132/2574/2610 2134/2576/2612 2137/2582/2615
f 2134/2576/2612 243/271/273 2137/2582/2615
f 2134/2576/2612 241/269/271 243/271/273
f 239/266/269 241/269/271 2134/2576/2612
f 239/266/269 2134/2576/2612 237/264/267
f 235/262/265 237/264/267 2134/2576/2612
f 235/262/265 2134/2576/2612 2133/2575/2611
f 2133/2575/2611 244/272/274 235/262/265
f 2133/2575/2611 2108/2583/2576 244/272/274
f 2107/2584/2575 2108/2583/2576 2133/2575/2611
f 2107/2584/2575 2133/2575/2611 2132/2574/2610
f 2132/2574/2610 2106/2580/2574 2107/2584/2575
f 2135/2578/2613 2137/2582/2615 243/271/273
f 2137/2582/2615 2135/2578/2613 2136/2581/2614
f 2138/2585/2616 635/2586/743 638/2587/746
f 638/2587/746 2139/2588/2617 2138/2585/2616
f 3/2589/3 2138/2585/2616 2139/2588/2617
f 2139/2588/2617 1/2590/1 3/2589/3
f 635/2591/743 2140/2592/2618 603/2593/711
f 635/2591/743 2138/2594/2616 2140/2592/2618
f 5/2595/5 2140/2592/2618 2138/2594/2616
f 2138/2594/2616 3/2596/3 5/2595/5
f 2141/2597/2619 449/2598/2620 448/2599/2621
f 448/2599/2621 2142/2600/2622 2141/2597/2619
f 2142/2600/2622 1918/2601/2338 2141/2597/2619
f 2142/2600/2622 1935/2602/2355 1918/2601/2338
f 2143/2603/2623 450/2604/2624 449/2605/2620
f 449/2605/2620 2141/2606/2619 2143/2603/2623
f 2141/2606/2619 1917/2607/2337 2143/2603/2623
f 2141/2606/2619 1918/2608/2338 1917/2607/2337
f 463/111/2625 2144/2609/2626 2145/2610/2627
f 2145/2610/2627 462/110/2628 463/111/2625
f 2145/2610/2627 2146/2611/2629 462/110/2628
f 462/110/2628 2146/2611/2629 483/109/2630
f 2147/2612/2631 483/109/2630 2146/2611/2629
f 2147/2612/2631 2117/112/2632 483/109/2630
f 2147/2612/2631 463/111/2625 2117/112/2632
f 2144/2609/2626 463/111/2625 2147/2612/2631
f 2144/2609/2626 2147/2612/2631 2146/2611/2629
f 2144/2609/2626 2146/2611/2629 2145/2610/2627
f 2123/2613/2601 2120/2614/2598 386/2615/456
f 2148/848/2633 2149/851/2634 1957/853/2635
f 2150/850/2636 2149/851/2634 2148/848/2633
f 2150/850/2636 2151/849/2637 2149/851/2634
f 2152/858/2638 2151/849/2637 2150/850/2636
f 2152/858/2638 2150/850/2636 2153/857/2639
f 2154/666/2640 2152/858/2638 2153/857/2639
f 2154/666/2640 2153/857/2639 2155/669/2641
f 2156/859/2642 2155/669/2641 2153/857/2639
f 2157/860/2643 2156/859/2642 2153/857/2639
f 2158/862/2644 2156/859/2642 2157/860/2643
f 2157/860/2643 2159/861/2645 2158/862/2644
f 2160/856/2646 2159/861/2645 2157/860/2643
f 2157/860/2643 2153/857/2639 2160/856/2646
f 2153/857/2639 2150/850/2636 2160/856/2646
f 2161/855/2647 2160/856/2646 2150/850/2636
f 2161/855/2647 2150/850/2636 2148/848/2633
f 2161/855/2647 2148/848/2633 1955/852/2648
f 2148/848/2633 1957/853/2635 1955/852/2648
f 2161/855/2647 1955/852/2648 1956/854/2649
f 2158/862/2644 2162/863/2650 2156/859/2642
f 2163/651/2651 2164/652/2652 2165/649/2653
f 2163/651/2651 2166/650/2654 2164/652/2652
f 2167/654/2655 2165/649/2653 2164/652/2652
f 2165/649/2653 2167/654/2655 2159/657/2645
f 2165/649/2653 2159/657/2645 2160/658/2646
f 2163/651/2651 2165/649/2653 2160/658/2646
f 2163/651/2651 2160/658/2646 2161/659/2647
f 1956/665/2649 2163/651/2651 2161/659/2647
f 1956/665/2649 1975/660/2656 2163/651/2651
f 1975/660/2656 2166/650/2654 2163/651/2651
f 1975/660/2656 1976/661/2657 2166/650/2654
f 2168/642/2658 2169/646/2659 2170/643/2660
f 2168/642/2658 2171/641/2661 2169/646/2659
f 2172/640/2662 2169/646/2659 2171/641/2661
f 2173/611/2663 2172/640/2662 2171/641/2661
f 2162/610/2650 2172/640/2662 2173/611/2663
f 2162/610/2650 2158/648/2644 2172/640/2662
f 2174/656/2664 2172/640/2662 2158/648/2644
f 2159/657/2645 2174/656/2664 2158/648/2644
f 2159/657/2645 2175/655/2665 2174/656/2664
f 2159/657/2645 2167/654/2655 2175/655/2665
f 2175/655/2665 2167/654/2655 2176/653/2666
f 2167/654/2655 2164/652/2652 2176/653/2666
f 2164/652/2652 2177/644/2667 2176/653/2666
f 2164/652/2652 2178/664/2668 2177/644/2667
f 2178/664/2668 2164/652/2652 2166/650/2654
f 2178/664/2668 2166/650/2654 2179/663/2669
f 2179/663/2669 2166/650/2654 1976/661/2657
f 2179/663/2669 1976/661/2657 1977/662/2670
f 2172/640/2662 2180/647/2671 2169/646/2659
f 2174/656/2664 2180/647/2671 2172/640/2662
f 2175/655/2665 2180/647/2671 2174/656/2664
f 2180/647/2671 2175/655/2665 2181/645/2672
f 2175/655/2665 2176/653/2666 2181/645/2672
f 2170/643/2660 2181/645/2672 2176/653/2666
f 2170/643/2660 2176/653/2666 2177/644/2667
f 2169/646/2659 2181/645/2672 2170/643/2660
f 2180/647/2671 2181/645/2672 2169/646/2659
f 2173/611/2663 2171/641/2661 2182/613/2673
f 2171/641/2661 2183/614/2674 2182/613/2673
f 2171/641/2661 2168/642/2658 2183/614/2674
f 416/2616/486 418/2617/488 2121/2618/2599
f 416/2616/486 2121/2618/2599 1144/2619/1341
f 1144/2619/1341 2121/2618/2599 2123/2620/2601
f 2123/2620/2601 1143/2621/1339 1144/2619/1341
f 1143/2621/1339 2123/2620/2601 386/2622/456
f 1143/2621/1339 386/2622/456 385/2623/455
f 385/2623/455 1142/2624/1337 1143/2621/1339
f 385/2623/455 1141/2625/1364 1142/2624/1337
f 385/2623/455 388/2626/1367 1141/2625/1364
f 2156/859/2675 2184/2627/2676 2155/669/2677
f 2184/2627/2676 2156/859/2675 2162/863/2678
f 2162/863/2678 2185/2628/2679 2184/2627/2676
f 2186/2629/2680 2187/2630/2681 2188/2631/2682
f 2186/2629/2680 2188/2631/2682 2189/2632/2683
f 2186/2629/2680 2189/2632/2683 2190/2633/2684
f 2190/2633/2684 2191/2634/2685 2186/2629/2680
f 2192/2635/2686 2193/2636/2687 2194/2637/2688
f 2192/2635/2686 2195/2638/2689 2193/2636/2687
f 2196/2639/2690 2193/2636/2687 2195/2638/2689
f 2186/2640/2680 2193/2636/2687 2196/2639/2690
f 2125/2641/2603 1990/2642/2414 387/2643/457
f 2197/2644/2691 2198/2645/2692 2191/2646/2685
f 2197/2644/2691 2199/2647/2693 2198/2645/2692
f 2197/2644/2691 2200/2648/2694 2199/2647/2693
f 2201/2649/2695 2202/2650/2696 2203/2651/2697
f 2203/2651/2697 2204/2652/2698 2201/2649/2695
f 2203/2651/2697 2205/2653/2699 2204/2652/2698
f 2204/2652/2698 2205/2653/2699 2206/2654/2700
f 2207/2655/2701 2208/2656/2702 2200/2657/2703
f 2197/2658/2704 2207/2655/2701 2200/2657/2703
f 2197/2658/2704 2209/2659/2705 2207/2655/2701
f 2197/2658/2704 2190/2660/2684 2209/2659/2705
f 2190/2660/2684 2210/2661/2706 2209/2659/2705
f 2190/2660/2684 2202/2650/2696 2210/2661/2706
f 2210/2661/2706 2202/2650/2696 2211/2662/2707
f 2201/2649/2695 2211/2662/2707 2202/2650/2696
f 2212/2663/2708 2211/2662/2707 2201/2649/2695
f 2204/2652/2698 2212/2663/2708 2201/2649/2695
f 2204/2652/2698 2195/2664/2709 2212/2663/2708
f 2196/2665/2710 2195/2664/2709 2204/2652/2698
f 2196/2665/2710 2204/2652/2698 2206/2654/2700
f 2196/2665/2710 2206/2654/2700 2187/2666/2681
f 2206/2654/2700 2205/2653/2699 2187/2666/2681
f 2205/2653/2699 2188/2667/2682 2187/2666/2681
f 2205/2653/2699 2203/2651/2697 2188/2667/2682
f 2202/2650/2696 2188/2667/2682 2203/2651/2697
f 2209/2659/2705 2210/2661/2706 2207/2655/2701
f 2210/2661/2706 2211/2662/2707 2207/2655/2701
f 2207/2655/2701 2211/2662/2707 2208/2656/2702
f 2212/2663/2708 2208/2656/2702 2211/2662/2707
f 2197/2658/2704 2191/2668/2685 2190/2660/2684
f 2196/2665/2710 2187/2666/2681 2186/2669/2680
f 2188/2667/2682 2202/2650/2696 2189/2670/2683
f 2190/2660/2684 2189/2670/2683 2202/2650/2696
f 2213/2671/2711 2214/2672/2712 2215/2673/2713
f 2213/2671/2711 2216/2674/2714 2214/2672/2712
f 2217/2675/2715 2218/2676/2716 2219/2677/2717
f 2217/2675/2715 2220/2678/2718 2218/2676/2716
f 2218/2676/2716 2220/2678/2718 2221/2679/2719
f 2221/2679/2719 2220/2678/2718 2222/2680/2720
f 2221/2679/2719 2222/2680/2720 2223/2681/2721
f 2223/2681/2721 2222/2680/2720 2224/2682/2722
f 2223/2681/2721 2224/2682/2722 2225/2683/2723
f 2225/2683/2723 2224/2682/2722 2226/2684/2724
f 2225/2683/2723 2226/2684/2724 2227/2685/2725
f 2226/2684/2724 2213/2671/2711 2227/2685/2725
f 2213/2671/2711 2228/2686/2726 2227/2685/2725
f 2213/2671/2711 2215/2673/2713 2228/2686/2726
f 2229/2687/2727 2228/2686/2726 2215/2673/2713
f 2229/2687/2727 2215/2673/2713 2214/2672/2712
f 2229/2687/2727 2214/2672/2712 1950/2290/2728
f 1950/2290/2728 2214/2672/2712 1944/2279/2729
f 1944/2279/2729 2214/2672/2712 2216/2674/2714
f 1944/2279/2729 2216/2674/2714 1945/2280/2730
f 2230/2688/2731 2226/2684/2724 2224/2682/2722
f 2226/2684/2724 2230/2688/2731 2231/2689/2732
f 2217/2675/2715 1920/2247/2733 2220/2678/2718
f 1921/2248/2734 2220/2678/2718 1920/2247/2733
f 1921/2248/2734 2222/2680/2720 2220/2678/2718
f 1922/2249/2735 2222/2680/2720 1921/2248/2734
f 1922/2249/2735 2224/2682/2722 2222/2680/2720
f 1923/2250/2736 2224/2682/2722 1922/2249/2735
f 1923/2250/2736 2230/2688/2731 2224/2682/2722
f 1925/2252/2737 2230/2688/2731 1923/2250/2736
f 1925/2252/2737 2231/2689/2732 2230/2688/2731
f 1926/2253/2738 2231/2689/2732 1925/2252/2737
f 2232/2690/2739 2228/2686/2726 2229/2687/2727
f 2232/2690/2739 2233/2691/2740 2228/2686/2726
f 2233/2691/2740 2227/2685/2725 2228/2686/2726
f 2233/2691/2740 2234/2692/2741 2227/2685/2725
f 2235/2693/2742 2234/2692/2741 2233/2691/2740
f 2235/2693/2742 2236/2694/2743 2234/2692/2741
f 2223/2681/2721 2225/2683/2723 2227/2685/2725
f 2223/2681/2721 2227/2685/2725 2234/2692/2741
f 2234/2692/2741 2221/2679/2719 2223/2681/2721
f 2234/2692/2741 2236/2694/2743 2221/2679/2719
f 2218/2676/2716 2221/2679/2719 2236/2694/2743
f 2235/2693/2742 2218/2676/2716 2236/2694/2743
f 2235/2693/2742 2237/2695/2744 2218/2676/2716
f 2238/2696/2745 2237/2695/2744 2235/2693/2742
f 2238/2696/2745 2239/2697/2746 2237/2695/2744
f 2240/2698/2747 2239/2697/2746 2238/2696/2745
f 2240/2698/2747 2241/2699/2748 2239/2697/2746
f 2240/2698/2747 2242/2700/2749 2241/2699/2748
f 2241/2699/2748 2242/2700/2749 1950/2290/2728
f 2229/2687/2727 1950/2290/2728 2242/2700/2749
f 2229/2687/2727 2242/2700/2749 2243/2701/2750
f 2243/2701/2750 2232/2690/2739 2229/2687/2727
f 2244/2702/2751 2232/2690/2739 2243/2701/2750
f 2233/2691/2740 2232/2690/2739 2244/2702/2751
f 2233/2691/2740 2244/2702/2751 2245/2703/2752
f 2235/2693/2742 2233/2691/2740 2245/2703/2752
f 2238/2696/2745 2235/2693/2742 2245/2703/2752
f 2244/2702/2751 2238/2696/2745 2245/2703/2752
f 2244/2702/2751 2240/2698/2747 2238/2696/2745
f 2240/2698/2747 2244/2702/2751 2243/2701/2750
f 2240/2698/2747 2243/2701/2750 2242/2700/2749
f 2246/2704/2753 2247/2705/2754 2248/2706/2755
f 2246/2704/2753 2248/2706/2755 2249/2707/2756
f 2249/2707/2756 2248/2706/2755 1907/2229/2327
f 2248/2706/2755 2250/2708/2757 1907/2229/2327
f 1912/2234/2332 1907/2229/2327 2250/2708/2757
f 2250/2708/2757 2251/2709/2758 1912/2234/2332
f 1912/2234/2332 2251/2709/2758 2239/2697/2759
f 2252/2710/2760 2239/2697/2759 2251/2709/2758
f 2252/2710/2760 2237/2695/2744 2239/2697/2759
f 2247/2705/2761 2237/2695/2744 2252/2710/2760
f 2246/2704/2762 2237/2695/2744 2247/2705/2761
f 2237/2695/2744 2246/2704/2762 2218/2676/2716
f 2253/2711/2763 2218/2676/2716 2246/2704/2762
f 2254/2712/2764 2218/2676/2716 2253/2711/2763
f 2219/2677/2717 2218/2676/2716 2254/2712/2764
f 2252/2710/2760 2251/2709/2758 2250/2708/2757
f 2255/2713/2765 2249/2707/2756 1907/2229/2327
f 2255/2713/2765 2254/2712/2766 2253/2711/2767
f 2255/2713/2765 2256/2714/2768 2254/2712/2766
f 2256/2714/2768 2255/2713/2765 1907/2229/2327
f 2257/2715/2769 2256/2714/2768 1907/2229/2327
f 1906/2228/2326 2257/2715/2769 1907/2229/2327
f 2257/2715/2769 1906/2228/2326 2217/2675/2770
f 2217/2675/2770 1906/2228/2326 1905/2227/2325
f 1905/2227/2325 1920/2247/2340 2217/2675/2770
f 2257/2715/2769 2217/2675/2770 2219/2677/2771
f 350/2716/2772 644/2717/752 1934/2718/2354
f 1935/2719/2355 2142/2720/2622 1934/2718/2354
f 350/2716/2772 1934/2718/2354 2142/2720/2622
f 2142/2720/2622 448/2721/2621 350/2716/2772
f 2140/2722/2618 5/2723/5 482/2724/2773
f 603/2725/711 2111/2726/2579 607/2727/715
f 603/2725/711 2140/2722/2618 2111/2726/2579
f 482/2724/2773 2111/2726/2579 2140/2722/2618
f 482/2724/2773 483/2728/2590 2111/2726/2579
f 644/2729/752 350/2730/2772 643/2731/751
f 1/2732/1 643/2731/751 350/2730/2772
f 1/2732/1 2139/2733/2617 643/2731/751
f 2139/2733/2617 638/2734/746 643/2731/751
f 469/2735/2774 4/2736/4 3/2737/3
f 2043/2738/2775 469/2735/2774 3/2737/3
f 2041/2739/2776 2043/2738/2775 3/2737/3
f 2/2740/2 2041/2739/2776 3/2737/3
f 2/2740/2 377/2741/447 2041/2739/2776
f 2258/2742/2777 1950/2290/2370 1949/2289/2369
f 2258/2742/2777 2241/2699/2778 1950/2290/2370
f 2259/2743/2779 2241/2699/2778 2258/2742/2777
f 2259/2743/2779 2239/2697/2759 2241/2699/2778
f 1912/2234/2332 2239/2697/2759 2259/2743/2779
f 1912/2234/2332 2259/2743/2779 1908/2230/2328
f 1968/2308/2388 1908/2230/2328 2259/2743/2779
f 2258/2742/2777 1968/2308/2388 2259/2743/2779
f 2258/2742/2777 1969/2309/2389 1968/2308/2388
f 2260/2744/2780 1969/2309/2389 2258/2742/2777
f 1960/2300/2380 1969/2309/2389 2260/2744/2780
f 1960/2300/2380 2260/2744/2780 1948/2288/2368
f 1948/2288/2368 2260/2744/2780 1949/2289/2369
f 2260/2744/2780 2258/2742/2777 1949/2289/2369
f 2261/2745/2781 2262/2746/2782 2254/111/2764
f 2261/2745/2781 2254/111/2764 2256/112/2783
f 2263/2747/2784 2261/2745/2781 2256/112/2783
f 2263/2747/2784 2256/112/2783 2257/109/2785
f 2263/2747/2784 2257/109/2785 2219/110/2717
f 2219/110/2717 2264/2748/2786 2263/2747/2784
f 2264/2748/2786 2219/110/2717 2254/111/2764
f 2264/2748/2786 2254/111/2764 2262/2746/2782
f 2262/2746/2782 2263/2747/2784 2264/2748/2786
f 2262/2746/2782 2261/2745/2781 2263/2747/2784
f 2265/2749/2787 2266/2750/2788 2246/111/2789
f 2265/2749/2787 2246/111/2789 2249/112/2790
f 2249/112/2790 2267/2751/2791 2265/2749/2787
f 2249/112/2790 2255/109/2792 2267/2751/2791
f 2253/110/2793 2267/2751/2791 2255/109/2792
f 2253/110/2793 2268/2752/2794 2267/2751/2791
f 2268/2752/2794 2253/110/2793 2246/111/2789
f 2268/2752/2794 2246/111/2789 2266/2750/2788
f 2266/2750/2788 2267/2751/2791 2268/2752/2794
f 2266/2750/2788 2265/2749/2787 2267/2751/2791
f 2269/2753/2795 2270/2754/2796 2252/111/2797
f 2269/2753/2795 2252/111/2797 2250/112/2798
f 2269/2753/2795 2250/112/2798 2271/2755/2799
f 2248/109/2800 2271/2755/2799 2250/112/2798
f 2248/109/2800 2247/110/2801 2271/2755/2799
f 2247/110/2801 2272/2756/2802 2271/2755/2799
f 2272/2756/2802 2247/110/2801 2252/111/2797
f 2272/2756/2802 2252/111/2797 2270/2754/2796
f 2270/2754/2796 2271/2755/2799 2272/2756/2802
f 2270/2754/2796 2269/2753/2795 2271/2755/2799
f 2216/2674/2714 1926/2253/2738 1945/2280/2730
f 2216/2674/2714 2273/2757/2803 1926/2253/2738
f 1926/2253/2738 2273/2757/2803 2231/2689/2732
f 2274/2758/2804 2231/2689/2732 2273/2757/2803
f 2226/2684/2724 2231/2689/2732 2274/2758/2804
f 2226/2684/2724 2274/2758/2804 2213/2671/2711
f 2213/2671/2711 2274/2758/2804 2275/2759/2805
f 2275/2759/2805 2216/2674/2714 2213/2671/2711
f 2275/2759/2805 2273/2757/2803 2216/2674/2714
f 2274/2758/2804 2273/2757/2803 2275/2759/2805
f 732/112/2806 2276/2760/2807 731/111/2808
f 732/112/2806 2277/2761/2809 2276/2760/2807
f 2276/2760/2807 2277/2761/2809 2278/2762/2810
f 2277/2761/2809 732/112/2806 2278/2762/2810
f 729/109/2811 2278/2762/2810 732/112/2806
f 2279/2763/2812 2278/2762/2810 729/109/2811
f 728/110/2813 2279/2763/2812 729/109/2811
f 731/111/2808 2279/2763/2812 728/110/2813
f 731/111/2808 2276/2760/2807 2279/2763/2812
f 2276/2760/2807 2278/2762/2810 2279/2763/2812
f 463/550/2814 2116/2764/2588 2117/2765/2589
f 463/550/2814 461/548/2815 2116/2764/2588
f 463/550/2814 460/547/2816 461/548/2815
f 514/618/2817 2280/2766/2818 512/616/2819
f 511/2767/609 2280/2766/2818 514/618/2817
f 514/618/2817 510/621/608 511/2767/609
f 2281/2768/2820 2282/2769/2821 2283/2770/2822
f 2281/2768/2820 2284/2771/2823 2282/2769/2821
f 2284/2771/2823 2285/2772/2824 2282/2769/2821
f 2284/2771/2823 2286/2773/2825 2285/2772/2824
f 2286/2773/2825 1640/2774/2826 1641/2775/2827
f 2286/2773/2825 2284/2771/2823 1640/2774/2826
f 2284/2771/2823 1639/2776/2828 1640/2774/2826
f 2284/2771/2823 2281/2768/2820 1639/2776/2828
f 2281/2768/2820 1638/2777/2829 1639/2776/2828
f 2281/2768/2820 2287/2778/2830 1638/2777/2829
f 2287/2778/2830 1637/2779/2831 1638/2777/2829
f 2287/2778/2830 2288/2780/2832 1637/2779/2831
f 2288/2780/2832 1636/2781/2833 1637/2779/2831
f 2288/2780/2832 2289/2782/2834 1636/2781/2833
f 2289/2782/2834 1635/2783/2835 1636/2781/2833
f 2289/2782/2834 2290/2784/2836 1635/2783/2835
f 2290/2784/2836 1634/2785/2837 1635/2783/2835
f 2290/2784/2836 2291/2786/2838 1634/2785/2837
f 2291/2786/2838 1633/2787/2839 1634/2785/2837
f 2291/2786/2838 2292/2788/2840 1633/2787/2839
f 2292/2788/2840 1631/2789/2841 1633/2787/2839
f 2292/2788/2840 2293/2790/2842 1631/2789/2841
f 2294/2791/2843 2295/2792/2844 2296/2793/2845
f 2294/2791/2843 2297/2794/2846 2295/2792/2844
f 2297/2794/2846 2298/2795/2847 2295/2792/2844
f 2297/2794/2846 2293/2790/2842 2298/2795/2847
f 2293/2790/2842 2299/2796/2848 2298/2795/2847
f 2293/2790/2842 2292/2788/2840 2299/2796/2848
f 2292/2788/2840 2300/2797/2849 2299/2796/2848
f 2292/2788/2840 2291/2786/2838 2300/2797/2849
f 2291/2786/2838 2301/2798/2850 2300/2797/2849
f 2291/2786/2838 2290/2784/2836 2301/2798/2850
f 2290/2784/2836 2302/2799/2851 2301/2798/2850
f 2290/2784/2836 2289/2782/2834 2302/2799/2851
f 2289/2782/2834 2303/2800/2852 2302/2799/2851
f 2289/2782/2834 2288/2780/2832 2303/2800/2852
f 2288/2780/2832 2304/2801/2853 2303/2800/2852
f 2288/2780/2832 2287/2778/2830 2304/2801/2853
f 2287/2778/2830 2283/2770/2822 2304/2801/2853
f 2287/2778/2830 2281/2768/2820 2283/2770/2822
f 2293/2790/2842 1632/2802/2854 1631/2789/2841
f 2293/2790/2842 2297/2794/2846 1632/2802/2854
f 2297/2794/2846 1642/2803/2855 1632/2802/2854
f 2297/2794/2846 2294/2791/2843 1642/2803/2855
f 2294/2791/2843 1641/2804/2827 1642/2803/2855
f 2294/2791/2843 2286/2805/2825 1641/2804/2827
f 2286/2805/2825 2294/2791/2843 2296/2793/2845
f 2286/2805/2825 2296/2793/2845 2285/2806/2824
f 2305/2807/2856 458/109/2857 459/110/2858
f 459/110/2858 2306/2808/2859 2305/2807/2856
f 459/110/2858 2116/111/2860 2306/2808/2859
f 461/112/2861 2306/2808/2859 2116/111/2860
f 2307/2809/2862 2306/2808/2859 461/112/2861
f 2307/2809/2862 461/112/2861 458/109/2857
f 458/109/2857 2308/2810/2863 2307/2809/2862
f 2308/2810/2863 458/109/2857 2305/2807/2856
f 2308/2810/2863 2305/2807/2856 2306/2808/2859
f 2308/2810/2863 2306/2808/2859 2307/2809/2862
f 2309/635/2864 1978/636/2865 1979/638/2866
f 1979/638/2866 1957/639/2635 2149/634/2634
f 1979/638/2866 2149/634/2634 2309/635/2864
f 2309/635/2864 2149/634/2634 2151/633/2637
f 2309/635/2864 2151/633/2637 2310/628/2867
f 2310/628/2867 2151/633/2637 2152/632/2638
f 2310/628/2867 2152/632/2638 2311/627/2868
f 2311/627/2868 2152/632/2638 2154/631/2640
f 2311/627/2868 2154/631/2640 2312/626/2869
f 2313/619/2870 2311/627/2868 2312/626/2869
f 2313/619/2870 2310/628/2867 2311/627/2868
f 2313/619/2870 2314/625/2871 2310/628/2867
f 2309/635/2864 2310/628/2867 2314/625/2871
f 2309/635/2864 2314/625/2871 2315/629/2872
f 2309/635/2864 2315/629/2872 1978/636/2865
f 2315/629/2872 1977/637/2670 1978/636/2865
f 2315/629/2872 2179/630/2669 1977/637/2670
f 2315/629/2872 2178/624/2668 2179/630/2669
f 2315/629/2872 2314/625/2871 2178/624/2668
f 2178/624/2668 2314/625/2871 2313/619/2870
f 2177/623/2667 2178/624/2668 2313/619/2870
f 2177/623/2667 2313/619/2870 2316/617/2873
f 2168/620/2658 2177/623/2667 2316/617/2873
f 2316/617/2873 2183/621/2674 2168/620/2658
f 2316/617/2873 2317/618/2874 2183/621/2674
f 2317/618/2874 2316/617/2873 2318/616/2875
f 2313/619/2870 2318/616/2875 2316/617/2873
f 2168/620/2658 2170/622/2660 2177/623/2667
f 2319/2767/2876 2183/621/2877 2317/618/2878
f 2317/618/2878 2320/2766/2879 2319/2767/2876
f 2318/616/2880 2320/2766/2879 2317/618/2878
f 2321/2811/2881 2295/2812/2882 2298/2813/2883
f 2321/2811/2881 2296/2814/2884 2295/2812/2882
f 2321/2811/2881 2285/2815/2885 2296/2814/2884
f 2321/2811/2881 2282/2816/2885 2285/2815/2885
f 2321/2811/2881 2283/2817/2885 2282/2816/2885
f 2321/2811/2881 2304/2818/2885 2283/2817/2885
f 2321/2811/2881 2303/2819/2885 2304/2818/2885
f 2321/2811/2881 2302/2820/2885 2303/2819/2885
f 2321/2811/2881 2301/2821/2885 2302/2820/2885
f 2321/2811/2881 2300/2822/2886 2301/2821/2885
f 2321/2811/2881 2299/2823/2887 2300/2822/2886
f 2321/2811/2881 2298/2813/2883 2299/2823/2887
f 2143/2824/2623 1917/2825/2337 1916/2826/2336
f 1916/2826/2336 2113/2827/2581 2143/2824/2623
f 450/2828/2624 2143/2824/2623 2113/2827/2581
f 450/2828/2624 2113/2827/2581 459/2829/2587
f 2322/671/2888 2154/631/2889 2323/672/2890
f 2322/671/2888 2312/626/2891 2154/631/2889
f 2312/626/2891 2322/671/2888 2324/673/2892
f 2312/626/2891 2324/673/2892 2313/619/2893
f 2324/673/2892 2318/616/2894 2313/619/2893
f 2324/673/2892 2325/674/2895 2318/616/2894
f 2173/611/2896 2326/606/2897 2162/610/2678
f 2326/606/2897 2173/611/2896 2182/613/2898
f 2326/606/2897 2182/613/2898 2327/612/2899
f 2327/612/2899 2182/613/2898 2183/614/2877
f 2327/612/2899 2183/614/2877 2319/615/2876
f 2327/612/2899 2319/615/2876 2328/608/2900
f 2328/608/2900 2326/606/2897 2327/612/2899
f 2328/608/2900 2329/607/2901 2326/606/2897
f 2329/607/2901 2162/610/2678 2326/606/2897
f 2329/607/2901 2185/609/2679 2162/610/2678
f 2212/2830/2902 2195/2831/2689 2192/2832/2686
f 2186/2833/2680 2191/2834/2685 2198/2835/2692
f 2186/2833/2680 2198/2835/2692 2193/2836/2687
f 2193/2836/2687 2198/2835/2692 2330/2837/2903
f 2199/2838/2693 2330/2837/2903 2198/2835/2692
f 2199/2838/2693 2331/2839/2904 2330/2837/2903
f 2332/2840/2905 2330/2837/2903 2331/2839/2904
f 2332/2840/2905 2331/2839/2904 2333/2841/2906
f 2333/2841/2906 2194/2842/2688 2332/2840/2905
f 2333/2841/2906 2192/2832/2686 2194/2842/2688
f 2192/2832/2686 2333/2841/2906 2334/2843/2907
f 2212/2830/2902 2192/2832/2686 2334/2843/2907
f 2334/2843/2907 2208/2844/2908 2212/2830/2902
f 2334/2843/2907 2335/2845/2909 2208/2844/2908
f 2200/2846/2694 2208/2844/2908 2335/2845/2909
f 2200/2846/2694 2335/2845/2909 2199/2838/2693
f 2199/2838/2693 2335/2845/2909 2331/2839/2904
f 2333/2841/2906 2331/2839/2904 2335/2845/2909
f 2333/2841/2906 2335/2845/2909 2334/2843/2907
f 2330/2837/2903 2332/2840/2905 2193/2836/2687
f 2194/2842/2688 2193/2836/2687 2332/2840/2905
f 504/2847/2910 503/2848/2911 505/2849/2912
f 505/2849/2912 511/2850/2913 504/2847/2910
f 2336/2851/2914 511/2850/2913 505/2849/2912
f 2336/2851/2914 2280/2852/2914 511/2850/2913
f 2336/2851/2914 512/846/2915 2280/2852/2914
f 2336/2851/2914 557/847/2915 512/846/2915
f 2325/844/2895 2155/847/2916 2318/846/2894
f 2325/844/2895 2337/845/2917 2155/847/2916
f 2324/840/2892 2337/845/2917 2325/844/2895
f 2324/840/2892 2338/843/2918 2337/845/2917
f 2323/841/2890 2338/843/2918 2324/840/2892
f 2323/841/2890 2324/840/2892 2322/842/2888
f 557/669/2919 2336/2627/2920 761/859/2921
f 506/863/604 761/859/2921 2336/2627/2920
f 2336/2627/2920 505/2628/603 506/863/604
f 2184/2851/2922 2318/846/2923 2155/847/2924
f 2184/2851/2922 2320/2852/2925 2318/846/2923
f 2320/2852/2925 2184/2851/2922 2185/2849/2926
f 2320/2852/2925 2185/2849/2926 2319/2850/2927
f 2328/2847/2928 2319/2850/2927 2185/2849/2926
f 2185/2849/2926 2329/2848/2929 2328/2847/2928
f 2339/2853/2930 2340/2854/2931 2341/2855/2932
f 2342/2856/2933 2339/2853/2930 2341/2855/2932
f 2341/2855/2932 2040/2857/2485 2342/2856/2933
f 2341/2855/2932 2340/2854/2931 2040/2857/2485
f 2340/2854/2931 2043/2858/2488 2040/2857/2485
f 2043/2858/2488 2340/2854/2931 2343/2859/2934
f 2343/2859/2934 469/2860/2935 2043/2858/2488
f 469/2860/2935 2343/2859/2934 2344/2861/2936
f 469/2860/2935 2344/2861/2936 468/2862/2484
f 2040/2857/2485 468/2862/2484 2344/2861/2936
f 2040/2857/2485 2344/2861/2936 2345/2863/2937
f 2342/2856/2933 2040/2857/2485 2345/2863/2937
f 2342/2856/2933 2345/2863/2937 2346/2864/2938
f 2342/2856/2933 2346/2864/2938 2339/2853/2930
f 2346/2864/2938 2347/2865/2939 2339/2853/2930
f 2339/2853/2930 2347/2865/2939 2340/2854/2931
f 2340/2854/2931 2347/2865/2939 2348/2866/2940
f 2348/2866/2940 2343/2859/2934 2340/2854/2931
f 2349/2867/2941 2343/2859/2934 2348/2866/2940
f 2349/2867/2941 2344/2861/2936 2343/2859/2934
f 2344/2861/2936 2349/2867/2941 2345/2863/2937
f 2345/2863/2937 2349/2867/2941 2348/2866/2940
f 2345/2863/2937 2348/2866/2940 2347/2865/2939
f 2346/2864/2938 2345/2863/2937 2347/2865/2939
f 2155/669/2916 2337/670/2917 2338/668/2918
f 2338/668/2918 2154/666/2889 2155/669/2916
f 2338/668/2918 2323/667/2890 2154/666/2889
