# Blender 5.0.1
# www.blender.org
mtllib combine.mtl
o Soldier_reference
v 5.669718 38.978008 -6.116329
v 5.718050 39.171692 -5.600098
v 6.657924 39.581654 -1.450353
v 5.731490 39.488461 2.801590
v 5.382414 39.512005 3.223203
v -2.264137 43.959198 9.335091
v -1.447964 43.804897 9.775437
v -1.853304 43.646233 9.532308
v -0.871443 43.616619 9.529870
v -1.305759 43.330532 9.279336
v -1.511929 44.157970 9.118292
v -1.944311 43.907249 9.131254
v -3.152863 45.422215 8.469532
v -3.720987 44.795856 8.516129
v -4.168545 43.760582 8.661122
v -2.774981 43.010902 9.303689
v -2.190582 43.119404 9.322251
v -1.401007 43.050808 9.215070
v -2.112040 43.667290 8.998712
v -2.380239 43.901985 9.010671
v -2.214764 44.189331 9.118307
v -1.918215 44.473370 9.088203
v -2.180538 44.618855 8.878819
v -2.374098 44.288460 8.823244
v -2.381817 44.492329 8.657667
v -2.320061 44.000648 8.663456
v -2.085617 44.673470 8.575678
v -4.581236 45.117332 8.558769
v -4.431898 46.165180 8.357979
v -3.258711 46.462643 8.563410
v -2.256029 45.708202 9.229786
v -1.779392 44.851364 9.708565
v -1.122055 44.259682 9.842026
v -0.600328 43.979271 9.556553
v -1.275967 44.514320 9.146919
v -5.307350 45.650940 8.105472
v -5.019985 46.449394 8.144336
v -4.367453 46.838631 8.912510
v -3.571957 46.795464 8.607496
v -2.414467 46.090767 8.939486
v -2.116867 46.407719 9.760595
v -1.053730 45.455185 10.450386
v -0.946690 44.382481 10.101837
v -0.365253 44.113209 9.740555
v -1.023989 44.643250 9.139275
v -1.715984 44.825043 9.010815
v -2.098040 46.230675 9.751668
v -1.977945 45.074432 8.587305
v -1.877190 45.159630 8.839937
v -1.476852 45.039955 8.927307
v -0.707542 44.590214 9.113384
v -0.194805 44.027359 10.002857
v -0.915249 44.615658 11.531229
v -0.629105 45.000710 11.171806
v -0.701488 45.437073 11.160112
v -1.111370 45.725441 11.375914
v -0.202816 45.415932 11.929407
v -0.061893 45.273735 11.631776
v 0.926439 45.170071 11.427185
v 0.784962 45.109959 11.159548
v -1.343084 45.108543 8.656305
v -0.164406 44.846546 11.508601
v 0.671343 44.749462 11.048740
v 0.608795 44.454914 11.365429
v -0.487972 44.558132 11.876685
v 1.188904 45.035969 11.127300
v 1.101326 44.638760 10.970877
v 1.103138 44.300251 11.300924
v 1.463989 44.269630 11.211506
v 1.500816 44.576916 10.902380
v 1.793392 44.410843 11.247934
v 1.868587 44.646450 11.068302
v 1.878277 44.658577 11.258158
v 1.577686 44.973991 11.010612
v 1.623089 45.033459 11.330187
v 1.247665 45.119682 11.449144
v -11.188564 50.036629 5.237825
v -7.628513 48.961601 7.273901
v -7.218094 49.052879 6.575508
v -10.531906 50.039673 4.272518
v -11.513016 50.291058 5.009199
v -12.249247 49.827271 4.942789
v -13.387718 48.430710 5.957782
v -10.541061 49.753613 4.016515
v -9.796535 49.537231 4.411182
v -8.980366 49.357780 4.930834
v -8.232899 48.907898 5.629661
v -7.315487 48.706467 6.213478
v -7.018589 48.641312 6.402385
v -7.178493 48.593513 6.865438
v -8.253628 48.667389 8.108240
v -7.996029 48.400616 7.949678
v -9.298576 47.031609 9.338734
v -9.028187 46.789307 9.165741
v -9.776608 45.832287 8.446642
v -9.541504 45.557213 8.362820
v -13.113998 46.450432 5.647739
v -12.879379 46.329464 5.366007
v -13.305923 48.604931 6.409637
v -12.867020 48.473228 6.556967
v -8.582184 48.801399 7.992404
v -9.707870 47.325912 9.094421
v -8.944843 49.545296 4.655700
v -8.966942 49.477676 4.872897
v -8.764069 49.477345 4.555948
v -9.483006 49.649620 4.053007
v -9.522564 49.677780 4.270259
v -9.714054 49.641357 4.397395
v -8.734142 49.358513 4.538990
v -9.520706 49.546585 3.988800
v -9.638618 49.674339 3.063047
v -6.551693 48.582962 5.743251
v -7.108265 48.681137 5.909418
v -7.999836 48.892838 5.286788
v -13.997566 48.502258 5.340866
v -13.465171 49.019665 4.721147
v -10.659231 49.257587 2.660884
v -10.070816 48.681602 3.050690
v -6.648914 48.116699 5.637321
v -5.253687 47.842621 6.882500
v -6.999432 48.263607 9.087591
v -8.073223 46.530548 10.333473
v -10.794714 48.647606 2.503526
v -6.557938 47.609673 9.286325
v -5.118067 47.374931 7.413601
v -7.564800 46.043571 10.364086
v -11.811438 48.010990 3.244571
v -11.890242 47.600178 2.959532
v -14.038502 48.714077 4.952613
v -15.633863 48.671761 4.583965
v -15.563684 46.759796 2.269642
v -13.600948 45.302132 4.479467
v -12.446793 45.196007 5.259396
v -9.877281 44.329063 7.697799
v -8.457367 43.895370 9.064265
v -7.785618 44.504166 9.447193
v -8.397664 50.495300 3.163066
v -8.817030 50.661194 3.159797
v -9.448458 50.146484 3.493457
v -8.858532 49.771095 3.571533
v -11.189306 48.886566 3.904077
v -10.860653 48.668091 3.856491
v -11.346162 47.495178 4.229166
v -11.472854 47.666191 4.316853
v -12.321886 47.629745 4.356686
v -13.732154 48.455284 4.874128
v -16.048738 49.023479 3.973548
v -15.823723 48.934288 1.297470
v -11.723078 47.900230 4.364567
v -11.168728 55.181942 -3.446684
v -7.579662 58.276337 -2.946113
v -8.391231 55.216534 -4.481504
v -10.243868 57.520916 -1.534754
v -6.060556 57.850307 0.228852
v -7.810786 57.703861 1.291073
v -8.132628 56.157902 2.489495
v -6.044875 53.780205 2.712367
v -6.745241 53.734795 3.176030
v -5.619510 52.864059 2.634917
v -6.356069 53.030014 2.824660
v -5.993343 52.228058 2.918374
v -6.721790 51.357208 2.843387
v -6.816347 51.240578 2.354934
v -8.968052 49.633926 3.063358
v -11.440532 47.380783 3.718723
v -7.740467 54.902802 3.505978
v -6.162556 51.984329 2.443900
v -5.776026 52.634369 2.170222
v -5.753774 53.690544 2.281185
v -5.560510 55.126442 1.909918
v -5.917942 53.370377 1.888378
v -11.914885 55.167603 1.433745
v -12.370159 53.665230 -0.552068
v -8.333799 55.359459 3.414910
v -9.074485 54.396164 3.395837
v -8.095936 53.363129 3.379073
v -7.588665 52.455368 2.770358
v -7.385271 51.807312 2.980012
v -7.787975 52.073357 2.990073
v -14.184949 51.555984 0.232448
v -13.426613 51.808273 -1.131829
v -12.496007 53.167618 -2.161686
v -7.960407 48.998192 5.345645
v -7.137493 48.802444 5.920337
v -7.302197 48.854225 6.084655
v -8.042587 49.022865 5.544170
v -5.875563 44.721390 8.457782
v -5.185310 43.767365 9.272729
v -6.413465 44.535229 9.137175
v -4.855917 44.175049 8.673870
v -4.542120 43.297722 9.183274
v -2.578758 43.750687 9.114125
v -2.558563 43.514000 8.876143
v -2.281389 43.115005 8.789044
v -2.563623 43.838783 8.755805
v -2.446245 43.448563 8.955113
v -1.688728 42.816013 8.922761
v -2.374134 42.517776 9.334477
v -2.606749 42.349743 9.796231
v -3.480215 42.686401 9.670114
v -1.646835 42.359123 9.137570
v -6.578760 45.272861 9.852372
v -0.666332 44.681671 12.045754
v -1.549892 45.242714 11.638744
v -1.438412 44.794731 11.611101
v -1.893867 44.978119 11.373563
v -1.688843 45.657013 11.481556
v -2.254694 45.325783 11.044327
v -1.755245 44.299435 11.173908
v -2.655960 44.814323 11.013916
v -3.166765 43.629990 10.699109
v -3.370178 45.154160 10.785275
v -3.889767 43.950188 10.447956
v -4.820797 45.934624 10.358139
v -5.140181 44.475182 10.180649
v -5.704088 46.923183 9.373326
v -5.253794 43.834908 9.748326
v -4.317274 43.259106 9.931500
v -2.483866 42.374382 10.354970
v -3.474821 42.883972 10.216947
v -2.431847 42.426792 9.674478
v -3.279245 46.034527 10.737324
v -4.401712 46.908016 9.935532
v -5.241886 47.025349 8.582154
v -4.338736 47.093708 9.431240
v -3.481880 47.222794 9.081128
v -3.627171 47.084694 8.722750
v -2.233549 46.950272 8.506058
v -2.263819 46.631645 10.239220
v -3.334448 46.873306 10.046923
v -3.323936 47.217609 9.404407
v -2.161671 47.105186 8.840783
v -1.591644 46.445000 8.967944
v -1.541162 46.684814 9.283498
v -1.157270 46.597580 9.515298
v -1.735100 46.717026 9.602080
v -1.437719 46.590160 9.766730
v -2.039127 46.563660 9.774213
v -1.705685 46.393181 9.962106
v -1.789421 46.149918 9.924694
v -1.401930 46.151138 10.255952
v -1.539627 45.905869 10.250462
v -0.991392 45.799278 10.592354
v -1.166636 46.327118 9.132241
v -1.810627 45.814842 10.770481
v -2.408203 46.912155 9.712001
v -2.444901 47.199028 9.274902
v -0.486713 45.366524 12.178841
v -0.668892 45.086281 12.205826
v -0.100618 44.935772 12.207066
v -0.084898 45.282902 12.172115
v 1.513573 44.895599 11.567862
v 0.962742 45.040150 11.763292
v 0.788639 45.056320 11.761520
v 0.655891 44.817204 11.868607
v -0.239895 44.586857 12.022747
v 0.916122 44.774780 11.832203
v 1.419613 44.679062 11.611397
v -2.272009 42.957397 10.711831
v -2.016363 43.754597 10.859136
v -1.412716 43.995213 10.895733
v 0.640102 44.514694 11.689362
v 0.829464 44.502674 11.648190
v 1.400101 44.375927 11.486738
v -1.852097 45.065426 8.447273
v -1.326401 45.017502 8.428165
v -1.380053 44.773064 8.374300
v -0.674520 44.173840 8.653645
v -0.612909 44.461674 8.687698
v -0.392069 43.763641 9.606328
v -0.271343 44.035820 9.727928
v -0.251804 43.799850 10.400575
v -0.440571 43.559830 10.435197
v -1.662544 44.406441 8.609703
v -1.059574 43.883995 8.814948
v -0.837585 43.487259 9.626599
v -0.760094 43.264790 10.099587
v -1.613674 43.451370 10.602956
v -1.280178 43.473186 8.829541
v -1.847525 43.944050 8.539938
v -1.180197 43.113007 9.457942
v -1.068180 42.856304 9.968873
v -2.043091 43.059895 10.419740
v -2.144159 42.698776 10.139047
v -1.293388 42.716595 9.677495
v -1.502808 42.942268 9.496890
v -1.586287 43.276703 8.899302
v -1.963562 43.649700 8.712489
v -2.032431 43.374191 8.722793
v -1.806528 43.088966 8.824864
v -1.708296 42.731262 9.367496
v -1.489143 42.472958 9.566506
v -1.639299 42.328362 9.360917
v -1.949509 42.587910 9.365571
v -2.054192 42.980934 8.735610
v -2.219961 43.228828 8.753018
v -6.325434 51.150307 0.944927
v -7.178873 50.832962 1.353626
v -11.386884 46.564198 1.626771
v -10.515979 47.473675 1.197312
v -9.656471 48.059902 1.314684
v -10.853004 45.977509 1.836266
v -8.131733 44.768063 3.932997
v -7.426712 46.854141 3.422614
v -11.556011 45.816700 1.165596
v -13.039574 45.429630 0.855901
v -12.541849 44.804764 2.998021
v -9.203442 44.093719 6.377989
v -7.753704 43.649681 7.623055
v -5.606659 44.176025 6.428523
v -5.449558 46.562874 5.695681
v -4.910397 46.261745 6.610291
v -5.262947 44.562561 7.388239
v -6.661231 44.005459 8.335108
v -15.285502 46.666603 0.194794
v -12.389305 50.349022 -1.478531
v -11.657485 51.815338 -2.310988
v -10.907188 47.488968 -0.347134
v -9.578835 49.240753 -0.973214
v -8.420776 47.907379 1.877472
v -6.694155 49.062988 1.288427
v -6.040730 49.804398 1.124948
v -8.808211 49.984688 -1.368069
v -10.538093 53.698803 -3.295489
v -8.479973 51.799019 -4.068593
v -8.457934 50.555668 -1.499688
v -5.729971 50.693886 1.060853
v -7.643325 51.829132 3.166787
v -8.495658 50.678757 3.257293
v -8.049251 59.555351 -1.464941
v -7.744221 59.454132 0.878872
v -6.841633 55.677643 3.049690
v -6.784294 55.478016 3.988961
v -5.592494 52.671345 6.665615
v -8.093607 50.006615 2.913986
v -8.806145 48.282154 -1.599329
v -8.405918 49.693619 -1.804880
v -7.908687 49.277664 -5.343166
v -6.648827 47.590321 -7.043548
v -8.442137 51.187084 -4.776864
v -0.376105 38.449253 -8.547596
v -2.458242 38.693302 -8.448804
v -2.646100 42.966084 -8.806460
v -6.888540 41.773651 -6.693692
v -2.663352 48.169250 -9.480818
v -7.110126 49.689064 -7.194765
v -7.766844 54.311554 -5.833797
v -7.828279 54.779625 -5.138885
v -7.859382 58.879951 -3.930299
v -0.624556 38.313377 -7.320119
v 2.244437 38.699860 -8.387370
v 6.616505 39.192703 -6.452300
v -0.220071 42.984932 -8.849180
v 0.334741 47.757973 -9.305767
v -3.108478 54.315548 -8.534636
v -7.089833 54.223717 -7.143709
v -6.987386 59.592014 -5.190237
v -6.928684 60.006073 -1.924278
v -6.966929 59.937916 0.823095
v -6.865203 58.417168 3.140504
v 0.960965 59.050003 -7.506505
v 0.830397 54.314377 -8.468690
v 4.166175 47.687870 -8.703751
v 2.363856 42.908119 -8.568979
v 6.848528 40.974182 -6.506458
v 7.784536 46.499580 -5.554941
v 8.378796 48.573383 -5.600425
v 5.338490 53.698063 -7.833370
v 8.430893 53.382885 -6.335813
v 8.525575 48.747486 -4.676551
v 8.289648 47.509186 -4.802480
v 8.040794 47.089348 -4.561719
v 8.008224 45.742710 -4.683647
v 7.760617 44.774467 -4.803090
v 7.537004 43.389893 -4.976282
v 7.054735 41.666058 -5.580462
v 6.661890 40.219704 -5.730095
v 5.959749 59.473045 -6.828017
v 5.895247 59.852676 -5.910683
v 7.953945 59.428741 -4.833139
v 8.555218 53.368752 -5.907334
v 8.428007 58.682201 -4.279996
v -4.554657 59.407612 -7.209710
v 0.970409 59.454369 -6.589037
v 5.544619 58.821106 -4.539386
v 6.172458 59.203033 -4.086154
v 7.264749 59.371864 -4.058289
v 0.898593 58.407158 -5.920151
v -4.141880 59.540657 -4.406743
v -1.513825 58.806091 -4.806869
v -3.510130 59.593151 -4.003042
v -3.559133 59.230957 2.148710
v -4.747837 60.035423 2.406172
v -3.150234 59.215069 3.840292
v -4.069309 59.442310 0.004972
v -5.588635 60.425762 0.462965
v -3.773447 59.612659 -2.231560
v -5.502502 60.551357 -2.028579
v -4.975701 60.315716 -4.084953
v -4.335928 59.964466 -5.992591
v -4.434867 57.869904 4.595321
v 0.689364 58.005825 6.020502
v -2.536266 58.979713 3.458168
v -1.782996 58.906937 3.223483
v 0.727229 58.102604 3.950683
v 6.883987 58.614155 2.828152
v 7.174391 58.949791 3.142002
v 7.516444 58.395180 2.720376
v 8.180029 55.548653 4.125511
v 8.270250 55.269119 4.932356
v 7.235515 59.256817 3.795722
v 6.386570 59.040089 4.852781
v 4.911476 59.274380 4.084231
v 0.715830 58.143654 4.838558
v 0.726302 58.187851 4.331614
v 4.490719 58.268551 3.512025
v 3.365229 58.641815 3.309320
v 5.711664 58.769867 3.130516
v 8.085459 55.540108 3.572703
v 7.726153 56.635277 3.061373
v -0.013268 52.206017 7.897494
v 5.653994 51.896889 7.320581
v 7.845393 49.469135 4.727939
v 7.881926 49.034679 4.108502
v 7.614210 49.107147 3.654711
v 7.389705 47.761742 3.399863
v 7.340654 47.902721 3.927177
v 7.146876 47.361897 3.744112
v 6.761096 47.426167 4.528313
v 7.461425 47.848095 4.591439
v 5.134254 47.688541 6.482030
v 5.167446 48.052841 6.986672
v 7.211790 47.276299 3.309036
v -0.259766 48.145130 7.629993
v -5.900167 48.598183 6.973055
v -7.915646 48.766113 3.713487
v -8.513708 48.327976 3.190134
v -9.239538 44.562313 -1.331638
v -8.947100 42.341125 -1.415329
v -6.835525 39.244663 -6.413235
v -8.534376 39.471790 -0.939829
v -7.886079 41.802158 3.951576
v -8.223578 44.574146 3.789796
v -7.836840 47.968048 3.785116
v -5.830249 48.218323 6.498422
v -0.256816 47.666706 7.137393
v -5.792117 47.798004 7.051345
v -5.676514 38.334774 -6.106015
v -7.345155 38.345955 -0.919687
v -5.478374 38.514061 3.475087
v -6.837126 39.027210 3.407909
v -3.121832 41.526550 7.415403
v -4.251844 43.980171 7.413942
v -0.275069 47.146683 7.674680
v 5.054001 47.292725 7.011316
v 6.997008 46.983868 4.888323
v 7.402308 46.912457 3.954118
v -3.833619 39.062248 6.935856
v -3.684911 38.124538 5.704624
v 0.126855 41.489525 7.903525
v -1.102537 39.156120 7.260550
v 3.228679 39.375309 6.944279
v 0.790782 39.216869 7.154059
v 7.323863 45.628738 3.260649
v 7.426836 44.319122 2.976767
v 7.656118 43.307983 3.484852
v 7.303846 42.708496 3.014553
v 7.118471 41.563450 2.977273
v 6.936433 40.332619 3.303920
v 7.034318 41.870407 3.422245
v 6.625419 39.787449 3.569314
v 6.622396 39.728413 4.254156
v 6.159846 39.613277 3.938312
v 5.961862 39.694107 4.729853
v 3.139272 41.560097 7.265343
v -0.148039 43.895638 7.935384
v 6.540246 41.791927 5.198051
v 2.885878 43.965874 7.473790
v 6.901071 43.732185 5.278546
v 7.800626 43.416901 4.374965
v 7.243292 41.813072 4.292324
v 5.091515 39.509670 3.722479
v 2.874754 38.686298 5.562231
v -11.471658 47.892807 4.442068
v -11.054629 48.685211 4.049964
v -14.355270 51.743111 0.528995
v -15.935570 49.294365 1.527216
v -16.148415 49.516701 3.992456
v -12.608784 53.673134 -0.233548
v -12.136395 55.246887 1.947688
v -9.420220 54.552803 3.772372
v -8.414438 53.142593 3.579995
v -7.803596 52.555679 3.166095
v -9.549756 50.278709 3.898193
v -11.616923 49.541206 5.091707
v -11.985910 48.050575 4.671383
v -13.558867 48.715530 5.169540
v -14.144296 52.175308 3.064887
v -12.485452 54.752914 2.050208
v -9.622323 53.980415 3.810759
v -11.838745 51.373749 4.601058
v 2.468532 0.412305 16.755711
v 2.348636 -0.253535 16.739052
v 4.121506 -0.422877 16.669006
v 0.967795 -0.474716 15.442396
v 1.166867 0.276210 15.369972
v 2.541498 0.529688 16.521523
v 4.244131 0.273485 16.677053
v 4.227508 0.405289 16.445591
v 5.636587 -0.130171 15.269663
v 5.494795 -0.891374 15.340782
v 5.625736 -0.361233 8.386833
v 6.290458 0.504282 11.974224
v 6.158703 -0.262022 11.881289
v 5.526368 0.231527 6.817210
v 5.790240 1.049650 15.086824
v 5.260755 2.096087 14.611970
v 5.384111 1.793462 12.404873
v 5.456915 2.981882 8.985691
v 5.401662 3.108258 7.179408
v 4.481227 0.152752 4.870585
v 4.367850 1.077940 4.553700
v 4.119113 3.065309 4.669980
v 5.386556 4.329276 7.199046
v 5.551893 4.567353 9.076841
v 2.382100 0.437910 4.861309
v 2.473480 1.526604 4.514145
v 2.266571 3.364466 4.708539
v 2.179099 5.031027 5.277034
v 4.410700 4.908382 5.183827
v 5.999493 6.027879 6.955442
v 6.050884 5.977439 8.906075
v 4.308579 6.705333 4.576850
v 2.071737 6.772811 4.547272
v 2.414680 1.693028 16.559193
v 4.661853 1.256568 16.477781
v 4.284217 2.487594 14.674875
v 4.352591 2.050562 16.190308
v 2.633285 2.435215 16.212011
v 1.134675 1.724289 15.213663
v 2.647645 4.015876 10.804510
v 4.293108 5.152063 10.125944
v 2.421927 5.300871 10.161806
v 4.534410 3.826516 10.749013
v 4.300963 2.605826 13.050215
v 2.604181 2.951768 13.104012
v 2.667358 2.795133 14.729161
v 1.755882 2.620994 14.673082
v 1.634163 2.410933 12.691477
v 1.016110 3.310137 9.134940
v 1.432712 5.036683 9.117681
v 2.456668 6.269376 9.836421
v 4.349505 6.207759 9.842440
v 1.452558 6.231938 9.009562
v 2.236511 -0.626643 4.903271
v 0.943883 -0.613873 6.977166
v 1.052572 0.054124 8.525904
v 0.960124 -0.596513 8.540986
v 4.339696 -0.851916 4.912585
v 5.369883 -1.036462 6.779900
v 5.533290 -1.011869 8.402169
v 2.645680 6.847517 11.033570
v 0.771152 6.834944 9.458382
v 0.431067 7.947530 9.733377
v 0.756281 6.564246 7.091033
v 1.303989 6.311869 7.080003
v -0.416206 8.844821 10.341584
v 0.173960 9.355491 7.795650
v 0.310445 11.568254 10.325228
v -0.128040 11.543921 9.019544
v 1.121795 17.785118 9.946897
v 0.181535 12.662683 10.780545
v 0.373741 12.264578 6.848096
v 0.293834 11.270767 7.193975
v 1.375890 10.501072 12.259777
v 5.033803 11.482988 11.664515
v 4.813630 14.329009 12.261007
v 3.890689 24.148624 10.614185
v 4.382824 24.795321 10.345016
v 3.726455 24.653259 10.293237
v 4.507079 24.327333 10.528416
v 2.720862 21.855318 11.657598
v 4.707072 20.691101 11.650495
v 2.685245 16.060181 11.130469
v 1.748236 12.278522 11.631935
v 0.700902 20.799166 8.701395
v 6.754566 21.758701 8.667462
v 6.780730 16.389219 9.562772
v 7.122099 20.439121 4.453448
v 0.060068 19.470720 7.586758
v -0.512782 23.935549 4.502970
v -0.327677 26.372389 6.907460
v 1.237760 27.569414 9.439845
v 3.546125 26.867321 9.940813
v 3.444052 27.712431 9.332139
v 4.135946 27.834780 9.346481
v 4.257708 26.977854 9.985770
v -0.253657 30.470121 3.821916
v 3.397153 29.884060 8.547085
v 3.486782 33.367455 6.807287
v 1.724782 33.587616 6.453638
v 4.808288 35.829102 4.986287
v 5.944892 37.490032 2.635885
v 7.429411 36.337547 2.284659
v 1.810490 34.783092 5.166656
v 0.007593 32.668358 4.367632
v 2.518609 36.462597 5.121418
v 4.134241 30.810955 8.146314
v 4.145475 29.953470 8.582807
v 3.401935 30.709396 8.131068
v 3.422002 32.733730 7.127686
v 4.083458 33.158821 6.884848
v 4.810292 34.090927 5.750257
v 6.884302 34.012703 3.848019
v 4.140555 32.748772 7.181954
v -0.078734 31.464993 3.386494
v 0.007423 30.658051 1.795664
v -0.026063 32.852844 4.570527
v -0.070841 33.151680 5.135021
v -0.091841 35.574982 5.356859
v -0.768673 27.776583 1.207152
v 0.050779 29.164364 0.289854
v 7.729244 9.515195 9.400960
v 6.353460 15.193449 9.400711
v 6.874958 16.034445 5.776203
v 3.818542 18.265457 5.254251
v 6.781997 22.742674 2.461327
v 4.731631 23.275181 0.994394
v 6.129385 25.642988 0.377380
v 4.710234 28.656782 -3.665077
v 6.671543 29.168169 -1.697637
v 6.981091 32.710964 -4.173977
v 6.987262 30.742096 -1.888891
v 6.972923 32.357361 -0.337795
v 7.511011 37.328209 -1.101626
v 7.021930 32.936440 0.726538
v 5.250243 32.189545 -5.960891
v 5.025803 36.925777 -5.868029
v 1.510588 26.174456 -1.607071
v 1.742703 23.600727 2.180454
v 2.335409 29.032421 -5.242456
v 2.619564 32.127853 -7.014331
v 2.744380 37.708694 -6.378771
v -0.430848 36.498878 -7.048980
v -0.233985 34.411552 -7.339802
v -0.081636 32.670578 -7.141488
v 0.070763 30.125301 -5.780246
v 0.137819 28.567110 -3.394644
v -0.009888 28.667526 -0.497820
v 0.346364 16.536406 6.959465
v 3.511425 16.801605 4.726595
v 1.194627 9.533957 3.748065
v 5.075919 10.751471 2.794036
v 1.504355 7.002789 4.093235
v 4.874628 7.535271 3.728058
v 5.702614 9.089161 3.461396
v 6.444397 14.723366 6.726889
v 7.307659 10.829484 4.993579
v 7.147694 9.213260 4.886406
v 7.390450 8.436090 9.310793
v 5.119391 8.942783 12.369815
v 1.431222 8.191659 12.247619
v 6.950100 6.757635 4.717890
v 7.387487 6.529480 8.987466
v 4.755631 6.969904 11.193162
v 7.237626 7.738583 7.666442
v 13.330967 46.042744 1.758188
v 11.524856 45.967205 1.756323
v 14.207331 46.011150 1.061650
v 12.172901 46.096943 1.925833
v 11.421063 46.497601 2.244440
v 11.559175 46.397297 2.539040
v 11.168039 47.648930 2.476751
v 10.277281 49.571404 2.809509
v 11.875532 46.531017 2.401114
v 8.459544 53.996433 -4.941107
v 8.550759 57.554680 -3.674131
v 11.474821 55.883236 -2.949904
v 9.604317 56.654625 0.590939
v 7.888368 57.452942 0.084885
v 8.014149 55.169945 2.241372
v 7.779505 54.201321 2.925176
v 7.464657 53.831982 2.663291
v 8.391489 53.472672 2.525415
v 8.089781 53.205822 2.162801
v 8.683216 52.808811 3.248785
v 8.487871 52.555008 2.888164
v 9.189768 51.768238 3.184349
v 8.901764 51.656975 2.803214
v 9.875982 49.373112 2.402428
v 11.111261 46.369186 1.770856
v 10.863423 47.061340 0.762634
v 9.129679 53.064617 2.753494
v 9.102715 54.134663 2.049163
v 12.996103 53.253418 -1.956952
v 11.506468 51.576057 -3.428722
v 10.568096 56.142673 1.031620
v 9.975185 53.865177 2.397587
v 11.050222 53.110004 2.109423
v 10.045553 52.252712 2.272745
v 9.753500 51.833912 2.699051
v 10.212633 50.516811 2.540566
v 10.634382 50.524548 2.278386
v 10.882425 49.690842 2.292593
v 11.546949 47.679115 2.299216
v 10.164717 51.853039 2.425697
v 11.099707 55.027134 1.248684
v 12.044226 53.644661 1.218573
v 14.973774 44.430794 -0.329672
v 14.576195 44.481617 1.802938
v 12.918169 43.016800 1.933036
v 14.252470 45.449360 1.171220
v 13.768803 46.520615 1.969099
v 11.707184 47.400139 3.230515
v 11.914864 47.314903 2.512344
v 11.276344 47.550858 3.085054
v 10.822666 47.840118 2.311922
v 12.154644 47.360992 2.295050
v 14.887640 45.373817 -1.012834
v 12.611373 44.175358 -2.659606
v 13.026049 44.963211 -2.366485
v 10.680582 49.293159 -4.039866
v 11.999872 48.692780 -3.408210
v 10.116196 50.928375 -4.552349
v 9.551252 52.556385 -5.135658
v 11.040455 47.553490 4.034320
v 10.154308 47.326336 7.021380
v 10.924343 47.156532 5.687328
v 11.285679 47.063118 5.800790
v 11.448437 47.428127 4.136190
v 10.656948 47.161064 6.762448
v 10.993114 47.095074 6.824390
v 10.893902 47.042507 7.189573
v 10.509174 47.384056 2.177053
v 9.943130 46.898193 6.920512
v 9.376507 46.666466 9.694876
v 11.267265 46.828312 7.428303
v 12.387691 46.084656 7.698041
v 12.452477 44.961563 10.072067
v 13.101128 43.961544 8.050013
v 12.794697 43.814674 10.382422
v 12.375660 42.856453 7.226176
v 11.626137 41.790089 6.622507
v 12.108410 42.179523 2.096259
v 12.564213 42.285076 -0.655277
v 11.072117 41.617989 9.428552
v 12.101807 43.598541 10.685559
v 11.494572 45.646378 10.429352
v 11.206554 42.386692 9.965705
v 10.222210 45.110027 10.469486
v 10.411051 45.040768 10.707502
v 9.283295 46.493820 10.254406
v 11.272926 45.571404 10.831524
v 11.920959 43.641884 11.186200
v 10.887617 43.593529 10.518933
v 10.258040 43.319237 10.343175
v 10.986172 44.212589 10.605808
v 1.210168 4.906471 7.274915
v 1.165627 3.309535 7.293655
v 1.147885 0.869845 7.007811
v 0.823550 0.230963 12.069877
v 0.969984 1.378732 12.429961
v 7.802898 47.094196 -0.934405
v 7.444319 50.580200 2.692215
v 7.452381 49.104458 -0.665494
v 7.839613 48.588936 2.086503
v 9.545827 45.229095 1.351339
v 9.382737 46.194630 0.639482
v 9.536280 43.807819 -0.681745
v 9.216141 48.590717 -3.463067
v 10.970543 43.770668 -2.263107
v 8.909136 50.321495 -3.777788
v 8.444684 51.324459 -4.380437
v 7.148478 50.001244 -1.094450
v 7.127939 51.392105 2.757034
v 6.913595 52.181843 2.209850
v 6.319567 53.260433 2.200384
v 6.585928 52.519009 2.270773
v 7.624938 49.904259 -1.298905
v 7.761219 50.565025 -4.205061
v 11.155302 42.483376 -1.194793
v 7.689165 49.898323 -1.192323
v 9.619065 43.378643 -0.193269
v 9.334350 44.031483 1.036509
v 9.112177 46.499645 1.489442
v 8.478798 46.009838 5.168216
v 8.328091 43.756447 5.261919
v 8.206211 45.962540 9.002836
v 7.714470 43.597771 9.654635
v 10.750169 42.287762 1.159907
v 10.446102 42.232227 6.401710
v 9.858826 42.243317 9.408406
v 9.232750 43.747765 9.903676
v 8.856990 44.322521 10.060219
v 8.561577 45.995209 9.799982
v 9.608789 43.955303 10.122591
v 9.514820 44.554989 10.154250
v 9.522092 45.081818 10.241386
v 9.861719 51.812225 2.787808
v 10.088194 51.745510 2.713561
v 10.297386 50.583313 2.622304
v 10.476660 50.678059 2.537270
v 11.760870 46.639156 2.611901
v 11.635633 46.482906 2.632196
v 11.278536 47.627560 2.575881
v 11.485506 47.560055 2.548239
v 14.799450 44.683319 2.421767
v 12.194897 47.512634 2.677197
v 12.753723 47.540428 2.468893
v 13.968838 46.895424 2.402828
v 13.737835 46.769135 2.928763
v 14.555050 44.698929 2.836136
v 13.718121 44.212341 7.304892
v 12.950768 46.184662 7.149162
v 12.950123 47.333946 2.761480
v 11.850372 46.897476 7.407516
v 11.312229 47.292114 7.146334
v 13.243404 43.015594 2.183955
v 12.699863 42.991867 7.105648
v 13.611549 44.107204 7.828608
v 12.874401 46.208282 7.535383
v 11.906229 43.563091 15.077770
v 12.115805 43.745987 14.598600
v 12.155453 43.767487 14.955958
v 11.762218 43.639080 14.630291
v 11.548545 43.706158 14.313955
v 11.188407 43.765713 14.315620
v 11.407291 43.709850 14.749830
v 11.601204 43.651714 15.254841
v 12.320225 43.589954 15.607938
v 12.047009 43.613277 15.819130
v 10.760080 43.479431 12.682817
v 9.982152 43.326199 12.921310
v 10.893462 43.862499 11.722099
v 11.342065 43.724194 12.626027
v 10.410675 43.498447 13.716434
v 10.889838 43.672886 13.662671
v 10.605860 44.062313 13.872914
v 11.092105 44.040630 14.490106
v 11.333120 43.925255 14.882069
v 11.535610 43.844662 15.404947
v 12.012044 43.900734 15.937273
v 12.605869 43.654728 16.054741
v 12.627743 43.737259 15.440839
v 12.291685 44.219181 14.935680
v 12.598988 43.952011 16.133001
v 9.790513 43.695004 14.567531
v 9.241373 43.589577 14.155449
v 9.858071 44.571487 14.566364
v 12.811131 43.717049 15.890008
v 12.923502 43.959702 15.857687
v 12.661724 44.064137 15.429788
v 9.839672 44.697384 15.222489
v 9.832140 44.133347 15.337756
v 9.499233 43.648369 15.204568
v 8.839344 43.815372 14.898570
v 8.284122 43.924366 14.617567
v 8.218649 44.220524 14.960912
v 7.712471 44.601818 14.818546
v 7.809082 45.226254 15.604382
v 8.093090 44.871685 15.913248
v 8.117559 45.210651 16.122242
v 8.415699 45.114803 16.195499
v 8.787708 46.522579 15.862979
v 9.077824 46.467121 15.886668
v 9.267332 47.068668 15.516623
v 9.516447 47.020489 15.550553
v 9.567337 47.284176 15.095694
v 9.634949 46.845673 15.424010
v 9.593773 47.232441 14.916380
v 9.194633 47.256832 14.804160
v 8.933048 46.979042 15.129517
v 8.455833 46.457485 15.483618
v 7.869404 45.462948 15.734875
v 9.955734 45.020687 16.032602
v 10.097015 46.055138 16.219139
v 9.807119 45.026058 16.306355
v 9.807711 46.035397 16.263416
v 9.488977 45.171902 16.316488
v 9.731932 44.772312 16.217707
v 9.399559 44.783066 16.200035
v 9.230940 43.997807 15.386124
v 8.786551 44.198463 15.293154
v 8.919193 44.790623 15.426064
v 8.369171 44.873344 16.048222
v 8.676476 45.214798 16.001768
v 9.174921 46.068249 15.691321
v 9.574835 46.292583 15.747862
v 9.576036 46.219318 16.069151
v 9.687048 46.453739 16.013672
v 9.163504 45.284695 16.079489
v 9.068695 45.205433 15.860430
v 9.034210 44.951942 16.004808
v 10.389983 46.839184 15.880436
v 10.453025 46.481949 15.834655
v 10.586288 46.803959 15.621282
v 10.403759 47.187588 15.447051
v 10.153965 46.874977 15.902940
v 10.148970 47.238037 15.412122
v 9.891480 46.983700 15.738595
v 9.858431 47.025059 15.411115
v 9.678829 46.741611 15.610595
v 9.949245 46.416481 16.226288
v 10.205859 46.320286 16.194771
v 10.327964 46.185177 15.941273
v 9.949398 45.235126 15.756083
v 12.270801 44.405064 15.506113
v 11.450335 44.342953 14.982297
v 11.656815 44.229557 15.493333
v 11.935124 44.490520 14.965725
v 11.601481 44.545792 14.522484
v 11.953186 44.549522 14.448863
v 12.223322 44.196350 14.503420
v 11.940158 44.279358 14.193289
v 11.960941 44.335949 13.525904
v 12.474638 44.234768 15.973404
v 9.608105 45.222595 11.254865
v 10.533336 45.277596 11.319647
v 11.234354 44.625046 11.586029
v 11.331260 44.103859 11.743136
v 11.760674 44.388603 12.392784
v 11.529299 44.805588 12.524578
v 11.768351 44.694885 13.524173
v 11.151775 44.711506 13.806153
v 11.261033 44.359875 14.510045
v 11.162302 45.025085 12.923545
v 10.302647 44.915466 13.614321
v 10.031367 45.645634 12.707978
v 9.449239 45.770256 12.085861
v 8.489217 45.608788 13.681290
v 8.394724 45.852604 11.668314
v 7.853745 45.797169 13.343616
v 7.280865 45.827801 12.980112
v 7.379877 46.017937 14.036486
v 7.666838 45.684860 14.206311
v 7.414627 46.361629 14.602378
v 7.642689 46.058758 14.884541
v 8.134365 46.512669 14.443414
v 8.950862 44.989166 11.104434
v 8.389404 47.267475 14.248162
v 8.538197 47.235107 14.514369
v 8.483196 46.962543 14.276463
v 8.346172 46.963066 14.043594
v 7.888491 46.634312 14.149841
v 6.943588 46.259113 14.758131
v 6.906084 45.951897 14.053065
v 6.798731 45.600769 13.431131
v 7.106674 45.411743 12.558420
v 7.774422 45.427376 11.421650
v 8.852880 44.412975 11.064351
v 7.580498 46.770988 14.378921
v 8.081923 47.129208 14.168617
v 13.403006 52.972256 -1.942210
v 12.609388 53.577805 1.250214
v 12.562860 52.975700 1.327302
v 13.524210 52.371014 -1.929072
v 11.874708 51.512730 -3.345728
v 14.371542 49.462116 -1.490377
v 13.624411 49.794521 1.275010
v 15.085531 45.940102 -1.085262
v 14.328161 46.656864 1.188612
v 14.521574 46.162289 1.320319
v 13.377508 46.370125 2.051628
v 12.452963 46.302261 2.395163
v 12.158697 46.771603 2.457177
v 12.918467 47.984760 2.092369
v 11.323469 52.795635 2.130851
v 12.375994 48.774250 -3.346114
v 13.360296 45.326939 -2.441897
v 10.382830 52.270451 2.390676
v 11.201162 49.724220 2.488138
v 11.597228 44.002426 12.519543
v 11.803934 43.906254 13.615579
v 11.378091 43.623535 13.483987
v 11.903085 43.887531 14.255572
v 10.026969 43.941956 11.477505
v 9.121571 43.646671 12.971005
v 8.048838 44.209530 12.366240
v 7.709900 44.243374 13.122753
v 7.128916 44.847416 12.696705
v 6.659683 45.105915 13.683479
v 6.740728 45.636120 14.065440
v 6.872221 46.050358 14.805210
v 6.937241 46.229465 14.924410
v 7.470758 46.778091 14.624594
v 7.070724 46.083412 15.123377
v 7.596260 46.634052 14.835490
v 9.359085 44.021362 11.324939
v 7.523600 44.800709 11.816946
v 7.783119 47.026649 14.502281
v 7.923300 46.969303 14.687413
v 7.315428 45.903645 15.229644
v 7.799278 46.507938 15.014858
v 8.195307 46.970692 14.769651
v 8.991756 44.131813 11.163327
v 7.118111 44.645599 13.983644
v 6.970928 45.158142 14.367278
v 7.002075 45.836037 14.956621
v 7.254757 45.696598 15.120046
v 8.465927 47.086647 14.977491
v 8.026333 46.503689 15.307437
v 7.458679 45.728298 15.518574
v 7.378849 45.408642 15.358416
v 7.283520 44.817738 14.443579
v 7.846380 44.322689 14.280180
v 8.770279 43.705322 13.713321
v 9.025532 47.323479 14.497185
v 8.843613 47.158134 14.404427
v 9.177979 47.044308 14.562410
v 9.058922 46.714859 14.667809
v 8.781309 46.814877 14.380660
v 8.381496 46.339619 14.554136
v 7.918144 45.945366 14.936655
v 8.057673 45.569263 14.386614
v 8.246788 45.344025 14.789215
v 9.193993 45.140583 14.268800
v 8.737583 45.215534 15.034353
v 8.782278 44.863201 15.248893
v 8.774336 45.430897 15.780520
v 8.671116 46.250927 14.951931
v 8.233994 45.688053 15.345642
v 9.197327 46.109844 15.372907
v 9.600533 46.679195 15.164893
v 9.709270 46.974895 14.876858
v 9.397999 46.711205 14.903553
v 9.045624 46.160908 15.139339
v 8.632835 45.612442 15.547980
v 10.153950 46.830956 15.153568
v 9.993410 46.519108 15.329222
v 9.918627 46.254375 15.485126
v 9.555185 45.380322 15.578157
v 9.537004 45.005280 15.170784
v 10.527077 46.721897 15.309060
v 10.397362 47.141685 15.262288
v 10.369572 46.416561 15.521145
v 10.257835 46.132336 15.645459
v -1.191514 58.331745 -4.188863
v 0.885562 58.700996 -3.973876
v -2.437552 58.704960 -2.740922
v 0.559740 58.713509 -4.781819
v 2.346719 58.414875 -4.627189
v 3.021265 58.448997 -3.797978
v 4.171452 57.723389 -2.903105
v 4.431660 57.375618 -1.642867
v 4.113507 58.277218 0.132187
v 3.684329 58.185886 1.267977
v 3.704919 56.529713 0.884586
v 2.638675 55.766689 2.454352
v 0.829507 55.654831 2.576950
v -0.978241 55.988754 2.361992
v -2.082852 56.554676 1.209098
v -2.218855 59.174961 1.159856
v -2.280818 57.335110 0.343384
v -2.690141 58.844646 -0.839198
v -3.726269 63.207314 -2.833435
v -3.927443 63.950356 -3.553988
v -3.305914 63.657188 -3.210833
v -4.347798 63.500473 -3.176589
v -4.087386 63.996651 -3.498247
v -4.413501 63.647308 -3.205737
v -4.070611 64.462761 -2.856542
v -3.449082 64.169601 -2.513387
v -4.197897 64.392174 -2.959888
v -4.449059 63.863457 -2.683461
v -3.827529 63.570305 -2.340306
v -2.921367 62.415367 0.034013
v -2.509229 62.045700 1.361031
v -2.239663 62.123009 1.371130
v -2.826415 62.008430 -0.109761
v -2.414276 61.638756 1.217257
v -2.557023 62.079758 -0.099819
v -2.144885 61.710091 1.227199
v -2.651802 62.492683 0.044112
v -2.996748 62.779236 -0.304525
v -2.794391 61.911903 -0.609910
v -2.527682 61.994743 -0.595932
v -2.731210 62.873825 -0.288368
v -2.951580 64.089874 -0.090831
v -2.893384 64.305992 0.103170
v -3.035431 64.250023 0.093763
v -2.805743 64.147491 -0.081291
v -3.196575 64.218163 0.124710
v -3.103293 64.450500 -0.085697
v -2.961244 64.506462 -0.076289
v -2.882219 64.374695 -0.284432
v -3.028054 64.317078 -0.293972
v -3.072974 64.033257 -0.588942
v -2.996861 63.806801 -0.384821
v -3.456707 64.112190 0.107555
v -3.521804 64.315575 -0.069623
v -3.590537 64.023766 0.061872
v -3.655273 64.226410 -0.116287
v -3.732993 63.969040 0.051362
v -3.797728 64.171684 -0.126797
v -3.667582 63.800117 -0.133294
v -3.263883 63.697548 -0.402000
v -3.521285 63.856331 -0.122507
v -3.740835 64.029526 -0.335128
v -3.594539 64.085732 -0.324340
v -3.337497 63.927711 -0.602852
v -3.264075 64.417892 -0.055730
v -2.363158 65.026070 -3.375265
v -3.093112 63.801842 -4.318837
v -2.613830 63.711662 -3.984572
v -3.078108 65.154610 -3.654994
v -3.248760 63.970810 -4.498921
v -3.244619 65.171906 -3.885549
v -1.700891 65.757957 -4.870112
v -2.153617 65.951645 -5.166899
v -2.490130 65.822372 -5.119432
v 2.133240 67.656738 -6.090846
v 3.090413 66.511871 -6.343004
v 1.811188 66.491051 -6.634626
v 3.056988 67.519142 -5.719014
v 1.810086 66.154602 -6.187203
v 1.163120 66.156845 -6.160629
v 1.180032 66.505524 -6.667972
v 1.165183 67.741913 -6.326139
v 2.170750 67.652000 -5.659376
v 3.127604 67.485863 -5.280497
v 3.138471 66.199768 -5.889118
v 1.154464 67.699249 -5.836063
v -3.811874 60.301060 2.721316
v 1.072793 61.261120 -6.358503
v -2.931103 62.087070 -3.734658
v 1.066772 61.359562 -5.599768
v -3.813585 61.745895 0.102907
v -3.177740 61.026737 1.874510
v -3.016373 60.299465 2.689860
v -4.529775 61.058475 1.765002
v -4.836090 61.535114 0.262388
v -3.597127 62.084652 -4.192256
v 5.069317 61.611393 -3.621265
v 5.830385 61.162910 0.228930
v 5.058890 60.532787 1.990655
v 4.733018 59.744560 2.828277
v 5.507806 59.423664 2.925241
v 6.356341 60.379265 1.941559
v 6.765177 60.854702 0.442800
v 5.737577 61.537174 -4.047092
v 0.894015 58.425278 -5.557357
v 5.216823 58.974216 -3.844174
v 5.515036 58.607079 0.134875
v 4.995255 58.443386 2.275591
v 0.547719 66.519485 -6.655899
v -0.745910 66.598236 -6.407594
v -0.768874 67.603706 -5.778661
v 0.184306 67.700615 -6.123660
v 0.150434 67.674370 -5.703064
v -0.838393 67.527702 -5.361468
v -0.838360 66.243813 -5.975115
v 0.500342 66.169106 -6.215526
v 2.966870 64.421722 -6.014203
v 1.795456 64.410576 -6.746428
v 1.858569 64.638062 -6.356975
v 2.798973 64.271545 -6.470381
v 2.045818 63.354095 -6.460485
v 2.801056 63.413216 -6.262362
v 2.945990 63.318848 -5.754081
v 2.132975 63.322769 -6.001679
v 1.123429 63.244263 -6.225608
v 1.132312 63.302475 -6.623204
v 1.148462 64.463326 -6.775551
v 1.132867 64.701302 -6.336986
v -0.359332 59.603458 -4.256832
v -2.003932 60.222080 -2.606826
v -1.685064 59.021378 -0.042379
v -1.917946 60.426270 -0.852859
v -1.728488 61.369209 -1.023080
v -2.113124 61.408165 -1.252301
v -2.146497 61.167847 -2.099239
v -1.594242 61.642868 -2.898741
v -0.908602 61.190231 -3.674256
v 0.174981 61.619598 -4.135602
v 1.060812 61.414154 -4.267188
v 0.031534 62.147789 -4.734826
v 1.084156 62.378456 -4.852888
v 0.031638 62.672661 -5.282693
v 1.108273 63.047470 -5.625549
v 0.107132 63.345207 -6.045486
v -1.001812 62.041893 -4.422809
v -1.252018 62.631317 -5.084452
v -0.909955 63.377647 -5.683882
v -0.844537 60.844246 0.959476
v -1.403041 60.237511 0.179748
v -1.929882 57.771545 1.237827
v -0.947221 58.922222 1.328441
v -1.518624 59.579197 1.588586
v -0.326219 59.007301 2.123552
v -0.219256 59.567085 2.668736
v -1.143114 60.078560 2.733261
v -1.435012 61.209259 1.354214
v -1.253919 62.299652 0.348316
v -2.082546 62.729637 0.446847
v -2.215906 62.071045 -0.600423
v -2.218090 62.077553 -0.594198
v -2.286177 63.014114 -0.285636
v -2.316484 62.933159 0.376646
v -2.248004 63.133438 0.300183
v -2.206925 63.188446 0.893549
v -2.172756 63.345116 0.763750
v -2.490106 63.073082 2.154879
v -2.494924 63.380096 1.917060
v -2.072742 62.339630 0.936987
v -0.957834 61.528442 2.458545
v -0.734106 60.887947 4.238468
v -0.245683 59.917652 4.145113
v 0.930867 59.290630 3.994837
v 0.951209 59.130135 2.971964
v 0.928866 58.662598 2.425617
v -0.544865 58.171638 1.831754
v -0.803860 56.888260 2.078417
v 0.839574 56.347137 2.328692
v 0.795451 58.036743 2.050021
v 2.446048 56.667747 2.269474
v 2.190476 58.846485 2.394982
v 2.128430 59.416828 2.956486
v 2.113413 59.891529 4.196128
v 0.930549 59.995789 4.370684
v -0.183888 60.703339 4.650160
v -0.837839 61.849754 4.240515
v -1.384067 61.853073 3.320041
v -1.785660 62.341576 2.383620
v -1.429773 62.513153 3.329113
v -2.050052 62.964233 2.088496
v -1.762030 62.937019 3.219389
v -1.173320 62.815857 4.652789
v -1.539744 63.073822 4.022707
v -1.959294 63.138985 0.819602
v 0.929891 60.584473 4.702567
v -2.150926 62.892776 3.094174
v -2.305163 63.036133 3.131053
v -1.329148 63.180252 4.885510
v -2.110828 62.947571 3.748827
v 0.872214 64.290085 5.952553
v 0.944665 64.288666 5.737130
v 0.950585 64.502739 5.573003
v 0.946449 64.201454 5.609990
v -0.134293 64.116669 5.641595
v -0.148613 64.163681 6.024897
v -0.702012 63.615685 5.730353
v -0.823768 63.733665 5.710517
v -1.598172 63.372627 5.492058
v -0.874438 63.836052 5.551096
v -1.676486 63.506500 5.340812
v -1.368128 63.782303 4.877403
v -1.634033 63.686386 4.103939
v -1.943916 63.321266 4.859874
v -2.244062 63.201599 3.695114
v -2.241067 63.082687 3.791154
v -1.039440 63.394989 5.257791
v -1.661279 63.843903 3.281513
v 0.874466 64.422462 5.953098
v -0.223223 64.303574 6.040823
v -0.250344 64.406258 5.920711
v -0.577400 64.123848 4.821765
v -2.329035 63.171455 3.028769
v -1.791631 63.743088 2.288395
v -1.642295 64.304787 2.157514
v -1.451467 64.273384 2.961004
v -1.354860 64.288712 3.583431
v -0.619650 64.482803 3.740000
v -0.067249 64.708839 5.062716
v 0.881864 64.518089 5.816690
v 0.983647 65.273354 4.438719
v 0.996621 65.794022 4.105401
v 0.940678 65.790337 4.247190
v 0.916394 65.273239 4.615129
v 0.969049 64.655380 4.797297
v 0.900123 64.883858 4.969777
v 0.809459 65.765671 4.165948
v 0.708384 65.981918 4.074967
v 0.717215 65.339478 4.284201
v 0.439174 64.996872 4.351398
v -0.002014 64.722023 4.361399
v -3.033566 65.086220 -0.180705
v -2.554801 66.371025 0.145731
v -3.008085 66.199913 -1.203631
v -2.922782 65.250229 0.682544
v -2.376473 66.377922 0.805008
v -2.399713 65.944168 1.464234
v -2.067943 66.595863 1.644868
v -2.098407 65.998680 2.624796
v -1.811107 66.418083 2.761708
v -1.931381 65.878670 3.483606
v -1.583881 66.218407 3.602035
v -1.878533 65.799889 3.599014
v -1.555715 66.136986 3.664383
v -0.972732 66.465187 3.873531
v -0.863293 66.334663 3.827570
v -0.155679 66.441986 3.875449
v 0.051195 66.171738 4.037232
v 0.949991 66.472023 3.787069
v -2.264372 65.660957 2.633302
v -2.070175 65.590630 3.467176
v -1.981560 65.130478 3.479629
v -1.866625 65.062492 3.640741
v -1.931320 65.467873 3.584230
v -1.619654 64.582123 3.794790
v -1.509565 68.113449 0.828848
v -1.358433 67.530403 1.617849
v -0.200590 68.892654 0.879637
v -0.102342 69.519035 -0.121237
v 0.997461 69.629692 0.203609
v 0.979697 68.967850 1.258370
v -0.145377 67.814552 1.816352
v 0.979251 68.062340 2.078744
v -0.033266 67.031998 2.501638
v 0.978471 67.276474 2.684170
v 0.137559 66.714752 3.507326
v -1.350584 66.703125 2.939544
v -1.914690 67.355400 0.817445
v -1.417053 68.833061 -0.633034
v -0.637826 69.732155 -1.707183
v 1.038690 69.994514 -1.575986
v 1.053767 69.495140 0.229594
v 1.041313 68.865273 1.240873
v 1.041627 67.987198 2.027182
v 1.037882 67.221893 2.613951
v 1.012166 66.412010 3.702981
v 1.095042 69.825562 -1.542587
v -1.923735 69.031021 -1.725996
v -2.064102 67.676231 -0.548457
v -2.567770 67.736450 -1.561099
v -2.649706 67.473740 -1.494398
v -2.034092 62.256775 -3.437739
v -1.977955 61.911636 -3.975407
v -2.326112 62.554115 -4.284801
v -2.070527 63.157631 -4.390885
v -1.638963 63.856369 -5.205905
v -0.700912 64.462341 -6.093516
v -1.319952 64.449562 -5.660016
v -0.514939 65.548584 -6.071055
v -1.921488 66.372078 -4.505055
v -2.854997 65.903732 -2.931274
v -2.811139 65.096725 -1.220496
v 0.425686 64.653931 -6.387959
v -2.950130 64.308739 -0.886938
v -2.776741 64.569214 -1.655367
v -2.620742 64.412697 -2.506364
v -2.736724 63.824577 -3.211447
v -2.172225 63.127083 -3.548655
v 1.085532 69.780785 -3.955334
v -0.384028 69.624863 -3.235217
v 1.071800 69.963501 -3.212410
v -0.389117 69.471130 -4.204929
v -1.871904 68.728851 -3.052692
v -0.980004 68.678291 -4.512986
v -2.505745 67.400612 -3.005244
v -1.720331 67.396889 -4.551293
v 1.100992 69.223717 -4.695716
v 1.179555 68.468925 -5.524868
v -2.198842 67.444534 -0.123528
v -2.318438 67.507256 -0.066960
v -2.342708 67.403694 -0.100457
v -2.218497 67.341301 -0.152544
v -2.786604 67.655968 -1.696102
v -2.704245 67.926086 -1.753818
v 3.472960 63.018341 4.131324
v 3.641071 62.949661 5.023579
v 3.227968 63.129784 4.984109
v 2.022674 64.092781 5.688238
v 2.021449 64.139648 6.071823
v 2.574796 63.579391 5.801212
v 2.927368 63.351059 5.343570
v 3.291795 63.170654 5.606231
v 3.797340 63.104012 5.076703
v 4.052811 62.879318 3.882112
v 3.727503 62.876221 3.338042
v 4.119616 62.823441 3.229755
v 4.053596 62.896530 2.220665
v 4.494642 62.995804 2.305822
v 3.986305 63.059723 0.988379
v 4.184057 63.011536 3.930094
v 4.193832 63.130302 3.834330
v 3.846343 63.257141 4.985085
v 3.577582 63.628670 4.216635
v 3.641417 63.585014 3.405357
v 4.306840 63.097969 3.172266
v 4.275411 62.963257 3.273353
v 4.550745 63.211952 2.177413
v 4.233428 63.114624 1.059649
v 4.102026 62.663002 0.590416
v 1.007750 64.288582 5.955485
v 2.098379 64.277863 6.091026
v 2.699878 63.694641 5.786713
v 3.474819 63.316444 5.601758
v 3.562542 63.448486 5.454104
v 3.283095 63.930939 4.968807
v 3.334593 64.236778 3.684839
v 3.556936 64.295547 3.126605
v 3.805208 63.652451 2.486261
v 4.469689 63.393295 1.959351
v 2.500852 64.089760 4.888330
v 2.759646 63.795807 5.629682
v 2.583143 64.396118 3.814635
v 1.997025 64.658081 4.399998
v 1.992605 64.593697 5.116962
v 2.132932 64.379868 5.972247
v 1.524435 64.930168 4.380612
v 3.826203 63.679825 1.400837
v 4.204341 63.254631 0.946081
v 3.775516 64.214523 2.344892
v 4.011049 63.960037 0.769535
v 3.967034 63.414650 0.704739
v 4.278385 63.042351 0.459575
v 4.340982 62.858459 0.531057
v 4.703933 62.107605 -0.851083
v 4.574828 61.853851 -1.008448
v 3.913303 61.963722 -2.507101
v 3.939603 61.030888 -2.470745
v 3.098009 61.312412 -3.593085
v 2.656065 60.221558 -3.657510
v 1.940178 61.591171 -4.098566
v 1.653745 59.412941 -4.445622
v 2.125328 62.124596 -4.689548
v 4.107788 58.802048 -1.971338
v 4.094394 61.844391 -3.844096
v 3.141626 61.996010 -4.333210
v 2.160524 62.649086 -5.236658
v 3.436322 62.563293 -5.136650
v 4.469735 62.478851 -4.137845
v 4.028628 62.361252 -2.505150
v 4.724036 62.570480 -0.888225
v 4.082625 63.263046 0.289968
v 4.075025 63.572624 0.296521
v 4.595482 62.925186 -0.747671
v 4.205890 62.712654 -2.521763
v 3.983664 65.064423 3.608690
v 3.662878 64.548668 3.836307
v 3.946714 64.652702 2.986221
v 4.184659 64.597389 2.076662
v 4.462985 63.920341 0.723788
v 4.282701 63.587479 0.224771
v 4.590052 63.258400 -0.613728
v 4.388844 63.121651 -2.804453
v 4.232396 63.087837 -4.254588
v 3.709098 64.095512 -5.320761
v 2.804189 65.511826 -5.999282
v 4.207890 65.137405 2.890258
v 4.538045 65.019638 1.838116
v 4.732194 64.152626 0.699134
v 4.584755 63.849045 -0.018037
v 4.571016 63.670898 -1.088349
v 4.778339 63.333298 -3.234040
v 4.083041 65.522568 3.600326
v 4.309647 65.563004 2.827472
v 4.866148 65.270569 1.396211
v 5.050801 64.846214 0.661182
v 5.131763 64.685791 0.045884
v 4.939016 63.876511 -1.337564
v 4.869567 63.661736 -3.615034
v 4.542448 64.367439 -3.558064
v 3.908719 65.215134 -5.003279
v 5.120225 65.750198 -2.760770
v 5.174070 65.961906 -0.992447
v 4.710031 67.643188 -1.476448
v 4.179859 67.607697 -0.414120
v 4.898088 64.948196 -1.195584
v 5.159549 65.256973 -0.048921
v 5.098561 65.485588 0.717506
v 4.429918 65.846184 1.657013
v 4.203536 65.910599 2.790708
v 3.950084 65.813614 3.610853
v 4.652972 66.276466 0.309528
v 4.472754 66.290970 0.971794
v 4.137018 66.523994 1.788393
v 3.895284 66.353920 2.887269
v 3.605402 66.161026 3.714297
v 3.572676 66.080208 3.775281
v 3.890405 65.736008 3.723807
v 3.936445 65.402893 3.711190
v 3.860410 64.999069 3.764651
v 4.018831 67.289772 0.945500
v 4.159619 66.304733 -4.373554
v 4.695403 67.350212 -2.569637
v 4.100420 68.964394 -1.595784
v 3.545614 68.777931 -0.525319
v 3.611184 68.056923 0.939912
v 3.458831 67.477249 1.722488
v 3.408824 66.650345 3.042564
v 2.988699 66.421394 3.959244
v 2.878363 66.293228 3.908481
v 2.171859 66.416214 3.925779
v 1.952271 66.150681 4.078342
v 1.290024 65.975479 4.087543
v 4.097957 68.670563 -2.848919
v 3.983382 67.333725 -4.427953
v 3.270637 68.631218 -4.421068
v 1.212066 69.222488 -4.693315
v 1.151256 69.096268 -4.515630
v 2.166696 67.009491 2.548898
v 1.954701 66.694626 3.546621
v 2.302871 67.786423 1.871065
v 2.379856 68.862457 0.937629
v 2.321449 69.491135 -0.067437
v 2.830913 69.693741 -1.632174
v 2.641086 69.591362 -3.169801
v 2.684681 69.437088 -4.138460
v 1.207837 69.779434 -3.952690
v 1.141832 69.624664 -3.809217
v 1.193484 69.962151 -3.209779
v 1.128226 69.797958 -3.091293
v 1.062777 66.470772 3.789510
v 1.095889 67.275200 2.686661
v 1.102353 68.061081 2.081267
v 1.101481 68.966637 1.260813
v 1.112671 69.628494 0.205992
v 1.156511 69.993210 -1.573438
v 1.046288 65.789169 4.249475
v 1.044221 65.266556 4.567643
v 1.035498 64.882355 4.972704
v 1.009032 64.516678 5.819440
v 1.008409 64.420982 5.955995
v 1.257939 65.333488 4.295894
v 1.180349 65.761566 4.173967
v 0.918228 63.819786 6.715500
v 0.922534 63.975945 6.596318
v 0.244744 63.804749 6.550947
v 1.526682 63.652008 6.700978
v 1.597696 63.789772 6.580205
v 1.969733 63.207123 6.634940
v 2.089321 63.296104 6.506923
v 2.128667 62.604332 6.535077
v 2.265679 62.627235 6.396112
v 1.960895 62.005173 6.428148
v 2.079514 61.962387 6.277461
v 1.511374 61.570175 6.342804
v 1.580709 61.479698 6.182761
v 0.900551 61.415894 6.301916
v 0.902919 61.308502 6.137391
v 0.292096 61.583672 6.316438
v 0.227757 61.494675 6.153504
v -0.150955 62.028557 6.382480
v -0.263868 61.988335 6.226786
v -0.309887 62.631340 6.482344
v -0.440225 62.657204 6.337598
v -0.142116 63.230507 6.589272
v -0.254060 63.322052 6.456248
v 0.307405 63.665504 6.674613
v 0.911713 62.634819 6.409925
v 0.942590 62.860374 5.097590
v 0.952397 64.194099 5.327053
v 1.627559 64.007919 5.310940
v 0.274607 64.022903 5.281682
v -0.224197 63.540207 5.186985
v -0.410362 62.875359 5.068334
v -0.234005 62.206490 4.957521
v 0.257620 61.712837 4.884238
v 0.932782 61.526665 4.868125
v 1.610572 61.697853 4.913496
v 2.109376 62.180534 5.008194
v 2.295542 62.845390 5.126847
v 2.119184 63.514259 5.237659
v -3.188539 64.263847 -2.512274
v -3.239005 64.680107 -1.271419
v -3.222091 64.441467 -1.655153
v -3.173429 64.334076 -2.940519
v -3.214537 65.675354 -1.275533
v -3.147713 65.333328 -2.940852
v -4.491664 63.927490 -2.825092
v -3.097329 62.875664 -3.549624
v -3.044211 63.745811 -3.215336
v -2.833841 62.957588 -3.557024
v -2.879235 62.033524 -3.438623
v -2.710073 61.356430 -2.907574
v -3.304789 61.579834 -2.618917
v -3.424448 62.058784 -2.994564
v -2.613882 62.108253 -3.445072
v -3.578720 62.654488 -3.073084
v -3.776361 62.483253 -1.889467
v -3.250527 61.359596 -2.049225
v -2.634305 61.041248 -2.104631
v -2.443273 61.425377 -2.909481
v -2.366782 61.109989 -2.101057
v -2.664865 61.245338 -1.263108
v -2.397361 61.320198 -1.254495
v -2.462198 63.859016 -0.397236
v -2.953261 63.694122 -0.388994
v -3.134626 64.250465 -0.884630
v -3.218116 63.578072 -0.400167
v -3.483026 64.336838 -1.660132
v -3.396984 64.138138 -0.892546
v -3.852660 63.677727 -1.734393
v -3.793906 63.516739 -1.186353
v -3.668319 63.112854 -0.836174
v -3.510519 62.550560 -0.764286
v -3.366351 61.950363 -0.985449
v -3.272479 61.499130 -1.450613
v -1.415589 64.441055 3.944418
v -0.863429 64.417793 4.230302
v -0.168462 64.672714 4.396874
v 0.237391 65.015739 4.485801
v 0.616948 65.363007 4.423718
v -1.626126 64.616783 3.880246
v -1.259159 64.535812 4.026879
v -0.808225 64.535820 4.284930
v -0.274568 64.761566 4.401691
v 0.116046 65.077858 4.371683
v 0.447148 65.397919 4.372869
v 0.697649 65.770721 4.311437
v -1.785758 65.743607 3.775265
v -1.561490 66.053108 3.812130
v -0.937951 66.265648 4.057585
v -0.011431 66.116074 4.235700
v 0.586180 65.972260 4.224404
v 0.532961 65.718597 4.273219
v 0.272501 65.395332 3.804194
v -0.012747 65.122063 3.793399
v -0.423440 64.841492 3.769252
v -0.900172 64.672569 3.729354
v 0.468964 65.877815 4.224860
v -0.029866 66.024963 4.203655
v -0.676164 66.103073 4.083218
v -1.381223 65.966698 3.926592
v -1.619068 65.670502 3.927398
v -0.717840 65.967941 3.649125
v -0.003036 65.918121 3.734973
v 0.408628 65.702713 3.795959
v -1.413246 64.750656 3.664603
v -1.472663 64.686569 3.950871
v -1.768521 65.046196 3.787086
v -1.826408 65.423019 3.764202
v -1.652331 65.395309 3.910780
v -1.636738 65.313942 3.594894
v -1.611716 65.567657 3.578337
v -1.372017 65.843491 3.584767
v -1.614710 65.058533 3.905135
v -1.626267 65.051315 3.616560
v 0.925784 60.008228 5.515626
v 0.918680 58.950825 5.302677
v 1.450627 59.077942 5.365253
v 0.387470 59.089718 5.342263
v -0.000666 59.457409 5.473402
v -0.141727 59.955372 5.660955
v 0.002084 60.450180 5.854671
v 0.392232 60.809250 6.002639
v 0.924178 60.936367 6.065215
v 1.455389 60.797478 6.025630
v 1.843524 60.429787 5.894491
v 1.984585 59.931828 5.706936
v 1.840775 59.437016 5.513222
v 2.022761 66.002235 4.248042
v 2.941417 66.222687 4.141473
v 2.004979 66.093742 4.279304
v 2.675232 66.065956 4.155665
v 3.570127 65.996284 3.923099
v 3.383211 65.913925 4.029593
v 3.788871 65.681870 3.895829
v 2.882613 64.630676 3.811165
v 3.225284 64.486153 4.123846
v 3.292559 64.613815 3.782924
v 3.563865 64.887062 3.742249
v 3.445156 64.632111 4.057240
v 3.597247 65.000816 4.017899
v 3.638309 65.255524 3.708976
v 3.642032 65.336685 4.025341
v 3.619645 65.509720 3.691473
v 3.614184 65.612549 4.040578
v 3.386058 65.790802 3.687669
v 2.732654 65.929726 3.723747
v 2.013863 65.895790 3.778598
v 1.595279 65.689575 3.821629
v 1.520348 65.866173 4.247595
v 1.405379 65.963188 4.242117
v 3.822854 65.360474 3.886411
v 3.755705 64.985023 3.906598
v 3.599947 64.558907 3.993272
v 3.382994 64.387917 4.048184
v 2.764457 64.550934 4.356430
v 2.408472 64.810120 3.830499
v 2.230649 64.733818 4.455866
v 2.003418 65.099739 3.837007
v 1.848795 65.058662 4.409154
v 1.724086 65.379257 3.835594
v 1.525118 65.385986 4.396179
v 1.450810 65.708435 4.293066
v 1.285818 65.764206 4.324155
v 2.819077 64.411606 4.306297
v 2.120855 64.657898 4.546885
v 1.721286 64.999306 4.517890
v 1.352547 65.354858 4.439624
v -1.747355 63.009354 4.907054
v -1.418786 63.222824 5.504366
v -1.902320 63.167130 4.953451
v -2.199959 64.293556 -5.609802
v -2.565558 63.712242 -6.826930
v -2.288872 64.453194 -5.813054
v -2.648334 63.503258 -6.649451
v -2.519847 64.372108 -5.552492
v -2.962124 63.595016 -6.579456
v -2.646234 64.511108 -5.701580
v -2.922921 63.770157 -6.715455
v -2.621192 63.351357 -6.729937
v -2.701382 63.506874 -7.116203
v -2.491586 63.678581 -7.007825
v -2.779916 63.308594 -6.947817
v -3.112507 63.495018 -6.620344
v -3.077632 63.395638 -6.881407
v -3.051125 63.769264 -6.833284
v -3.040436 63.561813 -7.010439
v -3.454430 64.360817 -2.720457
v -3.514825 64.618279 -1.454501
v -3.435309 65.766754 -1.498080
v -3.373224 65.518509 -2.761805
v -2.014115 68.972992 -2.922753
v -2.648336 67.646721 -2.856743
v -2.997411 66.389168 -2.814146
v -3.125946 66.543022 -1.458293
v -2.059378 69.240730 -1.913969
v -0.384788 69.870369 -3.074367
v -0.631179 69.939613 -1.908328
v 1.132020 70.207626 -3.056950
v 1.104844 70.198250 -1.805030
v 1.814991 70.154953 -2.642268
v 1.810976 70.152725 -2.254089
v 2.716722 69.959702 -1.841941
v 2.215295 70.094406 -2.317406
v 2.519489 69.895363 -3.017573
v 2.134331 70.090164 -2.677176
v 0.213993 63.374382 -6.500097
v -0.722874 63.465324 -6.215250
v -0.517539 64.308273 -6.542098
v 0.499804 64.424927 -6.774447
v -2.532995 63.964096 -0.186571
v -2.132849 63.709282 0.089704
v -2.186883 64.052856 0.554218
v -1.786928 63.798332 1.166342
v -1.928277 63.538017 0.509503
v -1.853246 63.458969 0.128359
v -2.478431 65.098404 1.677639
v -2.711722 65.537590 1.501215
v -2.174339 65.208061 2.752272
v -1.745147 64.633606 3.646599
v -1.927960 64.717743 2.859199
v -2.139439 64.667747 1.939225
v -2.681102 64.246513 0.522862
v -0.518673 65.586113 3.966589
v -0.736617 65.792137 3.885812
v -0.752166 65.589790 3.939887
v -0.257894 65.784576 3.940565
v 0.017267 65.614624 3.984080
v 0.329461 65.692719 3.904645
v -0.055201 65.891457 3.847933
v -0.723028 65.940536 3.767456
v -1.334242 65.824257 3.707323
v -1.174422 65.708847 3.842741
v -0.965702 65.549179 3.918878
v -0.766352 65.393967 3.961123
v -0.384466 65.503220 3.987815
v -0.428900 65.402885 3.990505
v -0.073835 65.408913 3.989593
v -0.522011 65.313690 3.986979
v -0.264737 65.226036 3.982368
v -0.655240 65.217842 3.938628
v -0.539590 65.038254 3.966208
v -0.811683 65.166954 3.966075
v -0.858642 64.925209 3.939507
v -0.979160 65.192451 3.944940
v -1.202014 64.977463 3.896172
v -1.048693 65.290588 3.929255
v -1.344578 65.178688 3.864020
v -1.052111 65.376320 3.922184
v -1.043944 65.459137 3.916780
v -1.334840 65.524231 3.838439
v -1.558199 65.566536 3.701316
v 0.202273 65.405525 3.912341
v -1.581578 65.329475 3.716786
v -1.351585 65.354439 3.849520
v -1.571794 65.084106 3.737030
v -1.372764 64.803185 3.781919
v -0.893385 64.730232 3.842416
v -0.447962 64.888054 3.879693
v -0.064241 65.150208 3.902253
v 2.416773 65.371368 4.052051
v 2.062300 65.385262 4.035795
v 2.249243 65.198196 4.036741
v 2.374727 65.472664 4.047492
v 1.976097 65.592934 4.026450
v 3.111923 64.867142 4.000813
v 3.255246 64.672775 3.897468
v 3.508735 64.928078 3.859466
v 2.837570 64.878418 4.019714
v 2.872225 64.688530 3.923855
v 2.520323 65.004364 4.032386
v 2.429221 64.856186 3.941919
v 2.507952 65.280136 4.052511
v 2.754897 65.354965 4.037281
v 2.511528 65.552559 4.032127
v 2.256576 65.756737 3.994947
v 2.745988 65.551056 4.015543
v 2.737280 65.753662 3.960942
v 2.959271 65.505714 4.003764
v 3.174568 65.660683 3.936797
v 3.035518 65.413956 4.005006
v 3.330895 65.472572 3.939344
v 3.041610 65.330986 4.010719
v 3.343385 65.302452 3.951056
v 3.017275 65.207787 4.021714
v 3.293564 65.055855 3.973325
v 2.928681 65.115669 4.035126
v 2.794867 65.121170 4.044343
v 2.640169 65.185593 4.050387
v 2.050769 65.126785 3.947999
v 1.789782 65.387947 3.946680
v 1.669434 65.677879 3.933631
v 2.061008 65.906563 3.889653
v 2.732112 65.902267 3.842180
v 3.342605 65.772461 3.808469
v 3.560852 65.509850 3.812024
v 3.578289 65.272339 3.828376
v 2.151139 70.427765 -2.543553
v 2.088175 70.484505 -2.417153
v 2.199136 70.430275 -2.330274
v 1.915660 70.438553 -2.296324
v 1.918041 70.439880 -2.526443
v 1.996929 62.435326 4.911914
v 0.946088 62.035568 4.696656
v 0.935971 61.322113 4.799147
v 0.949598 62.748810 4.818063
v -0.106295 62.458611 4.866433
v -0.103450 61.793098 4.904055
v 2.047251 60.678631 4.698407
v -0.736020 62.433693 4.482494
v -0.818392 63.030724 5.100924
v -0.483943 63.120430 5.262576
v 0.943374 63.376289 5.329592
v 2.367237 63.088852 5.324154
v 2.705790 62.991684 5.177027
v 3.075971 62.768867 4.744287
v 3.385308 62.459885 3.432747
v 3.764710 62.279991 2.503805
v 2.643064 62.396240 4.555245
v 3.329507 62.054573 3.526405
v 2.919924 61.461632 2.595030
v 3.403399 61.112801 1.568244
v 4.078442 62.271439 1.070127
v 2.792058 60.609261 1.241386
v 3.268460 62.211716 0.454977
v 2.611322 58.563080 1.651468
v 3.375949 59.168518 2.201762
v 3.054637 59.872730 3.186173
v 2.616940 60.718693 4.324821
v 2.743514 61.810097 4.317959
v 1.980056 61.770020 4.949111
v 4.173089 61.539043 -0.964895
v 3.710465 61.181767 -0.900778
v 3.421090 59.167252 -0.028516
v 3.359961 57.335209 1.493557
v 2.131305 57.939575 2.023129
v 7.768448 29.907871 2.567363
v 7.454277 30.823656 -1.734952
v 7.440024 32.438946 -0.183874
v 7.996689 32.848389 0.958849
v 7.087543 31.448044 5.691495
v 7.858977 33.924652 4.080294
v 5.262795 34.052017 6.092093
v 7.282688 30.803654 -2.104419
v 7.224498 32.571560 -0.437217
v 7.520757 33.220219 0.697598
v 7.352012 34.338562 3.937519
v 5.000066 34.330376 6.050816
v 4.536751 33.240982 7.038577
v 4.561738 27.857704 9.441571
v 7.209805 26.768066 7.789117
v 8.170462 25.308189 5.095839
v 4.241261 33.410637 7.169898
v 4.266446 27.952463 9.610450
v 4.725586 24.778181 10.769531
v 6.994307 23.518091 8.189727
v 7.444385 20.659157 4.589667
v 7.248713 22.823408 2.613491
v 6.582653 25.724812 0.530334
v 7.138371 29.249687 -1.543857
v 6.976178 29.091997 -1.880132
v 6.424428 25.531609 0.218090
v 4.508809 24.662067 10.889789
v 5.083350 24.164995 10.747526
v 4.867366 24.031464 10.878135
v 7.194358 21.874258 8.843158
v 6.976857 21.618128 8.890354
v 7.084739 22.606861 2.322045
v 3.596766 26.911747 10.098522
v 3.925873 26.827608 10.218942
v 4.043912 25.027628 10.506920
v 3.766503 24.798111 10.389387
v 3.787430 31.043711 8.186658
v 3.458639 30.838928 8.239445
v 3.477607 32.752369 7.291466
v 3.797812 32.616020 7.406096
v 3.808795 28.110954 9.479932
v 3.499088 27.845795 9.438872
v 3.451091 29.905928 8.709119
v 3.786028 29.793186 8.814857
v 11.330868 47.611626 3.962380
v 11.122719 47.644020 4.016010
v 11.513447 47.600212 3.279445
v 11.338497 47.641979 3.148293
v 8.022101 48.360176 2.886595
v 7.643345 49.128822 2.990484
v 7.460651 47.776775 2.740784
v -1.956961 33.548069 5.237626
v -2.083882 31.373852 5.899483
v -0.034344 32.360863 4.332409
v -4.932299 34.149540 5.217953
v -3.847501 30.534027 5.800424
v -1.698542 24.160725 6.407613
v -2.874955 13.040029 0.557872
v -1.777111 10.719651 -2.415508
v -0.018258 12.094669 -3.631030
v -1.382382 15.025656 1.834606
v -3.217928 17.309786 6.029385
v -1.038113 17.978254 3.403862
v 0.107327 23.894104 3.725016
v -0.059014 28.802305 2.225479
v -2.565749 35.996628 5.312126
v -5.943011 36.346230 3.145581
v -7.753369 35.963318 -0.544453
v -7.325833 34.884277 2.637962
v -5.111554 31.591270 4.977732
v -7.050187 32.195564 3.041548
v -6.982706 32.262417 -0.261770
v -6.861521 32.085102 -1.455258
v -6.603554 32.865189 -4.725014
v -6.761630 31.103539 -3.465667
v -6.440221 29.556908 -3.809328
v -4.094137 31.565619 -5.980488
v -4.324028 29.235771 -5.403196
v -1.751005 29.303465 -6.146379
v -1.273702 26.660984 -4.437795
v 0.809139 27.171215 -1.108662
v -1.733495 31.985920 -7.046399
v 0.468340 22.433348 0.644456
v -3.488687 36.993752 -6.051778
v -5.473618 36.279778 -5.525120
v -4.678220 23.263346 -2.333561
v -1.683451 22.746365 -2.139319
v -3.919822 17.101454 -0.744115
v -0.315813 17.184839 1.954173
v -3.574439 18.045700 -1.723699
v -0.453476 16.818945 -0.869951
v -0.877920 16.186026 -8.684855
v -0.213113 14.461209 -5.075713
v -6.746123 22.092829 -2.135319
v -6.060013 25.534832 -2.203406
v 0.037344 12.587252 -6.769743
v -1.078278 14.625463 -10.720990
v -4.783758 17.623137 -8.315988
v -6.908866 17.672445 -2.356024
v -7.181886 19.247574 -1.084033
v -0.377544 11.806183 -9.578860
v 0.579843 10.125077 -5.912854
v -0.207536 10.205819 -7.038213
v -0.487111 9.889976 -8.156584
v -0.909887 11.601629 -9.789585
v -1.104869 9.890932 -8.962171
v -1.633787 14.067944 -10.637695
v -4.446411 15.213733 -10.620926
v -5.350626 16.216566 -9.456868
v -7.076838 15.757004 -7.274789
v -6.838859 15.044222 -8.718590
v -7.558781 11.281372 -6.242046
v -7.167726 10.821416 -7.202717
v -5.008420 8.420123 -5.118680
v -1.287300 8.148642 -5.629860
v -5.021695 10.297599 -3.266025
v -1.339939 9.289122 -3.621592
v -4.950926 11.198826 -0.493498
v -6.449457 14.110634 -1.252053
v -6.522513 13.966209 -10.917531
v -6.937061 11.899178 -8.616570
v -7.055268 10.119695 -9.001588
v -4.508903 8.383129 -7.425175
v -2.389462 8.474096 -7.492346
v -2.117927 9.095113 -8.621790
v -4.020054 9.073513 -8.759789
v -5.686889 9.844248 -9.451687
v -5.577656 11.594973 -10.291664
v -3.861601 14.026241 -10.800220
v 7.614636 46.438099 2.571718
v 7.253823 47.251774 2.736940
v 7.340410 45.715084 2.555571
v 8.830552 47.295155 -0.757260
v 8.612463 46.972324 -0.772554
v 8.356019 49.748917 -4.468520
v 8.630637 53.898525 -5.333649
v 9.016587 57.823566 -4.032558
v 8.154331 58.824997 0.408995
v 8.603191 57.865894 0.302094
v 7.210572 59.183235 -0.381182
v 6.880508 58.647972 2.322007
v 8.496099 55.582092 2.874990
v 7.777905 49.984585 2.755813
v 8.543177 48.911133 -0.764207
v 8.149109 49.194664 -1.155315
v 8.725522 45.506889 -0.137607
v 8.633378 44.440140 -1.155131
v 7.784144 44.245262 2.176015
v 8.871079 48.235783 -0.731544
v 8.647089 48.113590 -4.454334
v 8.338266 48.736622 2.085382
v 8.347604 47.439846 2.245738
v 8.148750 47.398560 2.076722
v 7.775107 47.668171 2.705669
v 7.757509 49.061646 3.682959
v 7.956811 48.990921 2.891288
v 8.078309 48.910271 3.091866
v 8.519148 48.682110 2.253896
v 7.917881 47.695797 2.923051
v 7.652434 47.777378 3.373814
v 7.541476 47.739826 3.432491
v 7.843981 48.987465 3.603962
v 9.050828 46.265533 -0.834364
v 8.374146 46.362797 -4.318948
v 7.543814 47.154869 2.557115
v 8.160824 45.453392 1.565210
v 7.701204 45.650311 2.362218
v 7.491255 45.626400 3.260897
v 7.616154 45.689873 3.156936
v 7.819907 45.686165 2.453909
v 8.304212 45.497810 1.612249
v 7.955195 46.932922 1.635048
v 7.672464 47.103035 2.612950
v 7.362604 47.244835 3.317026
v 7.453320 47.168453 3.234084
v 8.093945 46.883167 1.676422
v 8.192371 43.959839 1.286073
v 8.151334 44.077076 2.238839
v 8.393266 43.895290 1.477904
v 7.431560 42.607903 3.111927
v 7.503984 42.791199 2.391154
v 7.604299 44.289963 3.012353
v 7.736976 44.228016 2.791155
v 8.138803 42.463219 2.392128
v 8.379025 42.293232 1.770933
v 8.178094 42.246681 1.598704
v 7.938405 42.428684 2.215353
v 7.545762 42.615681 2.905977
v 7.873762 41.429710 -1.555931
v 7.338023 41.461548 2.087280
v 7.665053 40.295460 -1.566464
v 8.087455 40.832989 -1.570151
v 7.212839 40.374310 2.541135
v 8.445181 42.949558 -1.284735
v 6.823439 40.918293 -5.383151
v 8.867795 43.642853 -1.181967
v 7.960055 44.013935 -4.610027
v -4.001090 37.936424 6.057599
v -0.064254 38.106194 6.037323
v -4.024920 37.922649 5.432833
v -0.026072 38.024860 6.789407
v 3.629032 38.842464 5.114568
v 3.652860 38.856247 5.739274
v 4.230096 38.473347 5.728812
v 4.206261 38.459564 5.103873
v 4.063466 35.209377 5.792070
v 3.381332 32.541088 6.552968
v 2.625901 29.877432 6.576043
v 2.225401 29.364252 6.554905
v 1.050338 29.117817 6.250763
v -0.258185 29.133905 5.846117
v -1.572258 29.163082 6.244684
v -2.645987 29.423880 6.532249
v -3.135985 30.039373 6.560624
v -3.779471 32.630051 6.542678
v -4.202379 35.127995 5.853063
v -4.411249 37.369888 5.453324
v 4.062644 35.211697 6.419624
v 3.380030 32.546185 7.179588
v 2.624601 29.882517 7.201298
v 2.224106 29.369329 7.179007
v 3.905250 35.261829 6.678550
v 3.205946 32.621643 7.436294
v 2.472838 30.034468 7.451846
v 2.152551 29.596369 7.428971
v 0.857361 29.692148 6.987174
v 1.049061 29.122833 6.867559
v -0.259465 29.138912 6.461878
v -1.573540 29.168097 6.861492
v -2.647264 29.428873 7.146452
v -2.553460 29.597795 7.411081
v -2.971106 30.128386 7.441766
v -1.343736 29.730116 6.980889
v -3.137261 30.044378 7.176290
v -3.900526 37.743176 6.330456
v -4.202505 37.407326 6.322853
v 0.017457 37.761574 7.106128
v -4.087409 35.251305 6.710169
v -0.132318 35.535782 6.661806
v -3.612531 32.739147 7.421208
v -0.184418 32.515812 6.777709
v 4.087471 38.278202 6.026913
v -3.780766 32.635147 7.169299
v -4.250508 35.188065 6.455362
v -4.394940 37.407642 6.069099
v 3.667455 38.590111 6.022511
v -1.327972 45.736801 9.409640
v -1.449274 45.563187 10.034826
v -1.702644 45.782097 9.686401
v -0.934488 45.425072 9.797760
v -0.830915 45.506638 10.346071
v -1.734825 45.944794 9.196694
v -1.951548 46.017448 9.477538
v -1.112638 45.676231 10.586324
v -0.728041 45.803612 10.609403
v -0.314224 45.665722 10.322820
v -0.512468 45.721466 9.894159
v -0.938686 45.978226 9.465560
v -1.490934 46.049309 8.990335
v -2.365810 46.589977 8.416090
v 2.605836 38.064716 4.866585
v 0.042874 37.307224 4.887901
v -2.583993 37.594398 5.038186
v -4.552530 46.776207 7.385259
v -4.809462 47.377178 7.779916
v -1.256627 38.193768 5.947194
v 0.601024 38.362080 6.038860
v -6.213591 47.350334 9.668117
v -7.120518 46.005062 10.657951
v 6.252325 59.696140 -0.500065
v 5.729013 58.739902 2.576713
v 6.024045 59.027058 2.397399
v 6.080743 59.370708 -0.562726
v 6.732381 58.958237 2.179444
v 7.153578 59.489723 -0.357305
v 6.852627 58.961266 2.625280
v 6.902012 58.831631 2.803720
v 6.899197 58.858814 2.397516
v 5.815934 58.899113 2.638562
v 5.911903 59.043781 2.851841
v 5.787831 58.997116 3.090480
v -0.523531 45.939960 10.141434
v -0.984247 46.311424 9.790976
v -1.194916 46.349735 10.103787
v -0.587072 45.895367 10.712054
v -0.340004 45.745872 10.488420
v -0.788975 45.944271 10.412922
v 6.490198 38.936188 -1.935220
v 5.198214 38.200241 -5.853328
v 5.377847 38.653816 1.723245
v -7.523948 37.334991 -1.365378
v -5.577276 37.716663 -5.595997
v -5.468331 37.814644 2.227553
v 0.931664 38.724358 7.254903
v 2.715979 39.106014 7.047110
v 2.761188 38.665340 6.475964
v 0.846429 38.375679 6.608575
v -0.756732 10.666153 -10.909245
v -1.673122 12.533946 -11.604095
v -0.669486 10.017085 -12.385633
v -1.716629 12.546675 -13.091723
v -1.914025 12.228906 -14.913371
v -0.642770 9.623948 -14.842651
v -1.827416 11.592090 -15.862631
v -0.579201 7.937723 -15.205550
v -0.430070 4.577270 -14.052886
v -0.587716 4.552141 -12.851631
v -0.815641 1.976961 -11.750691
v -1.260450 4.600451 -11.793302
v -0.565800 8.272691 -11.819191
v -1.030727 9.047869 -10.063133
v -0.847302 1.426551 -13.099186
v -2.050871 8.170921 -9.478140
v -4.131120 6.994823 -10.868868
v -2.252579 6.956670 -10.646293
v -3.919043 8.206882 -9.669433
v -2.240959 4.373982 -11.168055
v -5.465309 2.008600 -12.475327
v -4.055509 1.195788 -11.195435
v -4.928235 2.743516 -11.596521
v -4.368921 0.706207 -11.881577
v -2.125354 0.702224 -11.419727
v -2.248066 0.418962 -12.549137
v -1.427081 2.757433 -11.044146
v -2.340064 2.770674 -10.869383
v -3.935143 4.365088 -11.530405
v -5.001312 4.782621 -12.499206
v -4.998075 8.402195 -12.247584
v -5.129390 8.936701 -10.662738
v -2.338193 1.245770 -10.804568
v -3.954443 2.771219 -11.194255
v -3.931602 0.492440 -12.704634
v -5.312511 1.503120 -13.557067
v -0.220217 5.662486 -15.155442
v -0.647816 1.144947 -13.798950
v 6.870032 39.255947 -4.488014
v 7.021947 39.683987 -4.618963
v 5.091547 40.210934 -6.471030
v 1.497331 40.204018 -8.088164
v -1.325551 39.668835 -8.228572
v -1.209411 39.241627 -7.943297
v 8.881998 34.511604 -9.070561
v 7.853677 34.098255 -5.461229
v 7.774666 33.296059 -6.821249
v 8.931381 36.281277 -8.426608
v 8.537510 37.386944 -6.070006
v -0.782637 37.089962 -10.521049
v -0.902191 34.571899 -9.306402
v 1.382270 34.501884 -12.953892
v 0.932240 36.240986 -12.592399
v 7.385929 36.651169 -10.803966
v 3.147638 38.627640 -11.750530
v 6.972299 38.635052 -9.995686
v 9.235100 36.474949 -8.564415
v 8.715986 38.224220 -7.939350
v 8.763000 37.702480 -6.190857
v 0.849993 36.433083 -12.956004
v 3.236412 36.416004 -12.403505
v -0.844952 37.549847 -10.928706
v 0.714003 38.202175 -12.092270
v 3.338023 36.633533 -12.696832
v 7.283272 36.433727 -10.511115
v -6.517879 25.549734 -2.127216
v -7.038104 22.016514 -2.331300
v -7.222226 22.121071 -1.993823
v -6.337721 25.501591 -2.489152
v -4.445381 30.317711 5.764291
v -4.623349 30.457529 6.108311
v -4.515966 29.831018 5.897772
v -5.322245 31.714455 5.330040
v -5.583791 31.441692 5.256546
v -7.526243 32.475506 3.208743
v -8.036250 32.043072 3.168514
v -7.482028 32.543987 -0.221941
v -7.968853 32.109909 -0.134773
v -7.338126 32.113537 -1.311849
v -7.806431 28.792988 0.372841
v -8.323780 23.607725 1.130638
v -7.514470 19.410557 -0.900544
v -7.108936 32.323067 -1.490138
v -7.043893 31.238689 -3.664612
v -7.320098 20.848885 3.484651
v -7.547850 24.039921 4.215923
v -7.337203 29.154997 3.872087
v -5.019411 24.465553 6.303019
v -4.908199 30.346613 5.908572
v -4.736200 24.493219 6.512126
v -5.019132 20.966234 6.561735
v -4.994310 20.144621 6.193903
v -5.369009 20.382063 6.311357
v -7.090056 19.030222 3.340743
v -7.324047 18.823780 3.487345
v -7.541150 19.082752 3.517941
v -5.578054 20.554689 6.221667
v -5.229393 21.118940 6.475695
v -4.588328 24.472347 6.232379
v -4.739411 23.448933 6.528412
v -4.025179 23.353212 6.492213
v -3.895502 24.355198 6.219569
v -4.206078 20.692572 6.145026
v -4.381264 19.733212 6.249638
v -4.861340 21.277727 6.105140
v -4.575108 26.724407 6.246486
v -4.546844 27.679617 6.133774
v -3.825268 26.663721 6.235382
v -3.813877 27.581871 6.129786
v -3.795311 29.828077 5.886188
v -6.936273 14.566489 -0.159398
v -5.160849 16.227600 5.142031
v -6.444246 16.194431 -2.994556
v -3.878637 27.666706 6.272431
v -4.209259 27.887867 6.319964
v -3.861125 29.789717 6.042590
v -4.189575 29.632879 6.129931
v -3.958540 24.444180 6.362100
v -4.277929 24.692350 6.537913
v -3.889335 26.628977 6.391360
v -4.228835 26.490215 6.430848
v -4.248989 21.258598 6.185779
v -4.542869 21.520182 6.446773
v -4.085960 23.341103 6.652118
v -4.420878 23.224075 6.715576
v -6.732131 29.551472 -4.025352
v -7.238149 31.131943 -3.322242
v -6.916544 29.585323 -3.666053
v 10.736076 47.255520 6.739912
v 10.941311 47.240646 6.689116
v 11.068157 47.262569 5.854589
v 10.983017 47.251644 5.747576
v 6.129128 -1.071931 10.498934
v 1.478013 61.022354 5.480196
v 2.055786 60.949654 4.834864
v 1.590302 61.390610 4.992137
v 1.872235 60.648903 5.346999
v 2.224958 60.352459 4.609933
v 2.015508 60.143131 5.156503
v 0.938474 61.163429 5.520400
v 0.398187 61.034313 5.456845
v 0.001921 60.669613 5.306555
v -0.144144 60.167046 5.109802
v -0.000871 59.661274 4.919308
v 0.393351 59.287819 4.786113
v 0.924756 59.146370 4.745672
v 1.869443 59.640564 4.959754
v 1.576602 59.324913 4.199529
v 2.052489 59.759041 4.377615
v 1.473177 59.275860 4.809464
v 0.937256 59.175545 4.124845
v 0.301778 59.345207 4.172750
v -0.155917 59.783497 4.329861
v -0.325090 60.380699 4.554790
v -0.152620 60.974110 4.787109
v 0.315278 61.404732 4.964566
v 0.953231 61.557190 5.039610
v -3.463754 38.109207 6.437205
v -1.158209 38.145729 6.549867
v -1.148146 38.634102 7.366233
v -3.313550 38.601692 7.251302
v -3.897458 12.609213 -11.847758
v -3.567006 12.539324 -13.406286
v -3.807552 12.105989 -15.350351
v -3.925423 11.547774 -16.152689
v -5.014099 9.721161 -15.547589
v -4.902762 10.147045 -12.696057
v -4.906866 10.548615 -11.583167
v -5.894204 4.858231 -13.865200
v -5.758272 4.732625 -14.626098
v -5.146933 8.051196 -15.683709
v -5.170232 1.221109 -14.267574
v -5.695510 5.835804 -15.786619
v 0.949934 60.366577 4.582362
v -3.782076 11.226350 -17.105207
v -1.679843 11.254038 -16.872667
v -4.853293 9.402715 -16.774950
v -5.053045 7.854418 -16.303850
v -2.180036 0.159970 -12.596477
v -3.953036 0.233931 -12.767380
v -3.828331 0.046326 -13.437660
v -2.057947 -0.010856 -13.239836
v 1.235687 33.201019 -9.875266
v 3.425656 33.667969 -11.804316
v 5.462993 32.952469 -7.851528
v 6.788882 33.674351 -10.315926
v 7.420409 35.092957 -11.193033
v 3.722934 35.094841 -12.873362
v 0.646039 -0.528628 10.717525
v -0.485305 7.741186 -15.825761
v -0.434010 9.238389 -16.275042
v 8.083286 39.776928 1.463663
v 7.459696 40.130848 2.434870
v 7.954305 39.720741 1.438422
v 7.733100 41.091839 0.896858
v 7.176892 40.255558 3.321980
v 7.370118 41.607552 2.967516
v 7.513706 41.425606 2.101682
v 7.874237 41.049641 0.962719
v 7.605151 40.133450 2.507879
v 7.307662 40.283440 3.225404
v 7.474194 41.573040 2.890437
vn 0.6093 -0.6432 -0.4637
vn 0.8335 -0.5089 0.2152
vn 0.7770 -0.6290 0.0252
vn 0.1442 -0.9895 0.0097
vn 0.6779 -0.6834 0.2710
vn 0.4210 -0.0866 -0.9029
vn 0.1122 0.3094 -0.9443
vn 0.1831 0.2882 -0.9399
vn -0.5049 0.8552 0.1169
vn -0.7202 0.6562 0.2252
vn -0.1491 0.0963 0.9841
vn -0.2062 -0.1245 0.9706
vn 0.3635 -0.0864 -0.9276
vn 0.1365 -0.2032 -0.9696
vn -0.0631 -0.4311 -0.9001
vn -0.0166 -0.3877 -0.9217
vn -0.1005 0.2306 -0.9678
vn -0.7523 0.5091 -0.4181
vn -0.3333 -0.2808 0.9000
vn -0.8071 -0.0941 0.5829
vn -0.4610 0.1755 0.8699
vn -0.2876 0.3270 0.9002
vn -0.6793 0.5980 0.4253
vn -0.9277 0.1958 0.3179
vn -0.9021 0.3769 -0.2101
vn -0.6272 -0.1530 -0.7637
vn -0.3723 0.3589 -0.8559
vn 0.1894 -0.1692 -0.9672
vn 0.2187 0.1581 -0.9629
vn 0.3262 0.1657 -0.9307
vn 0.7108 0.0499 -0.7017
vn 0.5769 0.1153 -0.8086
vn 0.1411 0.4154 -0.8986
vn -0.6369 0.7303 0.2473
vn -0.7793 0.6013 -0.1765
vn -0.2110 0.2470 0.9458
vn -0.2839 0.1337 0.9495
vn -0.2436 0.2161 0.9455
vn 0.3048 -0.2599 -0.9163
vn 0.3513 0.2733 -0.8955
vn -0.0296 0.7470 -0.6641
vn -0.0970 0.2861 -0.9533
vn 0.1397 -0.7655 -0.6281
vn 0.6069 0.3630 0.7071
vn 0.6141 0.6004 -0.5122
vn 0.5198 0.5941 -0.6139
vn -0.4804 0.8112 0.3334
vn 0.0061 0.5652 0.8249
vn -0.1733 0.3292 0.9282
vn -0.7600 0.4260 0.4909
vn -0.7214 -0.2463 0.6472
vn -0.5011 0.7769 -0.3812
vn -0.7514 0.1287 -0.6472
vn -0.3217 0.8181 0.4767
vn 0.1043 0.6852 0.7209
vn 0.5179 0.8198 0.2445
vn 0.9852 0.1401 -0.0991
vn 0.2103 -0.9183 0.3355
vn 0.8752 -0.2661 -0.4040
vn 0.6832 0.5469 -0.4838
vn 0.1726 0.9535 0.2469
vn 0.2470 0.9572 0.1509
vn 0.1810 0.7017 -0.6891
vn 0.1631 0.9866 0.0028
vn -0.0913 0.7150 -0.6931
vn 0.2733 0.9618 0.0174
vn -0.0686 -0.2750 -0.9590
vn -0.3093 -0.1805 -0.9337
vn -0.1919 -0.9686 -0.1584
vn -0.1616 -0.9864 0.0296
vn 0.0203 0.7461 -0.6655
vn -0.2165 -0.1897 -0.9577
vn -0.2106 -0.9591 -0.1894
vn 0.1529 -0.9719 -0.1788
vn 0.1128 -0.2487 -0.9620
vn 0.7145 -0.6131 0.3371
vn 0.8159 -0.0659 -0.5745
vn 0.9249 0.1516 0.3486
vn 0.3394 0.6419 -0.6876
vn 0.5774 0.7869 0.2177
vn 0.2485 0.9399 0.2342
vn 0.0897 0.8818 0.4631
vn 0.5327 0.7102 0.4602
vn 0.6185 0.6951 -0.3664
vn 0.2613 0.9335 -0.2455
vn -0.3246 0.9356 0.1388
vn -0.5119 0.8526 -0.1046
vn -0.8525 0.4553 0.2567
vn 0.2115 0.7892 -0.5766
vn 0.3550 0.9087 -0.2195
vn 0.6073 0.5796 -0.5433
vn 0.6337 0.2769 -0.7223
vn 0.5341 0.5344 -0.6551
vn 0.8523 0.5180 0.0724
vn 0.7576 0.3806 0.5303
vn 0.5014 0.4857 0.7160
vn 0.6828 0.2531 0.6854
vn -0.0486 -0.0128 0.9987
vn 0.2989 -0.2156 0.9296
vn -0.5010 -0.5130 0.6971
vn -0.3049 -0.7265 0.6158
vn -0.7852 -0.4442 0.4314
vn -0.9080 -0.4177 -0.0313
vn -0.8944 0.2797 0.3491
vn -0.4030 0.2423 0.8826
vn -0.0016 0.8211 0.5707
vn -0.4719 0.2421 0.8478
vn 0.2710 0.9459 0.1781
vn 0.2880 0.7406 0.6072
vn 0.7087 0.7055 -0.0057
vn -0.0421 0.8733 -0.4853
vn 0.0033 0.9999 0.0119
vn -0.4373 0.8876 0.1444
vn 0.2786 0.3852 0.8798
vn 0.9504 0.2702 -0.1544
vn -0.0825 0.5384 -0.8387
vn -0.7424 0.6315 0.2235
vn 0.2194 0.8677 -0.4460
vn 0.3137 0.9485 -0.0435
vn 0.4248 0.8935 -0.1453
vn 0.3467 0.9348 0.0770
vn 0.1866 0.9814 0.0453
vn 0.3036 0.9413 0.1473
vn 0.1886 0.9806 0.0524
vn 0.1945 0.9431 0.2698
vn 0.3542 0.9105 0.2134
vn 0.3543 0.9105 0.2134
vn -0.6481 0.3326 0.6851
vn -0.3101 0.8406 -0.4442
vn -0.5772 0.7496 -0.3240
vn 0.0316 0.9988 -0.0384
vn 0.2005 0.9678 0.1524
vn -0.6316 0.0423 0.7742
vn -0.1081 0.5322 -0.8397
vn 0.5163 -0.1807 -0.8371
vn 0.6666 0.0407 -0.7443
vn 0.7013 0.7092 -0.0721
vn 0.2993 0.9389 0.1701
vn 0.2122 0.7939 0.5699
vn -0.1343 0.9220 0.3633
vn -0.5696 0.1550 0.8071
vn -0.6961 0.3390 0.6329
vn -0.7473 -0.1552 0.6462
vn -0.3200 0.3203 -0.8916
vn 0.5043 0.5430 0.6714
vn 0.8742 0.4447 0.1950
vn -0.1518 -0.1377 0.9788
vn -0.9172 0.0678 -0.3927
vn -0.9850 0.1609 -0.0631
vn 0.0805 -0.1660 -0.9828
vn -0.6873 0.1467 0.7114
vn -0.9078 -0.3788 0.1803
vn -0.6622 -0.2967 0.6881
vn -0.5830 -0.2947 0.7571
vn -0.6258 -0.2684 0.7323
vn -0.7015 -0.2135 0.6799
vn -0.3583 -0.4051 0.8411
vn -0.0299 -0.5083 0.8606
vn 0.0758 0.3276 0.9418
vn 0.1471 0.4096 0.9003
vn 0.1127 0.2916 0.9499
vn 0.3369 -0.0195 0.9413
vn 0.0763 0.1685 0.9828
vn 0.2170 0.1759 0.9602
vn 0.1281 -0.5998 0.7898
vn 0.2448 -0.1927 0.9502
vn -0.6025 -0.6006 -0.5256
vn -0.4939 -0.1235 -0.8607
vn -0.7446 -0.6159 0.2572
vn -0.6345 -0.3869 -0.6691
vn 0.0526 -0.1452 0.9880
vn -0.7001 0.5715 -0.4281
vn -0.2949 0.8919 -0.3427
vn -0.4801 0.6224 -0.6182
vn -0.6639 0.7004 -0.2620
vn 0.1026 0.8517 0.5139
vn -0.0649 0.6937 0.7174
vn 0.0473 0.7297 0.6822
vn 0.6476 0.3454 0.6792
vn 0.3750 0.0052 0.9270
vn 0.8838 0.0038 0.4679
vn 0.2148 -0.0468 0.9755
vn 0.6498 -0.3224 0.6884
vn 0.4299 -0.1150 0.8955
vn 0.6880 -0.7235 0.0562
vn 0.6465 -0.7606 0.0600
vn -0.3345 -0.8994 0.2813
vn 0.3812 0.2987 0.8749
vn 0.8088 -0.5881 0.0012
vn 0.9395 -0.2870 -0.1870
vn 0.9478 0.2319 0.2187
vn 0.5860 0.0111 0.8102
vn 0.9321 -0.0487 -0.3589
vn -0.4937 0.7277 0.4761
vn -0.8535 0.4941 -0.1656
vn -0.0105 0.4689 0.8832
vn -0.2822 0.1658 0.9449
vn 0.1062 -0.1923 0.9756
vn 0.2219 0.1043 0.9695
vn 0.3070 0.2590 0.9158
vn 0.2677 0.3716 0.8890
vn -0.8113 0.4552 -0.3668
vn -0.8386 0.4331 -0.3304
vn -0.8726 0.4809 -0.0849
vn -0.1476 0.8215 -0.5508
vn -0.0651 0.5054 -0.8604
vn -0.6129 0.7864 -0.0767
vn 0.7341 0.6698 -0.1119
vn 0.9279 0.3437 -0.1443
vn 0.3109 0.8198 0.4808
vn 0.3048 0.6166 0.7259
vn -0.2432 0.9643 0.1049
vn 0.3303 -0.9251 -0.1872
vn -0.5384 -0.7829 -0.3118
vn 0.0016 -0.9013 0.4333
vn -0.1201 -0.4062 -0.9059
vn -0.4447 -0.8360 -0.3214
vn -0.6898 0.0129 0.7239
vn -0.8740 -0.4336 -0.2194
vn -0.7336 -0.6034 -0.3126
vn -0.7986 0.1311 -0.5875
vn -0.3077 0.3201 -0.8960
vn -0.2275 0.5125 0.8280
vn 0.6028 0.6982 0.3861
vn -0.0719 0.0529 0.9960
vn -0.6317 0.4983 0.5938
vn -0.7754 0.3430 0.5302
vn -0.3798 -0.5523 -0.7421
vn -0.0705 -0.9781 -0.1959
vn -0.3321 -0.8897 -0.3133
vn 0.6634 -0.1865 -0.7246
vn -0.2920 -0.1435 0.9456
vn -0.3047 -0.7299 0.6118
vn -0.4386 0.1397 0.8877
vn -0.4180 -0.5555 0.7188
vn -0.6329 -0.2029 0.7472
vn -0.4677 0.5582 0.6853
vn -0.3856 0.2775 0.8800
vn -0.1943 -0.4393 0.8771
vn -0.2501 -0.0587 0.9664
vn -0.2921 -0.2559 0.9215
vn -0.2871 0.0521 0.9565
vn -0.3726 -0.2461 0.8948
vn -0.4278 0.1899 0.8837
vn -0.3827 -0.2241 0.8963
vn -0.1996 0.7908 0.5786
vn -0.5750 -0.6596 0.4840
vn -0.5186 -0.6708 0.5301
vn 0.1048 -0.8832 0.4572
vn -0.4655 -0.6747 0.5727
vn 0.2367 -0.9715 0.0122
vn -0.1226 0.4431 0.8881
vn -0.2165 0.6807 0.6998
vn 0.2415 0.8727 -0.4243
vn -0.2695 0.9418 0.2010
vn -0.0812 0.9889 -0.1241
vn -0.2450 0.6824 -0.6887
vn 0.3339 0.5227 -0.7844
vn 0.5632 0.6405 0.5221
vn 0.0078 0.7840 0.6207
vn 0.0114 0.9603 0.2787
vn 0.3857 0.8842 -0.2634
vn 0.5407 0.3338 -0.7721
vn 0.5153 0.8369 -0.1847
vn 0.5958 0.7984 -0.0872
vn 0.2608 0.8617 0.4354
vn 0.1502 0.8613 0.4853
vn -0.1338 0.4169 0.8991
vn -0.3439 0.4739 0.8106
vn -0.6723 -0.1977 0.7134
vn -0.3394 0.4584 0.8214
vn -0.7356 -0.1742 0.6546
vn -0.2465 0.5406 0.8044
vn 0.6723 0.1748 -0.7194
vn 0.2462 0.8746 0.4176
vn 0.3604 0.7346 0.5748
vn 0.2168 0.9591 0.1818
vn -0.0162 0.7003 0.7136
vn -0.3040 0.0229 0.9524
vn 0.1843 -0.2000 0.9623
vn 0.2917 0.5276 0.7978
vn 0.5387 0.3939 0.7447
vn 0.2510 0.5789 0.7758
vn 0.2922 0.6318 0.7179
vn 0.2723 -0.1879 0.9437
vn 0.0269 -0.7848 0.6192
vn 0.2094 -0.1761 0.9618
vn 0.4389 -0.2388 0.8662
vn 0.3390 -0.4897 0.8033
vn 0.0526 -0.3708 0.9272
vn 0.1963 -0.6167 0.7623
vn 0.0706 -0.8409 0.5366
vn 0.0276 -0.7932 0.6083
vn 0.1927 -0.7689 0.6096
vn -0.2955 0.3485 -0.8895
vn 0.3545 0.6262 -0.6944
vn 0.0440 -0.1112 -0.9928
vn 0.5205 -0.4025 -0.7530
vn 0.7835 0.3283 -0.5276
vn 0.7473 -0.5719 -0.3383
vn 0.9498 -0.1630 -0.2672
vn 0.8763 -0.1386 0.4614
vn 0.6339 -0.5806 0.5110
vn -0.1489 -0.3827 -0.9118
vn 0.1810 -0.6592 -0.7299
vn 0.5292 -0.7772 -0.3404
vn 0.6074 -0.7570 0.2407
vn 0.2095 -0.5777 0.7889
vn 0.1268 -0.0284 -0.9915
vn 0.4368 -0.5057 -0.7440
vn 0.0100 -0.2417 -0.9703
vn 0.5420 -0.3146 -0.7793
vn 0.7716 -0.4969 -0.3972
vn 0.5949 -0.6521 -0.4700
vn 0.7019 -0.6810 0.2086
vn 0.5995 -0.7750 0.1998
vn 0.5148 -0.6095 0.6029
vn 0.5151 -0.7277 0.4529
vn 0.8298 -0.5382 -0.1478
vn 0.4800 -0.6738 -0.5618
vn 0.2116 -0.6467 -0.7328
vn -0.1162 -0.4423 -0.8893
vn 0.2015 -0.0983 -0.9746
vn 0.1009 -0.0835 -0.9914
vn 0.5866 -0.3379 -0.7361
vn 0.5100 -0.3845 -0.7695
vn 0.6789 -0.3462 -0.6475
vn 0.5653 -0.3451 -0.7492
vn 0.8002 -0.5576 -0.2208
vn 0.7354 -0.6754 -0.0541
vn 0.5386 -0.7771 -0.3257
vn 0.7772 0.1421 -0.6130
vn -0.0048 -0.5177 -0.8556
vn -0.3117 -0.1059 -0.9443
vn -0.7973 0.5723 -0.1917
vn -0.6318 0.5744 -0.5205
vn -0.6271 0.0427 -0.7777
vn 0.4681 -0.4812 0.7411
vn 0.4076 -0.8661 0.2894
vn -0.7906 -0.5873 -0.1731
vn -0.9723 -0.2129 -0.0962
vn -0.3523 0.7778 -0.5205
vn -0.0736 0.0778 -0.9943
vn 0.2755 0.4332 -0.8581
vn 0.4261 -0.6834 -0.5928
vn 0.3397 -0.7225 -0.6022
vn 0.7057 0.0970 -0.7019
vn 0.6794 0.5275 -0.5101
vn 0.3991 0.8813 -0.2529
vn 0.3472 -0.3532 -0.8687
vn -0.0293 -0.8453 -0.5335
vn -0.1272 -0.9852 -0.1148
vn -0.1447 -0.9773 -0.1550
vn 0.1255 -0.9822 0.1399
vn 0.5651 -0.7334 -0.3779
vn 0.8045 0.0898 -0.5871
vn 0.9080 0.1338 -0.3971
vn 0.8400 -0.5376 0.0730
vn 0.3711 -0.8414 0.3929
vn 0.0995 -0.7568 0.6460
vn 0.1070 -0.9701 0.2178
vn -0.3258 -0.9441 0.0497
vn -0.2883 -0.9463 0.1459
vn -0.3871 -0.9211 0.0415
vn -0.8203 -0.2180 -0.5288
vn -0.7981 -0.5795 -0.1649
vn -0.3993 -0.2547 -0.8807
vn -0.5629 -0.2247 -0.7954
vn -0.3161 -0.3154 -0.8948
vn 0.2505 -0.6164 -0.7465
vn 0.2558 -0.5774 -0.7754
vn 0.5314 -0.7927 0.2987
vn 0.6654 -0.7315 0.1491
vn 0.8444 -0.5189 0.1330
vn 0.3346 -0.4787 -0.8117
vn -0.2956 -0.4051 -0.8651
vn -0.5250 -0.2198 -0.8222
vn -0.3817 -0.2353 -0.8938
vn -0.3939 -0.1508 -0.9067
vn -0.5670 -0.3798 -0.7309
vn 0.0460 -0.6969 -0.7157
vn 0.8995 -0.0450 -0.4346
vn 0.9784 -0.0284 -0.2049
vn 0.6697 -0.3394 0.6605
vn 0.5053 -0.3780 0.7758
vn 0.5996 0.5505 -0.5809
vn 0.9865 -0.1507 -0.0638
vn 0.9787 -0.1998 0.0474
vn 0.2477 0.3037 0.9200
vn 0.5514 0.2327 0.8011
vn 0.0670 0.5801 0.8118
vn -0.0292 -0.1844 0.9824
vn 0.1469 -0.4399 0.8859
vn -0.3154 -0.1074 0.9429
vn -0.7405 -0.6101 -0.2818
vn -0.9736 0.2211 0.0562
vn -0.9237 -0.3806 -0.0438
vn -0.9502 0.2129 0.2274
vn -0.9141 -0.1151 -0.3889
vn -0.8815 0.1989 0.4282
vn -0.5880 0.2230 0.7775
vn -0.9310 0.3013 0.2061
vn -0.9834 0.1763 -0.0423
vn -0.9701 0.2302 0.0774
vn -0.9044 0.0557 0.4230
vn -0.9486 -0.0726 -0.3082
vn -0.7781 -0.1113 -0.6183
vn -0.9052 -0.1113 -0.4102
vn -0.9995 0.0322 0.0051
vn -0.5752 0.3251 -0.7506
vn 0.0148 -0.6948 -0.7190
vn -0.2454 -0.6961 -0.6747
vn -0.2409 -0.0831 -0.9670
vn -0.7481 -0.0916 -0.6573
vn -0.2487 -0.0238 -0.9683
vn -0.7006 -0.0880 -0.7081
vn -0.9710 0.0634 -0.2303
vn -0.9255 0.1454 -0.3498
vn -0.9567 0.2881 -0.0424
vn -0.0330 -0.9855 -0.1663
vn 0.2360 -0.7024 -0.6715
vn 0.5939 -0.8041 -0.0263
vn 0.0417 -0.0770 -0.9962
vn 0.0949 0.0067 -0.9955
vn -0.2049 0.1668 -0.9645
vn -0.6926 0.1473 -0.7061
vn -0.5504 0.7463 -0.3743
vn -0.4426 0.8927 -0.0855
vn -0.3606 0.8821 0.3030
vn -0.5674 0.5109 0.6458
vn 0.0405 0.6175 -0.7856
vn 0.0934 0.1569 -0.9832
vn 0.4076 -0.0665 -0.9108
vn 0.2839 -0.0584 -0.9571
vn 0.9184 -0.1422 -0.3691
vn 0.8936 -0.1987 -0.4025
vn 0.8338 -0.1589 -0.5287
vn 0.3623 0.1021 -0.9264
vn 0.8256 0.0649 -0.5605
vn 0.9922 0.1161 -0.0444
vn 0.8977 -0.4042 -0.1753
vn 0.9210 -0.3739 -0.1094
vn 0.9609 -0.0879 -0.2625
vn 0.9532 -0.1370 -0.2696
vn 0.9633 -0.1987 -0.1804
vn 0.9619 -0.2631 -0.0739
vn 0.8923 -0.4208 0.1634
vn 0.3148 0.5998 -0.7356
vn 0.0024 0.9879 0.1552
vn 0.3548 0.9196 -0.1687
vn 0.9929 0.0259 -0.1157
vn 0.7911 0.5926 -0.1518
vn -0.2581 0.6149 -0.7451
vn 0.0591 0.9746 0.2162
vn -0.1636 0.9741 0.1563
vn -0.4317 0.8901 -0.1464
vn 0.4314 0.8969 0.0966
vn 0.1486 0.7692 0.6215
vn 0.3975 0.9162 0.0513
vn 0.2827 0.9591 0.0126
vn -0.4038 0.5766 -0.7103
vn -0.8547 0.2914 0.4296
vn 0.0723 0.9594 0.2727
vn 0.0502 0.9158 0.3984
vn -0.6219 0.7815 0.0493
vn 0.1382 0.9816 0.1321
vn -0.6234 0.7747 -0.1058
vn 0.0898 0.9959 -0.0096
vn 0.2409 0.9498 -0.1994
vn 0.0939 0.9830 -0.1577
vn -0.3367 0.4782 0.8112
vn -0.0587 0.7659 0.6402
vn 0.1595 0.9413 0.2977
vn 0.7537 0.6568 0.0211
vn 0.1345 0.9614 -0.2399
vn 0.4189 0.9078 -0.0175
vn 0.4444 0.7660 -0.4646
vn 0.8226 0.4386 -0.3618
vn 0.9859 0.1127 -0.1237
vn 0.8610 0.1611 0.4824
vn 0.4427 0.8930 -0.0807
vn 0.3046 0.6197 0.7233
vn -0.1964 0.9442 -0.2645
vn -0.0142 0.9953 -0.0962
vn 0.1086 0.9920 -0.0641
vn -0.0941 0.9919 0.0850
vn -0.6051 0.7744 0.1849
vn -0.3408 0.8963 -0.2836
vn 0.9618 0.0904 -0.2584
vn 0.9543 0.1405 -0.2636
vn -0.0451 0.1625 0.9857
vn 0.4710 0.0332 0.8815
vn 0.9084 -0.2195 0.3559
vn 0.9718 -0.2271 -0.0630
vn 0.9014 -0.0496 -0.4302
vn 0.9486 -0.3134 -0.0433
vn 0.8807 -0.4511 0.1444
vn 0.8181 -0.5497 0.1691
vn 0.5845 -0.7538 0.3003
vn 0.7235 -0.5886 0.3608
vn 0.3354 -0.7640 0.5512
vn 0.3656 -0.4938 0.7890
vn 0.9032 -0.3842 0.1913
vn -0.0341 -0.4383 0.8982
vn -0.5694 -0.2576 0.7807
vn -0.7841 0.0286 0.6199
vn -0.8560 0.1326 0.4997
vn -0.9906 -0.0556 -0.1248
vn -0.9884 -0.1328 -0.0734
vn -0.6000 -0.6758 -0.4281
vn -0.8289 -0.5594 0.0045
vn -0.8370 -0.1741 0.5188
vn -0.8505 -0.0582 0.5227
vn -0.7447 0.0584 0.6649
vn -0.5138 -0.5545 0.6547
vn -0.0324 -0.7625 0.6462
vn -0.4636 0.3776 0.8016
vn -0.3766 0.7026 0.6038
vn 0.0377 0.7550 0.6546
vn -0.4091 -0.6822 -0.6061
vn -0.6554 -0.7529 0.0605
vn -0.5298 -0.7926 0.3018
vn -0.6651 -0.6499 0.3677
vn -0.3944 -0.1509 0.9065
vn -0.4487 -0.0947 0.8886
vn 0.0186 0.4498 0.8929
vn 0.4532 0.3244 0.8303
vn 0.3633 0.7240 0.5864
vn 0.7743 0.2218 0.5927
vn 0.6911 0.6119 0.3846
vn 0.8118 0.5596 0.1669
vn 0.9683 0.2478 -0.0316
vn -0.5794 -0.6419 0.5023
vn -0.6488 -0.6411 0.4099
vn 0.0245 -0.1128 0.9933
vn -0.1312 -0.1755 0.9757
vn -0.1192 -0.1661 0.9789
vn 0.4074 -0.6508 0.6406
vn 0.1764 -0.1848 0.9668
vn 0.9467 0.3028 -0.1099
vn 0.9105 0.1525 -0.3843
vn 0.9314 0.0473 -0.3609
vn 0.9851 -0.1249 -0.1181
vn 0.8572 -0.1048 -0.5041
vn 0.9322 -0.1999 -0.3018
vn 0.8963 -0.3518 0.2698
vn 0.8273 -0.2625 0.4966
vn 0.6324 -0.7746 -0.0100
vn 0.6503 -0.7383 0.1791
vn 0.2223 -0.9711 0.0866
vn 0.4972 -0.6943 0.5204
vn 0.3681 -0.1202 0.9220
vn 0.0182 0.0110 0.9998
vn 0.6275 -0.2075 0.7505
vn 0.4166 -0.0469 0.9079
vn 0.6044 -0.0412 0.7956
vn 0.9288 -0.0996 0.3571
vn 0.9162 -0.3155 0.2471
vn 0.4123 -0.9057 -0.0983
vn 0.1890 -0.9812 0.0380
vn 0.2616 -0.9652 0.0002
vn 0.4016 -0.8945 0.1965
vn 0.1318 -0.0513 0.9899
vn -0.2752 0.0266 0.9610
vn 0.3083 -0.3801 0.8720
vn 0.4546 0.4284 0.7809
vn 0.1806 0.6682 0.7217
vn 0.7394 0.3008 0.6023
vn -0.8103 0.4538 -0.3709
vn -0.9269 0.2643 -0.2663
vn -0.8721 0.2076 0.4431
vn -0.7309 -0.2589 0.6315
vn -0.4184 -0.6617 0.6222
vn -0.9275 0.1049 -0.3588
vn -0.7282 0.3072 -0.6127
vn -0.7670 0.5416 -0.3441
vn -0.6962 0.5769 -0.4272
vn -0.4990 0.8660 0.0325
vn -0.1907 0.9481 -0.2543
vn 0.2646 0.5953 0.7587
vn 0.5371 0.6720 0.5098
vn 0.4416 0.1512 0.8844
vn 0.6257 0.1746 0.7603
vn 0.6826 -0.0770 0.7267
vn 0.8812 0.0259 0.4720
vn 0.7541 -0.2996 0.5845
vn 0.6615 -0.3951 0.6375
vn 0.7185 -0.5469 0.4297
vn 0.3450 -0.0934 0.9339
vn 0.6749 -0.6923 0.2554
vn 0.4873 -0.5574 0.6722
vn -0.2236 -0.2413 0.9443
vn 0.1843 -0.6574 0.7306
vn -0.6754 0.6123 0.4110
vn -0.6987 0.6182 0.3600
vn -0.1093 0.2833 0.9528
vn -0.1390 0.3689 0.9190
vn 0.7956 -0.5701 0.2048
vn 0.5685 -0.4333 0.6993
vn -0.3041 0.5809 0.7550
vn -0.3675 0.0886 0.9258
vn 0.3874 -0.0632 0.9198
vn -0.8871 0.2376 0.3956
vn -0.8657 0.3817 0.3238
vn -0.1681 0.8989 0.4047
vn 0.4260 0.4513 0.7841
vn 0.3480 0.8280 0.4397
vn 0.8597 0.1776 0.4789
vn 0.9164 -0.1841 0.3555
vn 0.9753 -0.1711 -0.1394
vn 0.9975 0.0648 -0.0297
vn 0.9894 -0.1448 0.0115
vn 0.9720 0.0369 -0.2319
vn 0.9000 0.2128 0.3804
vn 0.8729 -0.1472 0.4652
vn 0.6454 0.7413 0.1845
vn 0.8140 0.5778 0.0595
vn 0.9663 0.2107 0.1477
vn 0.9682 0.0332 -0.2478
vn 0.4949 -0.2173 -0.8414
vn 0.5210 -0.0511 -0.8520
vn 0.5338 0.1414 -0.8337
vn 0.9442 -0.1649 -0.2853
vn 0.9321 -0.0531 0.3584
vn -0.6456 -0.3555 -0.6759
vn -0.5311 -0.0895 -0.8426
vn -0.5327 0.1368 -0.8351
vn -0.5687 -0.0396 -0.8216
vn 0.5024 -0.0912 -0.8598
vn 0.9007 -0.3071 -0.3074
vn 0.8672 -0.1714 0.4675
vn 0.4305 -0.3373 -0.8372
vn -0.5690 -0.2772 -0.7742
vn 0.3837 -0.0987 0.9182
vn -0.3348 0.2668 0.9037
vn -0.3523 -0.0262 0.9355
vn 0.4356 0.2038 0.8768
vn 0.3226 0.9363 0.1390
vn 0.3877 0.7617 0.5192
vn -0.1467 0.8253 0.5453
vn -0.8780 0.3838 0.2860
vn -0.9008 0.0155 0.4339
vn -0.3320 0.6598 0.6742
vn 0.4005 0.2417 0.8838
vn -0.3667 0.2958 0.8821
vn 0.5194 0.5787 0.6288
vn 0.4367 0.8753 0.2076
vn -0.1615 0.9608 0.2255
vn -0.0401 0.9886 0.1454
vn -0.5375 0.8199 0.1968
vn -0.7206 0.6841 0.1131
vn -0.9366 0.2847 0.2042
vn -0.9072 0.1434 0.3955
vn -0.3697 0.2438 0.8966
vn 0.3010 0.1647 0.9393
vn -0.8995 0.1131 0.4220
vn -0.6530 0.2719 -0.7069
vn -0.4579 -0.4552 -0.7636
vn -0.8974 -0.3669 -0.2452
vn -0.8398 0.3782 0.3894
vn -0.6214 -0.4948 0.6075
vn 0.3740 -0.5579 -0.7408
vn 0.5059 -0.0905 -0.8578
vn 0.9471 -0.1234 -0.2962
vn 0.5842 -0.7826 -0.2149
vn 0.5430 -0.6468 0.5356
vn 0.7487 -0.0794 0.6582
vn -0.3422 -0.7574 0.5561
vn -0.6928 -0.6276 0.3553
vn -0.4318 -0.8368 0.3366
vn -0.1702 -0.8697 0.4632
vn -0.7211 -0.5855 0.3704
vn -0.8069 -0.5879 -0.0568
vn -0.4395 -0.8938 -0.0894
vn -0.9235 -0.2441 0.2958
vn -0.9877 -0.0613 -0.1438
vn -0.8962 -0.0161 0.4433
vn -0.9996 -0.0245 0.0122
vn -0.8918 0.0783 0.4456
vn -0.7456 0.0017 0.6664
vn -0.9907 0.0411 -0.1298
vn -0.9718 -0.0091 -0.2358
vn -0.4943 0.1573 0.8550
vn 0.4246 0.0860 0.9013
vn 0.1921 0.0942 0.9768
vn -0.0538 0.4234 0.9043
vn 0.1419 0.3316 0.9327
vn -0.0724 0.3699 0.9262
vn -0.5005 -0.0148 0.8656
vn -0.3518 0.2012 0.9142
vn 0.3755 0.1326 0.9173
vn -0.3696 0.0628 0.9271
vn -0.4397 0.0542 0.8965
vn -0.9043 0.0504 0.4239
vn 0.8680 0.1291 0.4794
vn 0.9315 -0.0622 0.3585
vn 0.6142 -0.4234 -0.6660
vn -0.9944 -0.1037 0.0198
vn -0.9799 -0.1834 -0.0781
vn -0.9517 0.0625 0.3005
vn -0.3017 0.3904 0.8698
vn -0.1016 0.4460 0.8893
vn -0.0351 0.5054 0.8622
vn -0.1295 0.5751 0.8077
vn -0.1296 0.5752 0.8077
vn -0.9684 0.1490 0.2002
vn -0.0575 0.4141 0.9084
vn -0.0774 0.5407 0.8377
vn -0.6018 0.4339 0.6705
vn 0.2639 0.5749 0.7745
vn 0.5298 0.5914 0.6080
vn 0.8726 0.2937 0.3901
vn -0.1269 0.2724 0.9538
vn 0.1590 -0.2484 0.9555
vn 0.3639 0.0629 0.9293
vn -0.0823 0.4500 0.8892
vn -0.0827 0.4502 0.8891
vn -0.0998 0.4469 0.8890
vn -0.0911 0.4711 0.8774
vn 0.2652 0.4754 0.8389
vn 0.6578 0.3075 0.6875
vn 0.9070 0.0885 0.4118
vn -0.0113 0.5092 0.8606
vn 0.3345 0.6738 -0.6589
vn 0.0873 0.6155 -0.7833
vn 0.3392 -0.6544 0.6758
vn 0.1836 -0.5783 0.7949
vn 0.0394 0.0668 0.9970
vn -0.9747 0.0115 -0.2232
vn -0.1683 0.7734 -0.6111
vn 0.9473 0.0603 0.3148
vn 0.9419 0.0047 0.3359
vn 0.8059 -0.1011 -0.5833
vn -0.1293 -0.2215 -0.9666
vn 0.3316 -0.5797 -0.7443
vn 0.1828 -0.6357 -0.7500
vn 0.5821 -0.4820 -0.6549
vn 0.4579 -0.6139 -0.6430
vn 0.8198 -0.3802 -0.4282
vn 0.9365 -0.1237 -0.3281
vn 0.9886 -0.1115 -0.1013
vn 0.9984 -0.0561 -0.0012
vn 0.9684 0.2389 -0.0717
vn 0.9946 -0.0966 0.0389
vn 0.5493 -0.1954 -0.8125
vn 0.6822 0.0818 -0.7266
vn -0.4204 -0.7454 -0.5174
vn -0.4642 -0.6186 -0.6340
vn -0.0300 -0.6961 -0.7174
vn 0.1428 -0.2342 -0.9617
vn 0.2360 -0.1599 -0.9585
vn -0.0362 -0.0072 -0.9993
vn 0.0073 0.0364 -0.9993
vn 0.0403 -0.2554 -0.9660
vn 0.1509 -0.5867 -0.7956
vn 0.2253 -0.6194 -0.7521
vn -0.0853 0.9411 -0.3271
vn -0.9415 0.0856 -0.3260
vn -0.1586 0.3569 -0.9206
vn -0.7977 0.0180 -0.6028
vn 0.4373 0.0307 -0.8988
vn -0.4143 -0.6640 -0.6224
vn 0.1381 -0.5698 -0.8101
vn -0.0776 -0.8608 -0.5030
vn 0.0097 -0.8174 -0.5759
vn 0.3095 -0.9308 -0.1945
vn 0.5052 -0.1583 -0.8483
vn 0.9850 0.0105 -0.1722
vn 0.9025 0.1280 -0.4112
vn 0.9149 -0.1066 -0.3893
vn 0.8165 -0.4507 0.3609
vn 0.4175 -0.3215 0.8499
vn -0.1594 -0.4381 0.8847
vn 0.7648 -0.5147 -0.3876
vn 0.7905 -0.5777 0.2037
vn 0.2871 -0.9011 0.3249
vn 0.2808 -0.5995 0.7495
vn 0.0625 -0.8832 0.4649
vn 0.9960 -0.0271 -0.0846
vn 0.8996 0.0565 0.4331
vn -0.0139 -0.9848 0.1733
vn 0.1434 -0.8044 -0.5766
vn 0.5904 0.0392 0.8061
vn 0.0412 -0.9182 0.3940
vn -0.4388 -0.6777 0.5901
vn -0.5455 -0.7738 0.3219
vn 0.0468 -0.0917 0.9947
vn 0.2824 0.0062 0.9593
vn 0.5101 -0.4519 0.7319
vn 0.4292 -0.3376 -0.8378
vn 0.9943 0.0612 -0.0878
vn 0.6985 0.4288 -0.5729
vn 0.3499 0.7173 0.6026
vn 0.9787 0.1539 0.1362
vn 0.5393 0.4910 0.6842
vn -0.0597 0.2433 0.9681
vn -0.4708 -0.2446 0.8477
vn -0.0729 0.2189 0.9730
vn -0.5817 -0.3058 0.7538
vn -0.2516 0.2885 0.9238
vn -0.7969 -0.1357 0.5887
vn 0.2913 0.0459 0.9555
vn -0.6458 -0.3860 0.6587
vn -0.6133 -0.3880 0.6880
vn -0.6950 -0.6798 0.2341
vn 0.7458 0.5056 -0.4338
vn 0.3067 0.4179 0.8552
vn 0.2381 0.3862 0.8912
vn 0.8672 0.4947 -0.0566
vn 0.5879 0.0580 -0.8069
vn 0.5565 0.5831 0.5919
vn 0.2244 0.3689 0.9020
vn 0.4168 0.1474 0.8970
vn 0.5218 0.2522 0.8149
vn 0.5775 0.3029 0.7581
vn 0.6418 0.1990 0.7406
vn 0.5709 0.2260 0.7893
vn 0.5631 0.1888 0.8045
vn 0.5544 0.1514 0.8184
vn 0.4844 0.4349 0.7591
vn 0.6983 0.4622 0.5466
vn 0.7019 0.4827 0.5237
vn 0.9506 -0.2936 -0.1009
vn 0.9605 -0.1903 0.2031
vn 0.7173 -0.6927 0.0760
vn 0.8828 0.3857 0.2682
vn 0.0159 0.5609 -0.8277
vn 0.3347 0.9422 -0.0150
vn 0.3603 0.9114 0.1988
vn 0.0777 0.9970 0.0057
vn 0.1805 0.9476 -0.2635
vn 0.3021 0.9203 -0.2485
vn 0.8412 -0.1464 -0.5206
vn 0.2671 -0.4255 -0.8646
vn 0.5062 -0.1513 -0.8490
vn 0.3138 -0.1139 -0.9426
vn 0.4132 -0.0485 -0.9094
vn 0.3344 -0.1567 -0.9293
vn 0.1606 -0.0864 -0.9832
vn -0.0260 0.9933 0.1130
vn -0.0710 0.9958 0.0571
vn 0.3814 0.9056 0.1857
vn 0.2043 0.9502 0.2354
vn 0.2887 0.9561 -0.0498
vn 0.2697 0.9628 0.0180
vn 0.2986 0.9119 0.2814
vn -0.7998 0.5652 -0.2023
vn -0.8644 0.4931 -0.0982
vn 0.1553 0.9761 0.1521
vn 0.3642 0.8600 0.3573
vn 0.7303 0.6207 0.2853
vn 0.6829 0.6703 0.2903
vn 0.9828 -0.1431 0.1164
vn 0.8133 -0.1977 0.5472
vn 0.7799 -0.6221 0.0688
vn 0.2936 -0.9559 -0.0116
vn 0.3712 -0.9281 0.0291
vn 0.4735 -0.8563 -0.2063
vn 0.0684 -0.8904 0.4499
vn 0.3505 -0.3702 0.8603
vn 0.5673 0.5832 0.5814
vn -0.0712 -0.5919 0.8029
vn -0.6811 -0.3206 0.6582
vn -0.5739 -0.1350 0.8077
vn -0.1801 0.4798 0.8587
vn 0.2418 0.4847 0.8406
vn -0.0889 -0.2847 0.9545
vn 0.6366 0.6629 0.3942
vn 0.8918 -0.2010 0.4053
vn -0.3153 -0.3498 0.8822
vn -0.5063 -0.7288 0.4611
vn -0.1739 0.9480 0.2665
vn -0.0776 -0.2459 0.9662
vn -0.9845 0.0363 -0.1717
vn -0.9718 0.0537 -0.2295
vn -0.9891 -0.0264 -0.1448
vn -0.9637 -0.0991 -0.2479
vn -0.9349 -0.2847 -0.2117
vn -0.9998 0.0213 -0.0064
vn -0.9562 0.2825 0.0764
vn -0.9219 -0.3364 -0.1923
vn -0.6315 -0.2842 0.7214
vn -0.9260 -0.3155 -0.2073
vn -0.5871 -0.3495 0.7302
vn -0.0047 -0.1608 0.9870
vn -0.0192 -0.2167 0.9761
vn 0.3408 -0.8025 0.4898
vn 0.1016 -0.9037 0.4160
vn -0.3420 0.1341 -0.9301
vn -0.8328 -0.4515 -0.3202
vn -0.0749 0.1800 -0.9808
vn -0.5144 0.8455 -0.1433
vn -0.4781 -0.3132 -0.8206
vn -0.3055 -0.5469 -0.7795
vn -0.5406 -0.4001 -0.7400
vn -0.1923 -0.4875 -0.8517
vn -0.8142 0.1513 -0.5606
vn -0.7576 -0.0784 0.6480
vn -0.2444 0.2103 0.9466
vn -0.6338 -0.2783 0.7216
vn -0.1329 0.0923 0.9868
vn -0.3010 0.1367 0.9438
vn 0.2523 0.1785 -0.9510
vn -0.6099 -0.5181 0.5997
vn -0.1166 0.9931 -0.0114
vn 0.7268 -0.6796 -0.0997
vn -0.2890 -0.8253 -0.4852
vn 0.7982 0.5964 -0.0848
vn -0.7417 -0.6707 0.0031
vn -0.9168 -0.3661 -0.1599
vn -0.7795 0.5497 -0.3003
vn -0.8442 0.5291 -0.0866
vn -0.9021 -0.4047 -0.1497
vn -0.8111 0.4839 0.3285
vn -0.6820 -0.3838 0.6226
vn -0.3964 -0.9105 -0.1173
vn -0.4521 -0.8863 -0.1001
vn -0.4091 -0.7004 0.5849
vn -0.1974 -0.2332 0.9522
vn -0.3891 -0.0797 0.9177
vn -0.6873 0.2597 0.6783
vn -0.5554 0.8248 0.1058
vn -0.4933 0.8696 0.0216
vn -0.4024 -0.2719 0.8741
vn -0.1573 -0.1797 0.9711
vn -0.2465 0.0139 0.9690
vn 0.0799 0.5534 0.8291
vn 0.6293 0.4202 0.6537
vn 0.5045 0.7880 0.3530
vn -0.4205 0.5433 0.7266
vn -0.1873 -0.6952 0.6940
vn 0.1903 -0.5122 0.8375
vn 0.6956 -0.4382 0.5692
vn 0.6842 -0.0893 0.7238
vn 0.7859 -0.3734 0.4929
vn 0.6545 -0.0285 0.7555
vn 0.1965 -0.4444 0.8740
vn -0.1295 -0.6750 0.7264
vn -0.0732 0.5844 0.8082
vn -0.4782 0.5812 0.6585
vn 0.4699 0.7935 0.3867
vn 0.5251 0.4702 0.7094
vn 0.4810 0.4713 -0.7392
vn 0.9541 -0.2113 -0.2124
vn 0.9344 -0.2946 -0.2001
vn -0.1461 0.9831 -0.1102
vn -0.1448 0.9894 -0.0132
vn -0.1789 0.8159 -0.5498
vn 0.2966 0.9442 -0.1435
vn 0.7046 0.6912 -0.1606
vn 0.6910 0.6517 0.3127
vn 0.9234 -0.1820 0.3380
vn 0.9742 -0.1636 0.1552
vn 0.7657 0.6167 0.1828
vn 0.4119 0.8687 0.2752
vn 0.3270 0.7802 0.5332
vn -0.2017 0.9695 0.1395
vn 0.6617 -0.6549 -0.3651
vn 0.5175 -0.8436 0.1432
vn 0.5714 -0.8021 0.1737
vn 0.7932 -0.2463 0.5570
vn 0.4580 0.5169 0.7232
vn 0.0149 0.4238 0.9056
vn -0.3624 0.7995 0.4790
vn -0.4633 0.8825 -0.0809
vn -0.7508 0.6534 -0.0964
vn -0.4672 0.8839 0.0189
vn 0.4635 0.8832 0.0711
vn 0.2221 0.3886 0.8942
vn 0.4391 -0.2746 0.8554
vn 0.3106 -0.9064 0.2861
vn 0.1119 -0.9892 -0.0948
vn 0.6718 -0.6438 -0.3664
vn 0.7012 -0.6275 -0.3385
vn 0.0569 -0.9788 -0.1967
vn 0.1406 -0.9857 -0.0925
vn -0.4910 -0.8429 0.2201
vn -0.5788 -0.8031 0.1416
vn -0.5875 -0.7742 0.2354
vn 0.1530 -0.9863 -0.0609
vn -0.3042 -0.8186 0.4872
vn 0.2981 -0.9494 -0.0992
vn -0.0072 -0.9931 -0.1169
vn 0.1189 -0.8439 -0.5232
vn 0.4241 -0.8960 -0.1317
vn 0.2610 -0.8289 0.4948
vn -0.1542 -0.9224 0.3541
vn -0.0199 -0.0605 0.9980
vn -0.9093 -0.0232 0.4155
vn -0.8871 -0.1960 0.4180
vn -0.8484 -0.1646 0.5032
vn -0.5469 0.0931 0.8320
vn 0.2269 -0.8131 0.5361
vn 0.6557 -0.6158 -0.4367
vn 0.8906 0.3144 -0.3286
vn 0.1602 0.1269 0.9789
vn 0.6753 -0.6262 0.3896
vn -0.1701 -0.9809 0.0945
vn 0.7461 0.6296 0.2165
vn 0.7849 -0.6158 0.0691
vn 0.9059 0.3107 0.2877
vn 0.8343 0.3755 -0.4037
vn 0.9246 0.2958 -0.2402
vn 0.7402 -0.4816 0.4693
vn 0.0487 -0.8856 0.4619
vn -0.3778 -0.8226 0.4250
vn -0.4992 -0.8320 0.2419
vn -0.4724 -0.6598 0.5844
vn -0.6604 -0.6462 0.3824
vn -0.8102 -0.3684 0.4560
vn -0.5026 -0.6050 0.6176
vn -0.5538 0.0092 0.8326
vn 0.1326 -0.2395 0.9618
vn -0.3708 0.5444 0.7524
vn 0.3733 0.1322 0.9182
vn -0.2322 0.8119 0.5356
vn 0.5375 0.4650 0.7035
vn 0.2367 0.9434 0.2324
vn 0.9558 -0.0596 0.2880
vn 0.7249 0.6654 -0.1783
vn 0.0493 0.9538 -0.2963
vn -0.4913 0.8104 0.3191
vn -0.6303 0.6227 0.4636
vn -0.7570 0.1876 0.6259
vn 0.9221 -0.2903 0.2559
vn 0.5161 -0.0868 0.8521
vn 0.4252 -0.2567 0.8679
vn -0.2118 0.1587 0.9643
vn -0.2914 -0.0187 0.9564
vn 0.4803 -0.5341 0.6957
vn -0.2782 -0.4294 0.8592
vn -0.2178 -0.6247 0.7499
vn -0.6282 -0.4081 0.6624
vn -0.5271 0.6427 0.5559
vn 0.2692 -0.7003 0.6612
vn 0.7525 -0.2656 0.6027
vn 0.8327 -0.3873 0.3958
vn -0.9268 0.3137 -0.2066
vn -0.7537 0.3973 0.5235
vn -0.7061 0.4790 0.5216
vn -0.7703 0.2370 0.5920
vn -0.8970 0.4276 -0.1121
vn -0.8733 0.0015 0.4872
vn 0.5823 0.4343 0.6872
vn 0.9226 -0.2070 0.3255
vn 0.9674 0.1243 0.2207
vn 0.5973 0.7787 0.1917
vn -0.0210 0.6821 0.7309
vn -0.1626 0.9826 0.0895
vn -0.5696 0.6999 0.4309
vn -0.7412 0.5470 -0.3892
vn -0.9359 0.2612 -0.2364
vn -0.1442 0.3830 0.9124
vn 0.5412 0.1062 0.8342
vn 0.9341 -0.3204 0.1577
vn 0.8673 -0.0861 -0.4904
vn 0.1560 0.9676 0.1988
vn -0.7009 0.5554 0.4475
vn -0.6543 0.5370 0.5325
vn 0.1358 0.9822 0.1296
vn -0.1986 0.9440 0.2636
vn 0.5587 0.8260 -0.0751
vn 0.9041 0.2015 -0.3769
vn 0.9455 0.0183 -0.3250
vn 0.9931 0.0467 -0.1074
vn 0.1493 0.7589 0.6339
vn -0.8579 -0.5047 0.0966
vn -0.0639 0.8561 -0.5128
vn -0.9715 0.1022 0.2139
vn 0.4062 0.8200 -0.4033
vn -0.6202 0.1728 0.7651
vn 0.7431 0.4245 -0.5172
vn 0.6289 -0.4596 -0.6271
vn 0.9509 -0.0000 -0.3094
vn 0.6789 0.7151 -0.1665
vn 0.5762 0.8152 0.0578
vn -0.1699 0.8334 0.5259
vn -0.6132 0.6592 0.4352
vn 0.2906 0.9489 0.1226
vn -0.2764 0.5819 0.7648
vn 0.4053 0.7589 0.5097
vn 0.4058 0.9051 0.1269
vn 0.2363 0.9463 -0.2205
vn 0.1742 0.9623 0.2090
vn -0.0142 0.8918 -0.4521
vn 0.2164 0.9727 0.0839
vn -0.3816 0.8883 -0.2556
vn 0.3845 0.9024 -0.1945
vn 0.5854 0.8064 -0.0837
vn 0.2535 -0.3514 -0.9013
vn 0.6888 -0.0988 -0.7182
vn 0.2709 -0.7963 -0.5409
vn -0.3224 0.4547 -0.8303
vn 0.0592 0.9282 -0.3673
vn 0.2078 0.9523 0.2235
vn 0.7800 -0.2677 -0.5656
vn 0.3137 0.0923 -0.9450
vn -0.0903 -0.4668 -0.8797
vn -0.7703 0.6036 -0.2057
vn -0.5870 0.7699 -0.2505
vn -0.8673 0.4175 -0.2711
vn -0.8203 0.3722 -0.4343
vn -0.5805 0.2567 -0.7728
vn -0.5440 -0.1988 -0.8152
vn -0.2073 -0.6631 0.7193
vn -0.6720 0.4559 -0.5836
vn -0.4304 0.6621 -0.6135
vn 0.7234 0.5150 -0.4599
vn 0.6431 0.5272 0.5555
vn 0.7987 0.1661 0.5783
vn 0.9320 0.1728 -0.3187
vn 0.4569 0.1803 -0.8711
vn 0.9320 0.1842 -0.3123
vn 0.7695 0.2018 0.6060
vn 0.9713 -0.0414 -0.2343
vn 0.8077 0.3041 0.5052
vn 0.7477 -0.2261 0.6244
vn 0.4449 -0.3078 0.8410
vn 0.1933 -0.7186 0.6680
vn 0.0209 -0.7722 0.6350
vn 0.0651 -0.5560 0.8287
vn -0.1264 -0.1554 0.9797
vn 0.3940 0.1170 0.9116
vn 0.3489 0.2318 0.9080
vn 0.4339 -0.0186 -0.9008
vn 0.4826 -0.2313 -0.8447
vn 0.3174 0.8645 0.3898
vn 0.0279 0.4654 0.8846
vn 0.0292 0.2174 0.9756
vn -0.1821 -0.0612 0.9814
vn -0.4837 -0.1504 0.8622
vn -0.3312 -0.0593 0.9417
vn -0.0841 -0.3225 0.9428
vn -0.6055 -0.2291 0.7622
vn -0.3526 -0.0039 0.9358
vn -0.3226 0.3851 0.8647
vn 0.3647 0.7875 -0.4969
vn 0.2577 0.2536 -0.9323
vn 0.1788 -0.0908 -0.9797
vn 0.4108 -0.3659 -0.8351
vn 0.8181 -0.5486 -0.1725
vn 0.2912 -0.8987 0.3280
vn 0.7954 -0.5604 -0.2306
vn 0.7968 -0.5841 -0.1548
vn 0.2113 -0.9767 -0.0383
vn 0.6952 -0.6149 -0.3722
vn 0.0026 -0.9353 -0.3539
vn -0.2931 -0.9365 -0.1924
vn -0.4585 -0.8444 -0.2771
vn -0.5400 -0.8388 -0.0694
vn -0.8425 -0.4278 -0.3275
vn -0.9634 -0.2604 -0.0638
vn -0.9906 0.0988 0.0947
vn -0.9720 0.1008 0.2124
vn -0.7427 0.5060 0.4386
vn -0.6178 0.7649 0.1822
vn -0.5264 0.2159 0.8224
vn -0.3046 0.6373 0.7079
vn -0.1220 -0.9734 -0.1942
vn -0.7113 -0.4571 -0.5340
vn -0.5142 0.8565 0.0444
vn -0.2791 0.7630 0.5830
vn -0.4328 0.0891 0.8971
vn -0.2601 0.5729 0.7773
vn -0.2170 0.7099 0.6700
vn 0.1149 -0.4225 0.8990
vn -0.4173 -0.8420 -0.3419
vn -0.6746 -0.6959 0.2463
vn -0.7927 -0.4001 0.4600
vn -0.7707 -0.2903 0.5672
vn -0.6255 -0.3889 0.6764
vn -0.5860 0.6859 0.4314
vn -0.3556 0.7991 0.4848
vn -0.5490 0.7719 0.3206
vn -0.2448 0.9581 -0.1486
vn -0.1392 0.7726 0.6195
vn -0.4381 0.6339 0.6374
vn -0.2446 0.5353 0.8085
vn -0.6064 0.1748 0.7757
vn -0.7613 0.3273 0.5597
vn -0.7625 -0.3165 0.5643
vn -0.8741 -0.1804 0.4511
vn -0.6954 -0.5672 0.4412
vn -0.5649 -0.8017 0.1955
vn -0.3964 -0.9178 -0.0222
vn -0.6162 -0.4395 0.6535
vn -0.4352 0.0117 0.9003
vn 0.2514 0.9562 0.1503
vn 0.3499 0.6886 -0.6351
vn 0.2352 0.2364 -0.9428
vn 0.1297 0.0919 -0.9873
vn 0.6471 0.0575 -0.7602
vn 0.5090 -0.4734 -0.7189
vn 0.3808 -0.3508 -0.8555
vn 0.1977 -0.6391 -0.7433
vn -0.0199 -0.5036 -0.8637
vn 0.2884 0.2103 -0.9341
vn 0.5454 -0.0720 -0.8351
vn 0.4846 0.8734 -0.0489
vn 0.5040 0.8579 -0.1001
vn 0.4056 0.8418 0.3563
vn 0.6768 0.7356 -0.0296
vn 0.6318 0.7694 0.0937
vn 0.9334 -0.3063 -0.1872
vn 0.4353 -0.7075 -0.5567
vn 0.7951 -0.1395 -0.5902
vn 0.4908 0.1749 -0.8535
vn 0.7225 -0.6391 -0.2637
vn 0.7908 -0.5661 -0.2327
vn 0.8712 -0.1499 -0.4674
vn 0.4825 -0.6043 -0.6340
vn 0.3860 -0.5501 -0.7405
vn 0.2454 -0.6244 -0.7416
vn 0.4122 -0.6510 -0.6374
vn 0.6803 -0.1487 -0.7177
vn 0.4846 0.0264 -0.8743
vn -0.1215 -0.0525 -0.9912
vn -0.2688 -0.3741 -0.8876
vn -0.2026 -0.2515 -0.9464
vn -0.0813 0.3648 -0.9275
vn 0.1332 0.8981 -0.4192
vn 0.7425 -0.2324 -0.6282
vn 0.3972 0.5815 -0.7101
vn 0.6359 -0.5622 -0.5288
vn 0.7053 -0.4204 -0.5707
vn -0.5887 -0.2061 -0.7816
vn 0.0301 -0.8737 0.4855
vn -0.7881 0.3791 0.4849
vn -0.0664 -0.3023 -0.9509
vn 0.3174 -0.3547 -0.8795
vn 0.7222 -0.0319 -0.6909
vn -0.9734 0.1161 0.1976
vn -0.3174 0.9434 0.0967
vn -0.9898 0.1232 -0.0711
vn -0.9033 0.3427 -0.2579
vn 0.5390 0.7884 0.2965
vn -0.2855 0.9018 0.3244
vn 0.0195 0.9939 0.1087
vn 0.2370 0.9450 0.2254
vn 0.1250 0.9572 0.2611
vn 0.9410 0.2774 -0.1940
vn 0.5012 0.7705 0.3938
vn 0.2574 0.8579 0.4447
vn -0.3208 -0.9240 -0.2083
vn 0.1050 0.1885 -0.9764
vn 0.4924 0.0255 -0.8700
vn -0.6016 -0.7144 -0.3575
vn -0.4943 0.3556 -0.7933
vn -0.8614 -0.1434 -0.4873
vn -0.1435 0.9815 0.1265
vn 0.2286 0.9049 0.3590
vn -0.6212 0.7447 -0.2439
vn -0.7992 -0.0381 0.5999
vn -0.5412 -0.1880 0.8196
vn -0.8299 0.3478 0.4362
vn -0.8273 0.4193 0.3738
vn 0.4848 0.8698 0.0917
vn -0.5070 -0.8618 0.0167
vn -0.4912 -0.8665 -0.0886
vn 0.8678 -0.4823 -0.1195
vn 0.8215 -0.4297 -0.3748
vn 0.5344 0.7741 0.3394
vn -0.8250 0.2738 0.4943
vn -0.5168 -0.8473 0.1226
vn 0.8535 -0.5011 0.1431
vn 0.5449 0.6203 0.5642
vn 0.6632 -0.7350 0.1412
vn 0.4769 0.1649 0.8633
vn 0.0594 -0.0469 0.9971
vn 0.8511 -0.5246 0.0181
vn 0.0672 -0.0553 0.9962
vn -0.2954 0.9497 0.1039
vn 0.2044 0.9673 0.1501
vn 0.5604 0.3464 -0.7523
vn 0.2646 0.3993 -0.8778
vn 0.1776 0.7121 -0.6792
vn 0.6427 -0.5884 0.4906
vn -0.1040 -0.1239 0.9868
vn -0.4608 0.8837 0.0817
vn -0.1142 -0.1153 0.9867
vn -0.4537 0.8863 0.0932
vn -0.5610 -0.2388 0.7926
vn -0.8203 0.5667 0.0777
vn -0.2726 -0.9604 -0.0580
vn -0.0990 -0.8895 0.4461
vn 0.0119 -0.9952 0.0976
vn -0.5482 -0.0874 -0.8317
vn -0.3710 0.1487 -0.9166
vn -0.5537 0.4175 -0.7205
vn -0.2974 0.9503 0.0921
vn -0.3160 0.3760 0.8710
vn -0.5250 -0.8336 0.1718
vn -0.2622 -0.9056 0.3335
vn -0.5497 0.4169 0.7239
vn -0.8993 -0.3995 -0.1779
vn -0.9095 0.3737 0.1821
vn 0.2395 0.9360 -0.2579
vn -0.0734 0.9381 -0.3385
vn -0.6271 0.6477 -0.4327
vn 0.2016 0.8292 -0.5213
vn 0.6711 -0.1408 -0.7278
vn 0.1919 -0.2757 -0.9419
vn 0.6290 0.6575 -0.4148
vn 0.0725 -0.8081 -0.5846
vn -0.0021 -0.8086 -0.5883
vn 0.0131 -0.3056 -0.9521
vn 0.0258 0.8333 -0.5522
vn 0.1032 0.9940 0.0371
vn 0.7310 0.6805 -0.0503
vn 0.7538 -0.4771 -0.4518
vn 0.0562 0.9972 0.0496
vn 0.0867 0.6664 0.7405
vn 0.0605 0.9884 -0.1393
vn 0.4224 0.8514 0.3111
vn 0.0600 0.8836 0.4645
vn 0.5209 0.8425 0.1375
vn 0.5434 0.7937 0.2732
vn 0.2356 0.6885 0.6859
vn -0.0365 0.8617 0.5060
vn -0.1013 0.9715 0.2144
vn -0.0146 0.9992 -0.0380
vn -0.3349 0.8925 0.3022
vn -0.4278 0.8969 0.1117
vn -0.4366 0.8513 0.2910
vn -0.0874 0.6391 0.7641
vn 0.0760 0.5527 0.8299
vn 0.1530 0.8122 0.5629
vn 0.2040 0.9523 0.2269
vn 0.1266 0.9915 -0.0304
vn -0.8062 -0.4157 0.4209
vn -0.8889 -0.3901 0.2401
vn -0.9516 -0.2863 -0.1115
vn -0.7493 -0.1208 -0.6511
vn 0.0021 -0.2034 -0.9791
vn 0.0051 -0.1950 -0.9808
vn 0.7481 -0.3076 -0.5880
vn 0.7108 0.5171 -0.4769
vn 0.8972 -0.4407 -0.0293
vn 0.3380 0.4058 -0.8492
vn 0.8297 -0.5351 0.1589
vn 0.6576 0.6446 0.3899
vn 0.8034 -0.5580 0.2079
vn -0.1639 -0.2559 -0.9527
vn -0.6349 -0.1191 -0.7633
vn -0.5990 0.6816 -0.4203
vn -0.1465 0.8494 -0.5070
vn -0.0207 0.9970 0.0745
vn -0.0530 0.9943 0.0924
vn -0.7097 0.7040 -0.0272
vn -0.7405 -0.4405 -0.5076
vn -0.0797 -0.7830 -0.6169
vn 0.7510 0.4696 -0.4641
vn 0.2215 0.4084 -0.8855
vn 0.1770 0.8619 -0.4753
vn 0.6346 0.2392 -0.7349
vn 0.1628 -0.7258 -0.6684
vn 0.5574 -0.5610 -0.6120
vn 0.6629 -0.6900 -0.2906
vn 0.0829 -0.9882 -0.1291
vn -0.0085 -0.9934 -0.1142
vn 0.0067 -0.7304 -0.6830
vn 0.0241 0.4235 -0.9056
vn 0.0200 0.8690 -0.4944
vn -0.0601 0.8868 -0.4583
vn -0.0342 0.8324 -0.5531
vn -0.2278 0.3501 -0.9086
vn 0.0494 0.9913 -0.1218
vn -0.3526 0.1837 -0.9176
vn -0.9721 -0.0026 -0.2345
vn -0.7904 0.3336 0.5138
vn -0.9210 0.2550 0.2944
vn -0.7438 -0.4224 0.5180
vn -0.6797 -0.5834 0.4446
vn -0.9757 -0.0310 -0.2171
vn -0.8603 -0.0848 -0.5026
vn -0.5217 -0.3109 -0.7945
vn -0.2312 -0.2780 -0.9323
vn -0.0109 -0.2548 -0.9669
vn -0.0512 -0.7050 -0.7073
vn 0.0078 -0.6861 -0.7275
vn -0.0590 -0.7514 -0.6573
vn 0.0043 -0.7949 -0.6067
vn -0.1017 -0.7574 -0.6450
vn 0.0023 -0.8427 -0.5384
vn -0.1887 -0.6989 -0.6899
vn -0.3415 -0.5754 -0.7432
vn -0.5279 -0.3534 -0.7723
vn -0.9975 -0.0662 -0.0240
vn -0.8212 0.2364 0.5194
vn -0.8024 0.2510 0.5415
vn -0.9086 0.0724 0.4114
vn -0.9085 -0.3599 0.2125
vn -0.4582 -0.5267 0.7160
vn -0.4945 -0.7442 0.4490
vn -0.8639 -0.3072 0.3991
vn -0.9074 -0.3185 -0.2742
vn -0.8436 -0.5369 0.0053
vn -0.6882 -0.6682 0.2828
vn -0.5309 -0.6027 0.5957
vn -0.3071 -0.4872 0.8175
vn -0.9558 -0.0996 0.2767
vn -0.9453 -0.2766 0.1728
vn -0.8456 0.5279 -0.0792
vn -0.8575 -0.5066 0.0894
vn -0.8895 0.4246 -0.1691
vn -0.6867 -0.7210 -0.0921
vn -0.9197 0.3915 0.0297
vn -0.8828 -0.4362 -0.1744
vn -0.9420 -0.2549 0.2181
vn -0.8304 -0.3175 0.4580
vn -0.4286 -0.6393 0.6384
vn -0.0406 -0.7804 0.6240
vn -0.0829 -0.8709 0.4843
vn -0.1056 -0.5702 0.8147
vn -0.4847 -0.0942 0.8696
vn -0.2711 0.2624 0.9261
vn -0.0339 0.2355 0.9713
vn -0.0882 -0.1163 0.9893
vn 0.3163 0.1978 0.9278
vn 0.2589 -0.6427 0.7210
vn 0.3182 -0.7836 0.5336
vn 0.3214 -0.6484 0.6901
vn -0.0243 -0.4934 0.8695
vn -0.3793 -0.3161 0.8696
vn -0.7741 -0.1760 0.6081
vn -0.8455 -0.4021 0.3512
vn -0.9021 -0.3833 0.1981
vn -0.8383 -0.4644 0.2856
vn -0.9530 -0.2395 0.1857
vn -0.8432 -0.4503 0.2937
vn -0.6786 -0.5720 0.4607
vn -0.7527 -0.5478 0.3653
vn -0.7363 -0.6745 0.0547
vn -0.0241 -0.3569 0.9338
vn -0.4662 -0.8800 0.0914
vn 0.0298 -0.9995 0.0142
vn 0.2106 -0.9762 0.0522
vn -0.1618 -0.9803 -0.1128
vn -0.9492 -0.2827 0.1383
vn 0.3593 -0.9312 0.0609
vn -0.2595 -0.9570 0.1294
vn 0.6775 -0.4464 0.5846
vn 0.9454 -0.1621 0.2827
vn 0.9500 0.2327 0.2084
vn 0.5517 -0.7865 0.2775
vn 0.4988 -0.8639 0.0701
vn 0.1839 -0.6482 0.7389
vn 0.3488 -0.7566 0.5531
vn -0.4703 0.2003 0.8595
vn -0.6202 -0.0374 0.7836
vn -0.6049 0.6994 0.3807
vn -0.6515 0.6446 0.4000
vn -0.5571 0.8013 0.2182
vn -0.7545 0.6423 0.1347
vn -0.8619 0.4385 0.2548
vn -0.8701 0.4713 0.1444
vn -0.8989 -0.3905 0.1988
vn 0.5171 -0.8552 0.0335
vn -0.7996 0.5885 0.1193
vn 0.6310 0.3653 0.6843
vn -0.2874 0.2931 0.9119
vn -0.4347 0.7936 0.4258
vn -0.5392 0.8212 0.1870
vn -0.9066 0.3963 0.1447
vn -0.7608 0.6415 0.0986
vn -0.9801 0.0743 0.1838
vn -0.8730 0.4697 0.1313
vn -0.6978 0.6786 0.2293
vn -0.6232 -0.3303 0.7089
vn -0.4449 0.8522 0.2755
vn 0.5466 0.7256 0.4179
vn 0.9323 0.1838 0.3114
vn 0.8975 0.2280 0.3776
vn 0.1210 0.4442 0.8877
vn -0.0056 0.7652 0.6438
vn 0.9505 0.2410 0.1961
vn 0.5638 0.6732 0.4785
vn -0.6306 0.2533 0.7336
vn -0.2171 0.4090 0.8863
vn -0.6655 0.5029 0.5516
vn -0.5934 0.7648 0.2510
vn -0.4650 0.0537 0.8837
vn -0.9972 -0.0395 0.0642
vn -0.8982 0.3695 0.2381
vn -0.9956 0.0554 0.0755
vn -0.9714 0.1645 0.1714
vn -0.8937 0.4026 0.1978
vn -0.8494 0.4988 0.1724
vn -0.8277 0.4804 0.2901
vn -0.8372 0.4885 0.2459
vn -0.7327 0.6049 0.3118
vn -0.7667 0.4111 0.4931
vn -0.6190 0.4589 0.6374
vn -0.6526 0.3033 0.6943
vn -0.4768 0.1697 0.8625
vn -0.2969 0.5309 0.7937
vn -0.1922 0.0489 0.9801
vn -0.0231 0.6535 0.7565
vn -0.0134 0.3612 0.9324
vn 0.3020 0.6650 0.6831
vn -0.9500 0.1551 0.2710
vn -0.8718 0.0949 0.4807
vn -0.8856 -0.2197 0.4092
vn -0.7899 -0.1537 0.5937
vn -0.7295 0.0454 0.6825
vn -0.7496 -0.5082 0.4241
vn -0.6450 0.6287 0.4345
vn -0.5070 0.6727 0.5389
vn -0.3484 0.7354 0.5813
vn -0.3562 0.8635 0.3570
vn 0.4447 0.8275 0.3426
vn 0.3568 0.7112 0.6057
vn -0.2648 0.6672 0.6962
vn 0.3230 0.6057 0.7272
vn -0.1716 0.8142 0.5546
vn 0.3814 0.6884 0.6170
vn -0.0779 0.8914 0.4465
vn -0.3302 0.8439 0.4228
vn -0.8494 0.4590 0.2605
vn -0.6818 0.6474 0.3407
vn -0.3351 0.9060 0.2585
vn 0.4907 0.8524 0.1809
vn 0.8962 0.4011 0.1896
vn 0.8341 0.4159 0.3622
vn 0.8153 0.3701 0.4454
vn 0.8310 0.3897 0.3968
vn 0.8636 0.3415 0.3708
vn 0.9274 0.3624 0.0925
vn -0.6561 0.6495 0.3842
vn -0.8473 0.4435 0.2923
vn -0.8188 0.4292 0.3812
vn -0.8540 0.4018 0.3305
vn -0.8483 -0.5054 0.1583
vn -0.6541 -0.6858 -0.3191
vn -0.8996 -0.1956 -0.3904
vn -0.8781 0.1320 -0.4600
vn -0.7685 -0.1474 -0.6226
vn -0.5000 -0.0706 -0.8632
vn -0.6843 0.0434 -0.7279
vn -0.5062 0.0521 -0.8608
vn -0.7798 -0.0006 -0.6261
vn -0.8225 0.0404 -0.5673
vn -0.9685 -0.0129 -0.2487
vn -0.9241 -0.0935 -0.3706
vn -0.9802 -0.0687 -0.1855
vn -0.8696 -0.3277 -0.3694
vn -0.0814 0.1061 -0.9910
vn -0.9802 -0.1925 0.0460
vn -0.9742 0.1000 -0.2023
vn -0.9657 0.1957 -0.1706
vn -0.9767 -0.1920 -0.0959
vn -0.9764 -0.1852 -0.1115
vn 0.5602 0.7595 -0.3305
vn -0.4060 0.8814 -0.2417
vn 0.5117 0.8435 -0.1636
vn -0.2847 0.8064 -0.5184
vn -0.7094 0.5978 -0.3733
vn -0.5029 0.5645 -0.6545
vn -0.8396 0.2945 -0.4565
vn -0.7745 0.3044 -0.5545
vn -0.5937 0.3915 -0.7030
vn -0.5951 0.0648 -0.8010
vn -0.1126 0.0890 -0.9896
vn 0.0226 0.1147 -0.9931
vn 0.0225 0.1146 -0.9932
vn 0.3823 0.6425 -0.6641
vn -0.2542 0.5207 -0.8150
vn 0.0236 0.5705 -0.8210
vn 0.0228 0.3741 -0.9271
vn 0.9501 0.0507 0.3079
vn 0.0205 0.4851 0.8742
vn -0.6762 -0.3574 0.6443
vn 0.2791 -0.8366 0.4713
vn 0.9502 0.2510 -0.1847
vn 0.1925 -0.9645 -0.1806
vn -0.9422 -0.2358 0.2378
vn -0.2013 0.9425 0.2666
vn -0.2341 -0.9713 0.0425
vn 0.1100 -0.9555 0.2736
vn -0.3821 -0.9230 0.0450
vn -0.5805 -0.7740 0.2530
vn -0.5203 -0.8526 0.0481
vn -0.2300 -0.6436 0.7300
vn -0.3891 -0.7484 0.5371
vn -0.5369 -0.8436 0.0107
vn -0.0825 -0.8287 0.5536
vn 0.8085 -0.3743 0.4541
vn 0.2324 -0.9625 0.1399
vn -0.0524 -0.9986 0.0121
vn 0.4041 -0.9095 0.0976
vn 0.1511 -0.9825 -0.1093
vn 0.6176 -0.7821 -0.0832
vn 0.7263 -0.6849 0.0585
vn 0.8805 -0.4105 0.2372
vn 0.8911 0.4157 0.1822
vn 0.8812 0.3872 0.2712
vn 0.8271 0.5406 0.1538
vn 0.8615 0.4912 0.1289
vn 0.8103 0.5534 0.1928
vn 0.9491 -0.2383 0.2059
vn 0.9983 -0.0546 -0.0194
vn 0.8354 -0.5437 0.0811
vn 0.5961 -0.7119 0.3713
vn -0.7118 -0.4311 0.5545
vn -0.9601 -0.1409 0.2415
vn 0.2541 0.2871 0.9236
vn 0.4372 0.1900 0.8791
vn 0.5848 -0.0507 0.8096
vn 0.6536 0.5908 0.4731
vn 0.5715 0.7826 0.2467
vn 0.6401 0.7194 0.2696
vn 0.9248 0.3105 0.2199
vn 0.8436 0.5173 0.1443
vn 0.8027 0.5961 -0.0195
vn 0.4828 0.8437 0.2345
vn 0.5673 0.6904 0.4488
vn 0.4419 0.8677 0.2276
vn 0.6005 0.7918 0.1118
vn 0.4625 0.8441 0.2712
vn 0.4364 0.7936 0.4240
vn 0.6049 0.7206 0.3387
vn 0.9422 0.3233 0.0876
vn 0.9169 0.3556 -0.1815
vn 0.9900 -0.0037 0.1411
vn 0.9673 -0.1315 0.2168
vn 0.9292 0.3680 0.0340
vn 0.9493 0.2881 0.1260
vn 0.8156 -0.3816 0.4350
vn 0.9951 -0.0727 -0.0674
vn 0.9140 -0.4030 0.0475
vn 0.8945 -0.2689 -0.3573
vn 0.9090 -0.1763 -0.3776
vn 0.5457 -0.5589 -0.6244
vn 0.6193 0.1326 -0.7739
vn 0.2597 -0.3423 -0.9030
vn 0.3012 0.2029 -0.9317
vn 0.0579 -0.7260 -0.6852
vn 0.9868 0.1445 -0.0736
vn 0.6057 -0.7550 -0.2515
vn 0.1885 -0.7496 -0.6345
vn 0.0299 -0.7643 -0.6441
vn 0.0615 -0.7654 -0.6406
vn 0.3405 -0.5988 -0.7249
vn 0.5467 -0.3366 -0.7667
vn 0.8944 -0.3221 -0.3102
vn 0.9256 -0.3671 -0.0918
vn 0.9980 0.0602 -0.0210
vn 0.9425 0.2717 0.1946
vn 0.7677 -0.3698 0.5234
vn 0.9711 -0.1846 0.1513
vn 0.9853 -0.1637 -0.0488
vn 0.8623 -0.2559 0.4370
vn 0.8112 -0.4920 0.3161
vn 0.7858 -0.5727 0.2334
vn 0.6992 -0.6856 0.2030
vn 0.5967 -0.7448 0.2986
vn 0.7025 -0.6253 0.3398
vn 0.2705 -0.8362 0.4771
vn 0.5146 -0.7510 0.4137
vn 0.6694 -0.6104 0.4235
vn 0.9139 -0.3646 0.1784
vn 0.9596 -0.2604 -0.1066
vn 0.8760 -0.1461 -0.4597
vn 0.5693 -0.0302 -0.8216
vn 0.7721 -0.2388 -0.5889
vn 0.5080 0.0664 -0.8588
vn 0.6719 -0.7237 0.1578
vn 0.8916 -0.3475 0.2903
vn 0.8284 -0.4093 0.3825
vn 0.8062 -0.4940 0.3258
vn 0.8380 -0.5156 0.1786
vn 0.8704 -0.4729 0.1369
vn 0.8044 -0.5617 -0.1935
vn 0.8502 0.0557 0.5235
vn 0.9500 0.0852 0.3003
vn 0.9229 -0.0762 0.3774
vn 0.9439 -0.1877 0.2718
vn 0.9492 -0.3075 0.0668
vn 0.9632 -0.2688 -0.0057
vn 0.9186 -0.2731 -0.2858
vn 0.9603 0.0051 -0.2791
vn 0.8151 0.0613 -0.5761
vn 0.9668 0.0346 -0.2533
vn 0.9904 0.1108 0.0832
vn 0.9097 0.3849 0.1559
vn 0.8497 0.4337 0.2997
vn 0.9978 -0.0016 -0.0659
vn 0.9894 0.1442 0.0195
vn 0.9324 0.2801 0.2285
vn 0.8806 0.3823 0.2800
vn 0.8546 0.4471 0.2641
vn 0.7521 0.3790 0.5392
vn 0.9154 0.3626 0.1747
vn 0.8696 0.4453 0.2134
vn 0.8179 0.4825 0.3133
vn 0.7299 0.5993 0.3287
vn 0.5923 0.4461 0.6709
vn 0.4423 0.1590 0.8827
vn 0.6280 0.2888 0.7226
vn 0.6998 0.0294 0.7138
vn 0.7759 -0.1872 0.6024
vn 0.8494 0.4514 0.2734
vn 0.8374 0.1075 -0.5359
vn 0.9160 0.3201 -0.2420
vn 0.7362 0.6628 0.1365
vn 0.6929 0.6310 0.3490
vn 0.6509 0.6186 0.4401
vn 0.5062 0.6685 0.5448
vn 0.3311 0.8385 0.4327
vn 0.2718 0.5245 0.8069
vn 0.1505 0.0448 0.9876
vn 0.0059 0.6531 0.7573
vn -0.0187 0.3608 0.9325
vn 0.1872 0.4049 0.8950
vn 0.7556 0.6122 -0.2328
vn 0.8070 0.3020 -0.5075
vn 0.5495 0.5512 -0.6279
vn 0.3009 0.5125 -0.8042
vn 0.6303 0.3783 -0.6779
vn -0.3391 0.6462 -0.6837
vn -0.9584 0.2266 -0.1734
vn 0.1624 0.8123 0.5602
vn 0.0784 0.8896 0.4499
vn 0.2471 0.6679 0.7021
vn 0.3422 0.7328 0.5882
vn 0.3649 0.8572 0.3632
vn 0.4188 0.8994 0.1253
vn 0.4688 0.8606 -0.1991
vn 0.3262 0.7995 -0.5044
vn -0.5284 0.7716 -0.3541
vn -0.9531 0.2700 -0.1369
vn -0.4854 0.8545 -0.1851
vn -0.9455 0.3118 -0.0941
vn -0.3275 0.6688 0.6673
vn -0.4062 0.6868 0.6027
vn -0.3485 0.6001 0.7200
vn -0.3762 0.7075 0.5983
vn -0.4482 0.8323 0.3261
vn -0.4834 0.8613 0.1561
vn -0.9240 0.3789 0.0520
vn -0.8971 0.4120 0.1596
vn -0.8416 0.4135 0.3475
vn -0.8256 0.3628 0.4321
vn -0.8488 0.3835 0.3640
vn -0.8878 0.3361 0.3143
vn -0.1560 0.4332 0.8877
vn -0.9020 0.2458 0.3548
vn 0.0135 0.7419 0.6704
vn -0.9234 0.2274 0.3091
vn -0.5333 0.7257 0.4347
vn -0.9470 0.2760 0.1646
vn -0.5391 0.7498 0.3836
vn -0.9527 0.2537 0.1672
vn -0.6518 0.3795 0.6566
vn 0.6219 0.4464 0.6434
vn 0.5790 0.2310 0.7819
vn -0.0192 0.1877 0.9820
vn 0.0384 0.5724 0.8191
vn -0.0638 0.5824 0.8104
vn -0.0105 0.6068 0.7947
vn -0.0018 0.8538 0.5206
vn -0.4674 0.7362 0.4895
vn 0.3551 0.5061 0.7860
vn 0.4620 0.7259 0.5096
vn 0.6213 0.2388 0.7463
vn 0.7997 0.3868 0.4593
vn 0.7167 -0.1234 0.6863
vn 0.9208 -0.0727 0.3831
vn 0.6160 -0.4833 0.6221
vn 0.7929 -0.5294 0.3016
vn 0.3459 -0.7447 0.5708
vn 0.4503 -0.8610 0.2365
vn -0.0211 -0.8373 0.5463
vn -0.0153 -0.9786 0.2054
vn -0.3866 -0.7366 0.5550
vn -0.4791 -0.8507 0.2165
vn -0.6528 -0.4693 0.5947
vn -0.8168 -0.5116 0.2668
vn -0.7483 -0.1071 0.6547
vn -0.9379 -0.0521 0.3429
vn -0.6475 0.2528 0.7189
vn -0.8100 0.4046 0.4244
vn -0.3774 0.5142 0.7702
vn -0.0232 -0.1693 0.9853
vn 0.0184 -0.0993 0.9949
vn -0.0225 -0.0880 0.9959
vn 0.0481 -0.1292 0.9905
vn 0.0588 -0.1697 0.9837
vn 0.0475 -0.2099 0.9766
vn 0.0173 -0.2392 0.9708
vn -0.0237 -0.2495 0.9681
vn -0.0646 -0.2382 0.9691
vn -0.0943 -0.2084 0.9735
vn -0.1050 -0.1679 0.9802
vn -0.0937 -0.1276 0.9874
vn -0.0635 -0.0984 0.9931
vn 0.0232 0.1693 -0.9853
vn -0.0072 -0.9855 -0.1696
vn 0.4936 -0.8590 -0.1360
vn 0.8621 -0.5023 -0.0661
vn 0.9997 -0.0111 0.0216
vn 0.8694 0.4832 0.1035
vn 0.5061 0.8479 0.1576
vn 0.0072 0.9855 0.1696
vn -0.4936 0.8590 0.1360
vn -0.8621 0.5023 0.0661
vn -0.9997 0.0111 -0.0216
vn -0.8694 -0.4832 -0.1035
vn -0.5061 -0.8479 -0.1577
vn 0.7016 -0.6668 -0.2512
vn 0.6318 -0.3305 0.7011
vn 0.7013 -0.5179 0.4899
vn 0.6859 -0.4707 -0.5549
vn 0.3272 -0.1033 0.9393
vn 0.4863 -0.1049 -0.8674
vn -0.1908 0.0167 -0.9815
vn -0.2481 0.0828 0.9652
vn -0.9733 0.2251 0.0453
vn 0.0527 -0.3200 0.9460
vn 0.0533 -0.3194 0.9461
vn 0.0529 -0.3198 0.9460
vn 0.0531 -0.3196 0.9461
vn -0.4022 0.0219 -0.9153
vn -0.1769 0.5846 -0.7918
vn -0.0436 0.1274 -0.9909
vn -0.1440 0.5933 -0.7920
vn -0.0216 0.1333 -0.9908
vn -0.2303 0.8774 -0.4209
vn -0.2688 -0.4328 -0.8605
vn -0.1649 -0.8073 -0.5667
vn -0.7492 -0.5909 -0.2991
vn -0.7991 -0.3954 -0.4529
vn 0.0934 -0.3672 -0.9254
vn 0.1050 -0.3643 -0.9254
vn 0.2051 -0.7689 -0.6056
vn -0.3095 0.9449 0.1066
vn -0.2722 0.9620 0.0226
vn -0.2440 0.8390 -0.4865
vn -0.4083 0.4397 -0.8000
vn -0.8625 -0.1597 -0.4803
vn -0.9678 -0.2510 0.0189
vn -0.7241 -0.6892 -0.0261
vn -0.1145 -0.9914 -0.0626
vn 0.2008 -0.7698 -0.6059
vn 0.2553 -0.9645 -0.0671
vn -0.1276 -0.8692 0.4776
vn 0.2320 -0.8360 0.4972
vn -0.2821 -0.6184 0.7335
vn 0.1468 -0.5626 0.8136
vn -0.2661 0.7495 -0.6062
vn -0.9351 -0.0608 -0.3490
vn -0.9879 0.1181 -0.1003
vn 0.2547 -0.9650 -0.0624
vn 0.2466 -0.8296 0.5010
vn 0.0271 -0.0975 0.9949
vn -0.0124 -0.0320 0.9994
vn -0.1175 0.3846 0.9156
vn 0.1411 0.2915 0.9461
vn -0.2438 0.8097 0.5338
vn -0.0595 0.8729 0.4842
vn -0.6100 -0.0327 0.7917
vn -0.4412 -0.1359 0.8871
vn -0.7451 0.6547 0.1272
vn -0.7945 0.4723 0.3817
vn 0.4214 0.7733 0.4738
vn -0.8887 0.2627 0.3758
vn -0.6953 -0.2744 0.6643
vn 0.6176 0.2402 0.7489
vn -0.9758 0.2153 0.0380
vn -0.9528 0.1257 0.2762
vn -0.8857 -0.0587 0.4606
vn -0.8035 -0.2719 0.5296
vn -0.7455 -0.4700 0.4726
vn -0.7206 -0.6353 0.2775
vn -0.8568 0.4993 -0.1287
vn -0.7987 -0.5216 0.2999
vn -0.3093 -0.9330 0.1840
vn -0.4479 -0.5991 0.6636
vn -0.0544 -0.7554 0.6530
vn 0.1037 -0.5154 0.8506
vn 0.4804 -0.5160 0.7092
vn 0.1066 -0.1057 0.9887
vn 0.2490 0.1055 0.9627
vn 0.7109 -0.2165 0.6691
vn -0.8759 -0.1810 0.4472
vn -0.6829 -0.3225 0.6554
vn -0.1477 0.5304 0.8348
vn -0.3375 0.4774 0.8113
vn -0.4283 0.5178 0.7406
vn -0.5196 0.6020 0.6063
vn -0.6048 0.5065 0.6146
vn 0.2856 0.3350 0.8979
vn 0.7579 0.2881 0.5853
vn 0.4649 0.7732 0.4314
vn -0.5623 0.7407 0.3678
vn -0.8120 0.3321 0.4801
vn -0.7080 0.2637 0.6551
vn -0.5212 0.4946 0.6955
vn -0.1377 0.9432 0.3024
vn -0.2521 0.5278 0.8111
vn 0.1681 0.9377 0.3042
vn 0.0260 0.5089 0.8604
vn 0.1846 0.4876 0.8534
vn -0.6913 0.1850 0.6985
vn -0.8066 0.5432 0.2330
vn -0.6329 0.7451 0.2102
vn -0.4870 0.8429 0.2288
vn -0.2203 0.9250 0.3097
vn -0.5082 -0.3442 0.7895
vn -0.2241 -0.6457 0.7300
vn -0.1536 -0.6417 0.7514
vn 0.0395 -0.4716 0.8809
vn 0.3046 -0.1863 0.9341
vn 0.0008 -0.9582 0.2860
vn -0.2550 -0.9264 0.2769
vn -0.8885 -0.3291 0.3198
vn 0.4837 0.8270 0.2866
vn 0.1788 0.4614 0.8690
vn -0.7478 -0.1192 0.6531
vn -0.8587 0.0108 0.5123
vn -0.7604 0.0004 0.6494
vn 0.4067 -0.0283 0.9131
vn 0.9994 -0.0148 0.0299
vn 0.9106 -0.3850 0.1504
vn 0.4685 -0.8368 0.2833
vn 0.3721 0.2346 0.8981
vn 0.9567 0.2850 0.0587
vn -0.0241 -0.3584 0.9333
vn -0.0234 -0.1972 0.9801
vn -0.1070 -0.2172 0.9702
vn 0.0601 -0.2191 0.9739
vn 0.1212 -0.2769 0.9532
vn 0.1433 -0.3552 0.9238
vn 0.1207 -0.4330 0.8933
vn 0.0594 -0.4894 0.8700
vn -0.0242 -0.5094 0.8602
vn -0.1078 -0.4876 0.8664
vn -0.1688 -0.4297 0.8870
vn -0.1910 -0.3515 0.9165
vn -0.1684 -0.2737 0.9470
vn 0.1780 -0.6502 0.7386
vn 0.2284 0.5223 0.8216
vn -0.0519 0.5097 0.8588
vn 0.1067 -0.6447 0.7570
vn 0.5015 0.4832 0.7177
vn -0.0880 -0.4702 0.8782
vn 0.6846 0.2483 0.6853
vn 0.2607 0.9363 0.2353
vn 0.1239 0.5290 0.8395
vn -0.2290 0.9292 0.2899
vn -0.8834 0.4609 0.0847
vn -0.2913 0.4101 0.8643
vn -0.4443 0.2216 0.8680
vn -0.9991 0.0402 0.0143
vn -0.4306 0.0182 0.9024
vn -0.9245 -0.3647 0.1107
vn -0.3488 -0.1790 0.9200
vn -0.4987 -0.8261 0.2624
vn -0.0343 -0.9578 0.2853
vn 0.2223 -0.9317 0.2872
vn 0.8663 -0.3486 0.3578
vn 0.4659 -0.3550 0.8105
vn -0.2105 0.4920 0.8448
vn 0.7314 -0.0161 0.6817
vn 0.7071 -0.1238 0.6962
vn 0.6348 -0.3250 0.7010
vn 0.4009 -0.5922 0.6990
vn 0.3844 0.5793 0.7188
vn 0.4758 0.8497 0.2272
vn 0.4516 0.6480 0.6133
vn 0.6396 0.7310 0.2378
vn 0.5204 0.6414 0.5637
vn 0.8076 0.5254 0.2679
vn 0.5887 0.4933 0.6404
vn 0.6644 0.1700 0.7278
vn -0.3167 0.3417 0.8849
vn -0.7760 0.3051 0.5520
vn -0.4659 0.7835 0.4112
vn -0.1603 0.9413 0.2971
vn 0.1454 0.9400 0.3085
vn 0.5621 0.7281 0.3923
vn 0.7975 0.3142 0.5150
vn 0.8357 -0.0080 0.5491
vn 0.8395 -0.1784 0.5132
vn 0.7643 -0.5239 0.3760
vn 0.2923 -0.9235 0.2484
vn 0.1290 -0.6458 0.7526
vn -0.0224 -0.3410 0.9398
vn -0.1263 -0.0007 0.9920
vn -0.2770 0.1295 0.9521
vn -0.7305 -0.1671 0.6621
vn -0.5317 -0.4746 0.7015
vn -0.3801 -0.8145 0.4383
vn -0.1695 -0.9663 0.1939
vn 0.0109 -0.5880 -0.8088
vn -0.0310 0.1949 -0.9803
vn 0.0720 0.1814 -0.9808
vn -0.1428 -0.9528 0.2681
vn 0.0402 -0.8301 0.5562
vn -0.8355 -0.3561 0.4185
vn 0.6398 -0.7031 0.3103
vn 0.6748 0.4612 -0.5762
vn 0.6747 0.4613 -0.5762
vn -0.6503 -0.4745 0.5933
vn -0.6503 -0.4744 0.5933
vn -0.7510 0.6297 -0.1988
vn -0.7509 0.6298 -0.1989
vn 0.5323 -0.7271 0.4336
vn 0.1166 -0.2483 -0.9616
vn 0.7701 0.4708 -0.4305
vn 0.0753 -0.9231 -0.3772
vn -0.6822 -0.2892 0.6716
vn -0.7093 -0.6418 -0.2915
vn -0.5508 0.8182 -0.1648
vn -0.6442 0.0887 -0.7597
vn 0.7286 0.6623 0.1747
vn -0.2563 0.9276 0.2719
vn -0.3114 0.0812 0.9468
vn 0.5857 -0.2953 0.7548
vn -0.8615 -0.2995 -0.4101
vn -0.8646 -0.2353 0.4440
vn -0.9114 0.2003 0.3596
vn -0.7626 0.1865 -0.6194
vn -0.5110 0.1485 -0.8467
vn -0.6145 0.5355 -0.5793
vn -0.4122 0.3066 -0.8579
vn -0.7949 0.2715 -0.5427
vn -0.7879 0.2413 -0.5665
vn -0.8844 0.3340 0.3261
vn -0.6908 -0.5745 0.4391
vn -0.6911 -0.6690 -0.2733
vn -0.6877 0.5071 0.5196
vn -0.9003 0.3938 0.1854
vn -0.6027 0.3364 0.7236
vn -0.6586 0.6688 0.3449
vn -0.3027 0.7867 -0.5380
vn -0.3121 0.8914 0.3287
vn 0.0300 0.8487 -0.5280
vn 0.0028 0.9242 0.3818
vn 0.1415 0.9817 -0.1272
vn 0.1110 0.9915 0.0683
vn 0.4593 0.8726 0.1663
vn 0.2590 0.9658 0.0108
vn 0.4703 0.7908 -0.3918
vn 0.2865 0.9402 -0.1844
vn -0.4310 0.4837 0.7617
vn -0.5375 0.3605 0.7623
vn -0.2365 0.6646 0.7088
vn 0.6604 0.6686 0.3418
vn 0.6256 0.5171 -0.5842
vn -0.2222 0.4834 -0.8467
vn -0.1663 -0.7266 -0.6667
vn -0.1090 -0.9851 -0.1327
vn -0.7054 -0.6207 -0.3423
vn -0.5717 -0.5114 -0.6416
vn -0.6885 0.5404 -0.4837
vn -0.5993 0.2892 -0.7464
vn -0.1375 0.8651 -0.4823
vn -0.1865 0.4063 -0.8945
vn -0.8208 -0.4813 0.3076
vn -0.6939 -0.5319 0.4854
vn -0.7204 -0.6086 0.3326
vn -0.8489 -0.3594 0.3875
vn -0.9578 0.2480 0.1453
vn -0.9912 0.1286 0.0324
vn -0.9538 0.1818 0.2390
vn -0.8426 -0.4074 0.3523
vn -0.9514 0.1770 0.2519
vn -0.9183 -0.3055 0.2519
vn -0.7865 -0.5481 0.2846
vn -0.6461 -0.7416 0.1805
vn -0.7897 -0.5870 0.1784
vn -0.6670 -0.7336 0.1299
vn -0.7108 -0.6363 0.2997
vn -0.6562 -0.7133 0.2459
vn -0.7812 -0.5400 0.3132
vn -0.0891 0.1654 0.9822
vn -0.1277 0.4656 0.8758
vn -0.1203 0.1908 0.9742
vn -0.0196 0.4043 0.9144
vn 0.0912 0.1499 0.9845
vn 0.4754 0.2712 0.8369
vn 0.1335 0.7902 0.5981
vn -0.1084 0.8493 0.5166
vn -0.4239 0.6982 0.5770
vn -0.2551 0.3636 0.8959
vn -0.1553 0.1618 0.9745
vn -0.0984 0.0465 0.9941
vn -0.0564 0.0933 0.9940
vn -0.0428 0.0253 0.9988
vn 0.1337 -0.1044 0.9855
vn -0.0938 -0.0737 0.9929
vn 0.0919 -0.2046 0.9745
vn -0.0279 -0.0795 0.9964
vn 0.0491 -0.2339 0.9710
vn -0.0196 -0.0121 0.9997
vn -0.0577 -0.2440 0.9681
vn -0.1519 0.0072 0.9884
vn -0.2444 -0.1670 0.9552
vn -0.1828 0.0530 0.9817
vn -0.3518 -0.0096 0.9360
vn -0.1902 0.0779 0.9786
vn -0.1844 0.1075 0.9769
vn -0.3567 0.1836 0.9160
vn -0.6926 0.3230 0.6450
vn -0.8465 0.3809 0.3719
vn -0.4854 0.8284 0.2796
vn -0.0816 0.9706 0.2265
vn 0.2174 0.9260 0.3086
vn 0.7450 0.3307 0.5793
vn 0.5136 -0.3707 0.7738
vn -0.7439 0.0710 0.6645
vn -0.3764 0.0793 0.9231
vn -0.6945 -0.1532 0.7030
vn -0.4243 -0.5218 0.7401
vn -0.0019 -0.6998 0.7144
vn 0.2824 -0.6553 0.7006
vn 0.4161 -0.5577 0.7182
vn 0.7044 -0.4994 0.5045
vn 0.5512 -0.7067 0.4435
vn 0.3844 -0.8170 0.4298
vn 0.0415 -0.8911 0.4520
vn -0.5042 -0.7099 0.4918
vn -0.8588 -0.2387 0.4533
vn -0.9123 0.0570 0.4056
vn 0.9553 0.2907 -0.0530
vn 0.9639 0.2487 -0.0955
vn 0.9686 0.2148 -0.1248
vn 0.1266 0.1041 -0.9865
vn 0.1572 0.0863 -0.9838
vn 0.6152 0.0965 -0.7824
vn 0.3253 -0.3587 -0.8749
vn -0.6269 0.3231 -0.7089
vn -0.7285 -0.3889 -0.5640
vn -0.0924 -0.8949 -0.4367
vn 0.0931 -0.0343 -0.9951
vn 0.0001 0.0248 0.9997
vn -0.1785 -0.1009 0.9788
vn -0.1639 -0.2023 0.9655
vn 0.0154 0.0925 0.9956
vn -0.1291 0.1420 0.9814
vn 0.1610 -0.1952 0.9675
vn 0.2872 -0.5826 0.7603
vn 0.6269 -0.2497 0.7380
vn -0.0088 -0.2790 0.9603
vn -0.1094 -0.7043 0.7014
vn -0.1121 -0.2595 0.9592
vn -0.3282 -0.6495 0.6858
vn 0.0024 -0.0052 1.0000
vn 0.0712 0.0715 0.9949
vn 0.0502 0.1639 0.9852
vn -0.0047 0.3831 0.9237
vn 0.0823 0.1886 0.9786
vn 0.1052 0.4519 0.8858
vn 0.1166 0.1588 0.9804
vn 0.2242 0.3583 0.9063
vn 0.1444 0.1038 0.9841
vn 0.3207 0.1761 0.9307
vn 0.1490 0.0689 0.9864
vn 0.3364 0.0536 0.9402
vn 0.1381 0.0401 0.9896
vn 0.2993 -0.0495 0.9529
vn 0.0980 -0.0012 0.9952
vn 0.0476 -0.0269 0.9985
vn 0.0164 -0.0226 0.9996
vn -0.4590 -0.5481 0.6992
vn -0.5547 -0.3589 0.7507
vn -0.5298 0.2782 0.8012
vn -0.1529 0.8167 0.5565
vn 0.1164 0.8602 0.4966
vn 0.4139 0.6888 0.5952
vn 0.6710 0.3079 0.6745
vn 0.7127 0.0110 0.7013
vn 0.1004 0.9836 0.1501
vn -0.2338 0.9584 0.1635
vn 0.4910 0.8176 0.3007
vn 0.8379 0.3622 0.4083
vn 0.8922 -0.0199 0.4513
vn 0.7874 -0.3638 0.4976
vn 0.3458 -0.7837 0.5160
vn -0.1584 -0.8843 0.4393
vn -0.4207 -0.8081 0.4124
vn -0.5855 -0.6941 0.4189
vn -0.7364 -0.4834 0.4733
vn -0.8022 0.3563 0.4790
vn 0.4721 0.6994 -0.5366
vn 0.0978 0.9950 -0.0199
vn 0.6247 0.6714 0.3987
vn -0.3399 0.7945 0.5033
vn -0.3828 0.8223 -0.4210
vn -0.6369 0.4711 -0.6102
vn 0.6109 0.2703 -0.7441
vn 0.8228 0.0772 0.5631
vn -0.5987 0.3091 0.7390
vn 0.2244 -0.2643 0.9380
vn -0.0220 -0.0337 0.9992
vn -0.0221 -0.0441 0.9988
vn -0.0243 -0.4391 0.8981
vn -0.2734 -0.2588 0.9264
vn -0.3212 -0.0412 0.9461
vn 0.3084 -0.3278 0.8930
vn -0.6569 -0.4491 0.6057
vn -0.3586 -0.6084 0.7080
vn -0.0735 -0.4749 0.8769
vn -0.0242 -0.4954 0.8683
vn 0.0251 -0.4761 0.8790
vn 0.3148 -0.6151 0.7229
vn -0.5451 -0.5763 0.6088
vn -0.2700 -0.4333 0.8598
vn -0.0622 -0.3257 0.9434
vn -0.0241 -0.3460 0.9379
vn 0.0142 -0.3266 0.9451
vn 0.2231 -0.4387 0.8705
vn 0.5061 -0.5871 0.6318
vn 0.6389 -0.5983 0.4836
vn 0.7258 -0.5612 0.3979
vn 0.7976 -0.5034 0.3322
vn 0.8223 -0.4667 0.3257
vn 0.8801 -0.4063 0.2458
vn 0.9411 -0.2651 0.2097
vn 0.6067 -0.4844 0.6303
vn 0.8126 -0.4215 0.4025
vn 0.9320 -0.2435 0.2687
vn 0.9177 -0.3443 -0.1982
vn 0.8816 -0.4489 -0.1459
vn 0.9605 -0.2364 -0.1471
vn 0.8472 -0.5311 0.0121
vn 0.8978 -0.0558 0.4369
vn 0.8282 -0.4953 0.2622
vn 0.8030 -0.3317 0.4952
vn 0.7772 -0.3223 0.5405
vn 0.7473 -0.1658 0.6434
vn 0.2754 -0.0443 0.9603
vn 0.7212 -0.5804 0.3782
vn 0.8938 -0.2020 0.4003
vn 0.9174 0.1344 0.3745
vn 0.7609 0.2345 0.6050
vn 0.3140 -0.1699 0.9341
vn 0.9927 -0.0829 -0.0876
vn 0.9650 -0.0371 -0.2596
vn 0.8952 0.2066 -0.3949
vn 0.9302 0.2554 -0.2635
vn 0.8061 0.2177 0.5503
vn 0.7995 0.4750 0.3677
vn 0.5513 0.4462 0.7050
vn 0.2276 0.3097 -0.9232
vn 0.1497 0.7590 -0.6336
vn 0.2798 0.8361 -0.4718
vn 0.0794 0.9870 -0.1401
vn -0.0879 0.9497 0.3007
vn 0.5621 0.3640 0.7427
vn 0.5484 0.3473 0.7606
vn 0.8218 0.1698 0.5439
vn 0.9989 -0.0422 -0.0204
vn -0.6319 0.7307 -0.2584
vn -0.5403 0.4641 0.7020
vn -0.3623 0.3129 0.8780
vn 0.5647 0.2565 0.7844
vn 0.9174 0.1062 0.3835
vn 0.9587 -0.2823 -0.0350
vn 0.9119 -0.1773 -0.3702
vn 0.9545 -0.1655 -0.2480
vn 0.9364 -0.2463 -0.2501
vn 0.2835 -0.3530 -0.8916
vn 0.2817 -0.5182 -0.8075
vn -0.3928 0.0263 0.9192
vn 0.6525 0.1021 0.7509
vn -0.2060 -0.4453 0.8714
vn 0.0578 0.3584 0.9318
vn -0.5895 0.2973 0.7511
vn -0.0241 0.3788 0.9252
vn -0.9290 0.1631 0.3323
vn -0.9303 0.1477 0.3357
vn -0.9011 0.3936 0.1820
vn 0.8676 -0.1549 0.4725
vn -0.0653 -0.8655 0.4967
vn 0.0834 -0.9635 -0.2544
vn -0.6651 -0.7287 0.1636
vn -0.5421 -0.5810 -0.6071
vn 0.2185 -0.6050 -0.7657
vn -0.5482 -0.4681 -0.6931
vn -0.5582 -0.1844 -0.8090
vn -0.6081 0.2829 -0.7417
vn -0.5921 0.6582 -0.4649
vn -0.5278 0.7867 -0.3202
vn -0.4518 0.8051 -0.3843
vn -0.6598 0.5173 0.5451
vn -0.7556 0.6524 0.0588
vn -0.7364 -0.2479 0.6295
vn 0.1687 0.8480 0.5025
vn 0.0550 0.4321 0.9001
vn 0.0721 -0.0896 0.9934
vn -0.3503 -0.2915 0.8901
vn 0.2295 -0.3290 0.9160
vn 0.1338 0.3081 0.9419
vn 0.2238 -0.0811 0.9713
vn 0.1814 0.8371 0.5161
vn -0.2812 -0.0083 0.9596
vn -0.5965 -0.3454 0.7245
vn -0.3175 0.7700 0.5535
vn -0.6319 0.7645 0.1278
vn 0.1232 0.5665 0.8148
vn 0.1242 0.1252 0.9843
vn 0.2663 -0.2366 0.9344
vn 0.1838 0.8251 0.5342
vn -0.3168 -0.1661 0.9338
vn -0.5696 -0.3726 0.7326
vn -0.4068 0.7135 0.5705
vn -0.6797 0.7187 0.1464
vn 0.0964 0.5133 0.8528
vn 0.4253 0.8547 0.2977
vn 0.3349 0.6637 0.6689
vn 0.6395 0.6212 -0.4530
vn -0.1404 0.8785 0.4567
vn -0.5881 0.6352 0.5006
vn 0.5341 0.8385 -0.1077
vn 0.1266 0.8554 -0.5023
vn -0.2359 0.6580 -0.7151
vn 0.7991 -0.1624 0.5788
vn 0.6051 0.7853 0.1308
vn 0.0862 -0.9768 0.1959
vn 0.0220 -0.0106 0.9997
vn 0.4515 0.0485 0.8910
vn 0.6822 -0.2991 0.6672
vn -0.3774 0.2695 0.8860
vn -0.0500 0.1332 0.9898
vn 0.1700 0.0511 0.9841
vn 0.3654 -0.7418 0.5624
vn 0.4479 -0.6472 0.6168
vn 0.8981 -0.2371 0.3704
vn 0.7465 -0.5028 0.4359
vn 0.2697 -0.3586 0.8937
vn 0.8439 -0.2333 0.4831
vn 0.9287 -0.0603 0.3659
vn 0.9356 -0.0543 0.3488
vn -0.3440 0.1666 0.9241
vn -0.5674 0.4598 0.6831
vn -0.9976 0.0623 -0.0302
vn -0.8509 0.2166 0.4786
vn -0.7439 0.0025 0.6683
vn -0.9349 -0.0679 0.3485
vn -0.9828 -0.1833 -0.0232
vn -0.9878 -0.1274 -0.0897
vn -0.8707 -0.0786 -0.4856
vn -0.9814 -0.0453 -0.1865
vn -0.7348 -0.2439 -0.6329
vn -0.4314 -0.1278 -0.8931
vn -0.3772 -0.3661 -0.8507
vn 0.2036 -0.5216 -0.8285
vn 0.4486 -0.4833 -0.7518
vn 0.9780 0.1315 -0.1620
vn -0.1599 -0.1698 -0.9724
vn 0.9764 -0.1963 -0.0899
vn -0.2976 -0.0778 -0.9515
vn -0.6290 0.0134 -0.7773
vn -0.1642 -0.2538 -0.9532
vn 0.3646 -0.3751 -0.8523
vn -0.0193 0.9189 -0.3939
vn 0.9585 -0.1655 0.2323
vn 0.0256 0.9735 0.2272
vn 0.8753 0.4834 -0.0113
vn 0.7622 0.5969 -0.2504
vn 0.9907 0.1350 0.0149
vn -0.0200 -0.1793 -0.9836
vn -0.5065 -0.2540 -0.8240
vn 0.9827 0.1691 -0.0756
vn 0.4408 0.1850 -0.8783
vn -0.3892 0.8240 -0.4118
vn -0.6878 0.5659 -0.4546
vn -0.6120 -0.0196 -0.7906
vn 0.8355 -0.2306 -0.4987
vn 0.9241 -0.3812 -0.0287
vn 0.7388 -0.6129 -0.2803
vn 0.7339 -0.6052 -0.3083
vn 0.4909 -0.3781 -0.7849
vn 0.5288 -0.7061 -0.4709
vn 0.0890 -0.0794 -0.9929
vn -0.0811 0.3886 -0.9178
vn -0.4738 0.6557 -0.5878
vn -0.8957 0.4210 -0.1428
vn -0.8977 0.2852 -0.3360
vn -0.9574 -0.2420 0.1576
vn -0.8043 -0.5369 -0.2548
vn -0.4254 -0.8967 0.1220
vn 0.1595 -0.9838 0.0823
vn -0.4530 -0.7382 0.4999
vn 0.3807 -0.7278 0.5705
vn -0.1843 -0.7817 0.5958
vn -0.9500 -0.2880 0.1202
vn -0.7199 0.0733 -0.6902
vn -0.9152 -0.3391 0.2178
vn -0.9908 0.0565 -0.1232
vn -0.7724 -0.4563 -0.4418
vn -0.2912 -0.9465 -0.1391
vn 0.3861 -0.8705 -0.3053
vn 0.2996 -0.8689 -0.3941
vn -0.0792 -0.8671 -0.4919
vn -0.2915 -0.7249 -0.6241
vn -0.2325 -0.2980 -0.9258
vn 0.0593 0.0308 -0.9978
vn 0.7547 0.0614 0.6532
vn 0.9410 0.1370 0.3093
vn 0.3116 -0.8795 0.3598
vn 0.8216 -0.5555 0.1279
vn 0.9253 -0.3281 0.1904
vn 0.9504 0.1072 0.2921
vn 0.9691 -0.1374 0.2051
vn 0.6478 0.6249 0.4358
vn 0.9331 0.1727 0.3154
vn 0.9628 -0.0801 0.2581
vn 0.9947 -0.1028 -0.0064
vn 0.5121 0.8395 0.1818
vn 0.9783 0.0592 0.1985
vn 0.7214 0.6799 0.1313
vn 0.5483 0.7877 0.2810
vn 0.6953 0.6330 0.3404
vn 0.8419 0.3581 0.4037
vn 0.8680 0.2566 0.4251
vn 0.9928 -0.0372 0.1139
vn 0.9508 -0.0881 0.2970
vn 0.9285 -0.0843 0.3616
vn 0.9009 0.1663 -0.4009
vn 0.8438 0.5349 0.0434
vn 0.7699 0.6367 -0.0433
vn 0.9419 -0.3065 0.1378
vn 0.9871 0.0479 0.1530
vn 0.9449 0.0684 0.3203
vn 0.9357 0.2371 0.2614
vn 0.7222 0.6914 -0.0202
vn 0.4737 0.4735 0.7425
vn 0.9245 0.3738 0.0749
vn 0.9896 0.1233 0.0742
vn 0.9598 0.0040 -0.2808
vn 0.9205 0.1279 -0.3691
vn 0.9071 -0.1605 -0.3892
vn 0.9232 -0.3452 0.1688
vn 0.1579 0.5905 -0.7914
vn 0.7522 -0.6576 0.0420
vn -0.2470 -0.6552 -0.7140
vn -0.2783 -0.9337 -0.2251
vn -0.3259 -0.7199 0.6128
vn 0.5496 0.5778 0.6034
vn 0.1141 0.6159 0.7795
vn 0.0985 0.8980 -0.4287
vn 0.8181 0.4868 0.3061
vn 0.9402 0.3172 -0.1242
vn 0.4861 -0.7376 0.4686
vn 0.5238 -0.6908 0.4984
vn 0.1458 -0.7397 0.6569
vn 0.8079 0.0628 0.5859
vn 0.9900 0.0752 0.1197
vn 0.8850 0.4538 0.1042
vn 0.9328 -0.3366 0.1288
vn 0.9185 -0.0134 -0.3951
vn 0.8351 0.2568 -0.4865
vn 0.8224 -0.2322 -0.5193
vn -0.1308 0.8801 -0.4564
vn -0.2709 -0.6295 -0.7282
vn -0.1559 -0.9464 -0.2830
vn 0.3802 -0.6619 0.6460
vn -0.1340 -0.7170 0.6841
vn 0.7465 -0.5502 0.3743
vn 0.7276 -0.5812 0.3644
vn 0.8467 -0.5096 -0.1532
vn -0.1324 0.5344 -0.8348
vn 0.7369 0.6531 0.1742
vn 0.5360 0.5356 0.6525
vn 0.8418 0.2723 0.4661
vn 0.8072 0.5323 -0.2551
vn 0.1074 0.4949 -0.8623
vn 0.7649 0.5716 0.2970
vn 0.9049 0.3592 -0.2283
vn -0.0656 -0.9097 0.4101
vn -0.7345 -0.5016 0.4571
vn -0.1700 -0.9615 -0.2158
vn 0.4790 0.6985 0.5317
vn 0.7567 0.5200 0.3963
vn 0.2672 -0.8149 0.5144
vn 0.8249 -0.5595 -0.0809
vn -0.1993 -0.7950 -0.5730
vn -0.6814 -0.7105 -0.1758
vn 0.2811 -0.8990 0.3358
vn 0.9482 -0.3043 0.0909
vn 0.7067 0.3031 0.6393
vn -0.0622 0.7484 -0.6603
vn 0.8428 -0.5340 -0.0672
vn 0.9884 -0.1340 -0.0720
vn 0.2440 -0.9359 -0.2542
vn 0.9905 0.0744 -0.1160
vn 0.9500 -0.2492 0.1884
vn 0.8854 -0.4080 0.2227
vn 0.9423 -0.3346 -0.0007
vn 0.9516 -0.2996 -0.0677
vn 0.9675 -0.1762 -0.1812
vn 0.9510 -0.3054 -0.0483
vn 0.9975 -0.0675 0.0202
vn 0.9200 -0.3920 -0.0034
vn 0.8053 -0.2466 -0.5392
vn 0.8921 -0.0814 -0.4445
vn 0.9654 0.2601 0.0198
vn 0.8533 0.1198 -0.5075
vn -0.4582 0.8130 0.3592
vn -0.1184 0.9915 0.0534
vn -0.4751 0.8794 0.0300
vn -0.0782 0.8793 0.4699
vn 0.0409 0.0793 -0.9960
vn 0.2390 0.8988 0.3674
vn 0.8365 0.4521 0.3095
vn 0.7747 0.3239 -0.5430
vn -0.1612 -0.1997 -0.9665
vn 0.1963 -0.2186 -0.9559
vn 0.4857 -0.1956 -0.8520
vn 0.2821 -0.1848 -0.9414
vn 0.2853 -0.1855 -0.9403
vn 0.0032 -0.0784 -0.9969
vn -0.2720 0.0340 -0.9617
vn -0.1950 -0.0176 -0.9806
vn -0.1569 -0.0335 -0.9871
vn 0.0027 -0.1169 -0.9931
vn 0.0237 -0.0786 -0.9966
vn 0.1863 -0.1884 -0.9643
vn 0.1653 -0.1564 -0.9738
vn 0.1734 -0.1572 -0.9722
vn 0.9891 -0.1474 -0.0005
vn 0.9594 -0.0829 0.2695
vn 0.9655 -0.2602 0.0040
vn 0.9283 -0.2053 0.3100
vn 0.8918 -0.4524 0.0055
vn 0.8404 -0.4272 0.3335
vn 0.5280 -0.8492 0.0080
vn 0.4178 -0.7830 0.4609
vn 0.5016 0.0495 0.8637
vn 0.3775 -0.0198 0.9258
vn 0.2577 -0.1513 0.9543
vn 0.0250 -0.3070 0.9514
vn -0.1882 -0.2054 0.9604
vn -0.1003 -0.8341 0.5425
vn -0.0154 -0.7845 0.6199
vn -0.0173 -0.9998 0.0081
vn -0.1277 -0.9918 0.0078
vn 0.0734 -0.8468 0.5268
vn -0.5374 -0.8433 0.0057
vn -0.4288 -0.8002 0.4194
vn -0.0389 -0.3519 0.9352
vn -0.2786 -0.1592 0.9471
vn 0.1799 -0.2185 0.9591
vn -0.8512 -0.4253 0.3076
vn 0.0948 -0.9955 0.0083
vn -0.2735 0.5805 0.7669
vn -0.4739 0.2492 0.8446
vn -0.0037 0.3477 0.9376
vn -0.4843 0.0596 0.8729
vn 0.0144 0.0925 0.9956
vn -0.3924 -0.0055 0.9198
vn -0.0007 0.0896 0.9960
vn 0.4881 0.2605 0.8330
vn -0.9414 -0.1607 0.2965
vn -0.9651 -0.0640 0.2540
vn -0.8963 0.2989 0.3275
vn 0.1987 0.6453 0.7376
vn -0.9679 0.2514 -0.0011
vn -0.8970 -0.4420 0.0017
vn -0.9791 -0.2033 -0.0004
vn -0.9861 -0.1547 -0.0601
vn 0.0246 -0.7983 -0.6017
vn -0.5764 -0.7932 0.1967
vn -0.6446 -0.7566 0.1099
vn 0.1320 -0.9490 -0.2863
vn 0.1169 -0.8985 0.4230
vn -0.2063 -0.9181 -0.3385
vn -0.4771 -0.8762 0.0684
vn -0.3930 -0.4452 0.8046
vn 0.1812 -0.8023 0.5687
vn 0.8380 -0.4827 0.2545
vn 0.8313 -0.1649 -0.5308
vn 0.7782 -0.0202 -0.6277
vn 0.3114 -0.4698 -0.8260
vn 0.1362 -0.2412 -0.9609
vn 0.4379 -0.2793 0.8546
vn 0.0501 -0.5196 0.8529
vn -0.3526 -0.4508 0.8200
vn 0.9816 0.1482 -0.1204
vn 0.5002 0.7671 -0.4016
vn 0.8201 0.4830 0.3068
vn 0.8928 -0.1702 0.4170
vn 0.7960 -0.4309 0.4250
vn -0.1671 -0.8523 0.4956
vn 0.0174 -0.7787 0.6271
vn 0.1099 -0.7799 0.6162
vn 0.4249 -0.7412 0.5197
vn -0.4847 0.1745 0.8571
vn 0.4562 0.5441 0.7041
vn -0.0117 0.9287 0.3706
vn 0.0536 -0.1344 0.9895
vn 0.7951 0.3118 0.5203
vn 0.7440 0.2308 0.6270
vn 0.2964 -0.5029 0.8119
vn -0.4101 0.9107 0.0505
vn -0.5369 0.8433 0.0242
vn -0.0621 0.7865 0.6145
vn -0.7725 0.6349 -0.0070
vn 0.5147 0.7260 0.4560
vn 0.6512 0.7488 0.1232
vn 0.4672 0.8839 -0.0198
vn 0.7819 0.4272 0.4540
vn 0.6350 0.5828 -0.5070
vn -0.5781 0.6609 -0.4785
vn -0.1789 0.9765 -0.1205
vn -0.4603 0.7843 0.4160
vn 0.6867 0.7269 -0.0094
vn 0.7233 0.6905 0.0067
vn 0.2282 0.7986 0.5570
vn 0.2959 0.4952 0.8168
vn 0.8102 -0.1319 0.5712
vn 0.1885 0.8834 0.4290
vn 0.9978 -0.0046 -0.0658
vn 0.7398 -0.2299 -0.6323
vn 0.8699 -0.1392 0.4732
vn -0.9984 0.0216 -0.0520
vn -0.9657 -0.1566 0.2071
vn -0.7507 -0.3245 -0.5755
vn -0.5357 -0.3391 -0.7733
vn -0.7923 -0.0713 0.6060
vn -0.5908 -0.7386 0.3248
vn -0.5519 -0.0270 0.8335
vn -0.3329 -0.4214 0.8436
vn 0.2293 -0.2816 0.9317
vn 0.5861 -0.5018 0.6361
vn 0.4615 -0.8262 0.3233
vn 0.5221 -0.8516 0.0470
vn -0.4975 -0.7857 0.3676
vn -0.4747 -0.8534 0.2154
vn 0.9880 0.1539 0.0103
vn 0.6195 0.6771 -0.3972
vn 0.5654 0.4759 -0.6737
vn 0.9770 0.2131 -0.0004
vn 0.5569 0.8236 -0.1075
vn 0.5503 0.7736 -0.3142
vn 0.9691 0.1916 -0.1550
vn 0.6615 0.5375 -0.5229
vn 0.9402 0.1052 -0.3239
vn 0.9996 -0.0088 0.0274
vn 0.9539 -0.0175 0.2997
vn 0.8703 -0.1867 0.4557
vn 0.7222 0.0500 0.6899
vn 0.9253 -0.1418 0.3519
vn 0.8857 -0.3088 0.3467
vn 0.9926 0.1107 -0.0504
vn 0.8924 -0.2967 0.3401
vn 0.8909 -0.4312 0.1430
vn 0.3274 -0.6795 0.6566
vn -0.5355 -0.4363 0.7231
vn 0.3068 -0.4590 0.8337
vn -0.4227 -0.7028 0.5722
vn 0.1577 0.0201 0.9873
vn 0.3544 -0.6707 0.6516
vn -0.3346 -0.7456 0.5763
vn -0.9089 -0.2878 0.3017
vn -0.4013 -0.2798 0.8721
vn -0.6514 0.0414 0.7576
vn -0.4556 -0.7768 0.4347
vn 0.3138 -0.8013 0.5094
vn 0.3313 -0.9133 0.2368
vn 0.5307 0.0268 0.8471
vn 0.0341 0.1332 0.9905
vn -0.4493 0.0337 0.8927
vn -0.8207 0.1170 0.5592
vn -0.9682 -0.0669 0.2411
vn -0.9358 -0.3395 0.0946
vn -0.8845 -0.4663 0.0161
vn 0.1322 -0.2985 0.9452
vn -0.3283 0.1324 0.9353
vn -0.4039 -0.9014 0.1559
vn -0.8827 -0.4696 -0.0205
vn 0.9773 0.0247 0.2103
vn 0.9724 0.0138 0.2330
vn 0.9316 0.1542 0.3291
vn 0.8572 -0.2233 0.4641
vn 0.8774 -0.3327 0.3457
vn -0.0815 0.3899 0.9173
vn 0.4828 0.6857 0.5447
vn -0.0313 0.9924 0.1188
vn -0.1257 0.9870 0.1001
vn -0.6637 0.7411 0.1010
vn -0.8676 -0.0107 0.4971
vn 0.8233 -0.4632 -0.3281
vn 0.2833 -0.5738 0.7684
vn 0.4961 -0.8370 0.2311
vn 0.9984 -0.0504 -0.0261
vn 0.8596 -0.0855 0.5037
vn -0.9295 -0.1006 -0.3547
vn -0.8132 -0.5695 0.1200
vn -0.3230 -0.4323 -0.8419
vn -0.4712 0.0540 -0.8804
vn 0.5872 -0.2727 -0.7621
vn 0.1319 0.7822 -0.6089
vn 0.4593 0.7218 -0.5178
vn 0.9565 -0.2397 -0.1664
vn 0.7975 0.5856 -0.1449
vn 0.9130 0.0679 0.4023
vn -0.4305 -0.2419 -0.8695
vn 0.1814 -0.8328 -0.5230
vn -0.3540 -0.7976 -0.4883
vn -0.8970 -0.4027 -0.1821
vn -0.8830 0.0201 -0.4689
vn -0.3731 0.5997 -0.7080
vn 0.2665 -0.2692 -0.9255
vn 0.3311 -0.8237 -0.4604
vn 0.6390 -0.7692 0.0057
vn 0.7181 -0.3234 0.6162
vn -0.9262 -0.0457 -0.3742
vn -0.1465 -0.2263 -0.9630
vn -0.8741 0.0199 -0.4853
vn -0.1606 -0.1991 -0.9667
vn 0.8836 0.2973 0.3619
vn 0.4906 0.1881 0.8509
vn 0.3429 0.5178 0.7838
vn 0.0583 0.7870 0.6142
vn -0.6000 0.1814 0.7792
vn -0.0819 0.9756 0.2039
vn -0.8266 0.3276 0.4576
vn -0.2598 0.9504 -0.1712
vn -0.9151 0.3403 -0.2164
vn -0.8725 0.3375 -0.3533
vn -0.9795 -0.0475 -0.1960
vn -0.9938 -0.0121 -0.1108
vn -0.9514 -0.2428 -0.1894
vn -0.0565 -0.8159 -0.5755
vn 0.5899 -0.2441 -0.7697
vn 0.7142 -0.1811 -0.6761
vn -0.1190 0.9324 -0.3412
vn -0.1738 0.6113 -0.7721
vn 0.6386 0.7679 0.0497
vn 0.4659 0.8832 -0.0537
vn 0.5374 0.8433 0.0038
vn 0.6120 0.7719 -0.1721
vn 0.6494 0.5147 -0.5597
vn 0.6169 0.0118 -0.7869
vn -0.9405 -0.0228 0.3391
vn -0.8558 -0.0188 0.5170
vn -0.8416 0.0233 0.5396
vn -0.5985 0.0698 0.7981
vn -0.6117 0.0913 0.7858
vn 0.3038 -0.0117 0.9527
vn 0.2745 -0.1909 0.9425
vn -0.0259 -0.6635 0.7478
vn -0.3106 -0.4779 0.8217
vn 0.6424 -0.7655 -0.0363
vn 0.0445 -0.9843 0.1710
vn -0.8933 -0.2992 0.3355
vn -0.6987 -0.1561 0.6982
vn -0.6149 -0.0236 0.7883
vn 0.0730 0.2603 0.9628
vn 0.0729 0.2602 0.9628
vn 0.0307 0.1405 0.9896
vn -0.0239 0.1770 0.9839
vn 0.0601 -0.0399 0.9974
vn -0.0147 -0.0728 0.9972
vn -0.1131 -0.0820 0.9902
vn 0.4201 0.0868 0.9033
vn -0.1192 0.0159 0.9927
vn 0.5386 0.0141 0.8424
vn -0.0373 0.0365 0.9986
vn 0.2872 -0.3499 0.8917
vn -0.0033 0.0751 0.9972
vn 0.0222 0.1151 0.9931
vn 0.0224 0.1152 0.9931
vn 0.0396 0.1120 0.9929
vn 0.0313 0.1389 0.9898
vn -0.3353 0.1054 0.9362
vn -0.0476 0.1813 0.9823
vn -0.0835 -0.3002 -0.9502
vn 0.6674 -0.6478 0.3674
vn 0.5483 -0.8304 0.0985
vn 0.4245 -0.8974 0.1199
vn 0.6041 -0.7969 0.0021
vn -0.9393 -0.3229 0.1162
vn -0.8679 -0.2133 0.4486
vn -0.3811 -0.5449 0.7469
vn -0.9793 0.1553 -0.1300
vn 0.2686 -0.3923 0.8797
vn -0.1865 -0.0967 0.9777
vn 0.5547 -0.5801 0.5965
vn 0.3259 0.5701 0.7542
vn 0.6139 0.6670 0.4222
vn -0.1624 0.3175 0.9342
vn 0.2951 -0.5127 0.8062
vn -0.1784 -0.2612 0.9487
vn -0.3411 -0.5810 0.7390
vn 0.5276 -0.6081 0.5931
vn 0.3890 0.4699 0.7923
vn 0.6611 0.6170 0.4268
vn -0.2495 0.6001 0.7600
vn -0.1466 0.2033 0.9681
vn -0.4365 -0.2114 0.8745
vn -0.1296 -0.4159 0.9001
vn -0.3127 -0.4611 0.8304
vn 0.1199 0.0047 0.9928
vn 0.6271 0.3009 0.7185
vn 0.7221 0.6158 0.3154
vn -0.2376 0.6375 0.7329
vn -0.1111 0.1170 0.9869
vn -0.2103 -0.0924 -0.9733
vn -0.9447 0.0674 -0.3208
vn -0.9166 -0.1642 -0.3646
vn 0.4989 0.6472 0.5763
vn -0.2144 0.8572 0.4683
vn -0.5989 0.6217 0.5048
vn 0.4335 0.8405 0.3251
vn 0.5928 0.8042 -0.0434
vn 0.5986 0.6616 -0.4516
vn 0.0387 0.8622 -0.5050
vn -0.2809 0.6314 -0.7228
vn 0.0657 -0.5636 0.8235
vn 0.0628 -0.5891 0.8056
vn 0.0631 -0.2959 0.9531
vn 0.9963 -0.0710 0.0477
vn 0.9997 -0.0203 -0.0095
vn 0.9620 0.2263 -0.1531
vn 0.4903 0.7286 0.4782
vn 0.8156 0.3215 0.4811
vn 0.4691 0.6497 0.5982
vn 0.8498 0.3882 0.3567
vn 0.9415 -0.1231 0.3137
vn 0.9804 -0.0729 0.1828
vn 0.8660 0.4469 0.2243
vn 0.9986 -0.0212 0.0480
vn 0.5012 0.7925 0.3475
vn 0.0019 0.9230 0.3847
vn -0.0016 0.8573 0.5148
vn -0.4981 0.8035 0.3259
vn -0.4943 0.7396 0.4569
vn -0.8648 0.4660 0.1868
vn -0.8556 0.4070 0.3198
vn -1.0000 0.0010 0.0048
vn -0.9888 -0.0512 0.1403
vn -0.8674 -0.4671 -0.1715
vn -0.8581 -0.5123 -0.0333
vn -0.5026 -0.8127 -0.2948
vn -0.4999 -0.8524 -0.1534
vn -0.0021 -0.9432 -0.3324
vn -0.0113 -0.9816 -0.1908
vn 0.8470 -0.5316 0.0029
vn 0.4601 -0.8878 0.0076
vn 0.8122 -0.5663 0.1401
vn 0.4854 -0.8639 -0.1343
vn -0.0149 -0.9988 -0.0467
vn -0.4896 -0.8719 -0.0083
vn -0.8311 -0.5458 0.1068
vn -0.9567 -0.1020 0.2726
vn -0.8283 0.3397 0.4456
vn -0.4800 0.6602 0.5776
vn -0.0051 0.7737 0.6335
vn 0.4961 -0.8239 -0.2740
vn 0.8634 -0.4863 -0.1341
vn -0.4503 -0.8241 0.3435
vn -0.5630 -0.0526 0.8248
vn -0.4878 -0.8649 0.1188
vn 0.7270 -0.6769 0.1151
vn 0.7307 -0.6621 -0.1663
vn 0.9086 0.0869 0.4086
vn 0.3187 -0.0740 0.9450
vn -0.3673 -0.4119 0.8339
vn -0.4915 0.7116 -0.5021
vn -0.8600 0.1254 -0.4946
vn -0.3516 0.4878 -0.7990
vn -0.5121 0.8500 -0.1231
vn -0.5017 0.8152 -0.2895
vn -0.4753 0.7584 -0.4460
vn -0.9667 0.2532 -0.0357
vn -0.9645 0.2570 -0.0605
vn -0.9344 0.1935 -0.2992
vn -0.9966 0.0684 0.0463
vn -0.9890 -0.0306 -0.1447
vn -0.9715 0.1068 -0.2117
vn -0.9236 -0.3735 -0.0866
vn -0.8707 -0.3930 0.2956
vn -0.9970 -0.0448 -0.0638
vn -0.9992 0.0242 -0.0310
vn -0.9589 0.2297 0.1665
vn 0.0242 0.3583 -0.9333
vn 0.0244 0.3578 -0.9335
vn 0.0253 0.3582 -0.9333
vn 0.0238 0.3578 -0.9335
vn 0.0242 0.3584 -0.9333
vn 0.0241 0.3584 -0.9333
vn 0.0239 0.3587 -0.9331
vn 0.0245 0.3587 -0.9331
vn -0.3558 0.5650 -0.7444
vn 0.6679 0.7408 0.0714
vn 0.4761 0.5981 -0.6446
vn -0.4863 0.8095 -0.3288
vn -0.5771 0.0019 -0.8167
vn -0.9399 0.2701 -0.2089
vn -0.7630 -0.6388 0.0992
vn -0.5531 -0.6823 -0.4781
vn 0.1565 -0.1436 0.9772
vn 0.2855 -0.5708 0.7698
vn -0.3600 -0.1860 0.9142
vn -0.4447 -0.6195 0.6468
vn -0.4077 -0.8931 0.1904
vn 0.3464 -0.8725 0.3446
vn 0.6090 0.3611 -0.7062
vn -0.2900 -0.9352 0.2032
vn 0.0498 -0.8237 -0.5648
vn -0.0130 -0.9750 0.2217
vn 0.3488 -0.8222 -0.4499
vn 0.6096 -0.1495 -0.7785
vn 0.1983 0.3616 -0.9110
vn 0.2609 -0.1489 -0.9538
vn -0.0825 -0.9640 0.2529
vn -0.0821 -0.9642 0.2520
vn -0.0872 -0.9804 0.1769
vn -0.0895 -0.9863 0.1386
vn -0.0991 -0.9861 -0.1331
vn -0.1010 -0.9534 -0.2843
vn -0.1010 -0.9534 -0.2842
vn 0.8299 -0.2867 0.4786
vn 0.6090 -0.7335 -0.3018
vn 0.9036 0.1154 -0.4125
vn -0.9311 0.3564 -0.0780
vn -0.9739 0.2250 0.0295
vn -0.9784 0.2062 0.0126
vn 0.1048 -0.1472 -0.9835
vn 0.1100 0.0070 -0.9939
vn 0.1100 0.0071 -0.9939
vn 0.0859 -0.4431 -0.8923
vn 0.0891 -0.4081 -0.9086
vn 0.0796 -0.5118 -0.8554
vn 0.0792 -0.5107 -0.8561
vn 0.8351 -0.5415 -0.0969
vn -0.4281 -0.8963 -0.1159
vn -0.2338 -0.8630 -0.4479
vn -0.1626 0.2853 -0.9445
vn -0.0532 -0.7588 0.6492
vn -0.2184 -0.5221 0.8244
vn 0.3664 0.7695 0.5231
vn 0.6782 0.7348 0.0033
vn 0.8066 0.4174 -0.4185
vn 0.6600 -0.6454 0.3845
vn 0.6491 -0.5756 0.4973
vn 0.7774 0.5503 0.3047
vt 0.781040 0.769709
vt 0.781153 0.769941
vt 0.765593 0.770314
vt 0.762966 0.771171
vt 0.763341 0.770817
vt 0.976796 0.655098
vt 0.973514 0.648689
vt 0.976439 0.649664
vt 0.972131 0.644450
vt 0.975847 0.645026
vt 0.971298 0.639374
vt 0.974352 0.639957
vt 0.972411 0.665317
vt 0.978105 0.666336
vt 0.985625 0.665181
vt 0.984203 0.654556
vt 0.980897 0.648804
vt 0.977780 0.644225
vt 0.976455 0.639248
vt 0.975548 0.635822
vt 0.973180 0.636281
vt 0.970510 0.636106
vt 0.970668 0.634007
vt 0.973346 0.633910
vt 0.972275 0.632454
vt 0.975033 0.633523
vt 0.970269 0.632138
vt 0.979418 0.672567
vt 0.972985 0.675484
vt 0.964982 0.671509
vt 0.966606 0.663491
vt 0.969752 0.654668
vt 0.969636 0.649034
vt 0.969017 0.644617
vt 0.968333 0.639291
vt 0.976946 0.681196
vt 0.970560 0.683976
vt 0.968376 0.677848
vt 0.964047 0.674840
vt 0.961359 0.666680
vt 0.961937 0.663742
vt 0.963548 0.656298
vt 0.967920 0.649132
vt 0.967059 0.644309
vt 0.966653 0.638952
vt 0.967782 0.635327
vt 0.958965 0.662234
vt 0.967484 0.631663
vt 0.966434 0.633309
vt 0.965763 0.634833
vt 0.965803 0.638423
vt 0.966428 0.643562
vt 0.966978 0.648772
vt 0.964292 0.649997
vt 0.961771 0.651659
vt 0.960768 0.653571
vt 0.959544 0.646070
vt 0.960459 0.646202
vt 0.958907 0.638765
vt 0.959902 0.639736
vt 0.965125 0.633216
vt 0.963568 0.645953
vt 0.962599 0.639634
vt 0.964325 0.639019
vt 0.965738 0.645152
vt 0.959822 0.637575
vt 0.962792 0.637601
vt 0.964557 0.636050
vt 0.964209 0.633990
vt 0.962549 0.635186
vt 0.962628 0.632204
vt 0.961190 0.632697
vt 0.960837 0.632211
vt 0.959665 0.635340
vt 0.958762 0.634432
vt 0.958732 0.636634
vt 0.716421 0.613117
vt 0.726256 0.729266
vt 0.737252 0.726147
vt 0.734912 0.611522
vt 0.716002 0.600803
vt 0.712735 0.589029
vt 0.682523 0.588112
vt 0.742056 0.609038
vt 0.744219 0.632796
vt 0.744505 0.659875
vt 0.744800 0.690015
vt 0.745076 0.720447
vt 0.745161 0.730294
vt 0.737724 0.738574
vt 0.711575 0.731309
vt 0.715963 0.735994
vt 0.684586 0.739505
vt 0.682821 0.745530
vt 0.654043 0.722606
vt 0.645503 0.728075
vt 0.642938 0.601837
vt 0.637838 0.592387
vt 0.685248 0.596054
vt 0.685280 0.608704
vt 0.710307 0.721519
vt 0.686624 0.724860
vt 0.897733 0.561469
vt 0.880219 0.591679
vt 0.879334 0.532682
vt 0.985019 0.531990
vt 0.966184 0.561827
vt 0.984570 0.593013
vt 0.864461 0.613406
vt 0.864456 0.513776
vt 0.999948 0.513725
vt 0.999866 0.613388
vt 0.492015 0.631254
vt 0.485398 0.642874
vt 0.494143 0.701188
vt 0.486566 0.659027
vt 0.484563 0.696281
vt 0.485163 0.702163
vt 0.489099 0.695726
vt 0.487861 0.677430
vt 0.482643 0.678105
vt 0.480652 0.660103
vt 0.425087 0.604587
vt 0.453232 0.619455
vt 0.454442 0.605397
vt 0.475796 0.629855
vt 0.478795 0.643929
vt 0.426981 0.618893
vt 0.492428 0.612977
vt 0.498900 0.630039
vt 0.499570 0.700256
vt 0.500506 0.731044
vt 0.479226 0.705204
vt 0.458038 0.731859
vt 0.458359 0.707056
vt 0.426844 0.736836
vt 0.423936 0.711872
vt 0.396227 0.700698
vt 0.498579 0.611948
vt 0.459236 0.741404
vt 0.503094 0.739534
vt 0.421372 0.744940
vt 0.491064 0.589990
vt 0.497458 0.589100
vt 0.453539 0.588694
vt 0.424480 0.591030
vt 0.380156 0.576833
vt 0.376888 0.610002
vt 0.392009 0.625255
vt 0.375708 0.632902
vt 0.375939 0.693177
vt 0.376368 0.726545
vt 0.380095 0.737101
vt 0.484780 0.482430
vt 0.479321 0.484348
vt 0.480335 0.498548
vt 0.488318 0.498240
vt 0.481623 0.533062
vt 0.486457 0.532312
vt 0.489065 0.554131
vt 0.486952 0.554038
vt 0.480373 0.562438
vt 0.458168 0.571743
vt 0.425133 0.578898
vt 0.391868 0.563764
vt 0.482436 0.553713
vt 0.378952 0.431399
vt 0.417528 0.386929
vt 0.382096 0.401775
vt 0.420952 0.416717
vt 0.451398 0.380949
vt 0.450955 0.398494
vt 0.455010 0.420250
vt 0.483082 0.431490
vt 0.476122 0.441237
vt 0.490931 0.433233
vt 0.484896 0.443598
vt 0.490450 0.445235
vt 0.489945 0.458689
vt 0.494767 0.458331
vt 0.495072 0.498503
vt 0.495134 0.553825
vt 0.459355 0.435365
vt 0.494935 0.447226
vt 0.495782 0.433235
vt 0.491356 0.419979
vt 0.495014 0.394581
vt 0.496357 0.421050
vt 0.488926 0.390600
vt 0.422516 0.448229
vt 0.398660 0.461987
vt 0.451741 0.430908
vt 0.450120 0.440091
vt 0.462545 0.444827
vt 0.477006 0.453534
vt 0.483434 0.459543
vt 0.477674 0.460257
vt 0.392142 0.509770
vt 0.378532 0.492299
vt 0.379176 0.462923
vt 0.877957 0.588789
vt 0.986228 0.590282
vt 0.980086 0.549406
vt 0.888040 0.555062
vt 0.985100 0.679429
vt 0.988846 0.671414
vt 0.989476 0.680305
vt 0.985783 0.670733
vt 0.989238 0.665881
vt 0.977033 0.636400
vt 0.978586 0.635354
vt 0.980429 0.638027
vt 0.976740 0.633967
vt 0.978995 0.639333
vt 0.980614 0.644177
vt 0.984790 0.647255
vt 0.986967 0.651346
vt 0.988388 0.657635
vt 0.982516 0.642450
vt 0.888466 0.652540
vt 0.897180 0.632031
vt 0.890833 0.634646
vt 0.922994 0.713695
vt 0.927727 0.700101
vt 0.922026 0.702076
vt 0.923026 0.695089
vt 0.932672 0.696214
vt 0.925656 0.683958
vt 0.915366 0.695234
vt 0.917380 0.681253
vt 0.899450 0.680066
vt 0.917855 0.670396
vt 0.899583 0.669169
vt 0.920048 0.647953
vt 0.899884 0.650611
vt 0.923867 0.631603
vt 0.890238 0.651789
vt 0.887681 0.666532
vt 0.885223 0.662817
vt 0.883568 0.679593
vt 0.883208 0.694928
vt 0.887483 0.679232
vt 0.880904 0.692976
vt 0.879669 0.700750
vt 0.879816 0.701482
vt 0.879680 0.711490
vt 0.929163 0.667362
vt 0.933016 0.648297
vt 0.930733 0.633023
vt 0.934317 0.647760
vt 0.941667 0.656193
vt 0.940719 0.653096
vt 0.948765 0.665464
vt 0.929651 0.648122
vt 0.928056 0.635210
vt 0.936812 0.677432
vt 0.936132 0.662607
vt 0.940877 0.659364
vt 0.949693 0.668570
vt 0.950046 0.675699
vt 0.951470 0.678150
vt 0.954336 0.683559
vt 0.948666 0.680146
vt 0.950507 0.684570
vt 0.943699 0.680836
vt 0.945562 0.686066
vt 0.940634 0.681957
vt 0.942972 0.686478
vt 0.946488 0.692493
vt 0.943229 0.692915
vt 0.947807 0.700440
vt 0.953328 0.680811
vt 0.933531 0.687945
vt 0.934859 0.700432
vt 0.930202 0.692957
vt 0.935979 0.678400
vt 0.940397 0.674520
vt 0.945797 0.669824
vt 0.933714 0.714971
vt 0.932689 0.714804
vt 0.928562 0.714103
vt 0.928159 0.718093
vt 0.932707 0.717421
vt 0.931195 0.728237
vt 0.924191 0.739072
vt 0.929231 0.735952
vt 0.927855 0.736379
vt 0.930458 0.732136
vt 0.929941 0.730887
vt 0.930215 0.727831
vt 0.927069 0.726996
vt 0.922889 0.716430
vt 0.926524 0.731169
vt 0.925011 0.735866
vt 0.895054 0.694578
vt 0.906561 0.694201
vt 0.914473 0.700487
vt 0.920832 0.706690
vt 0.921573 0.714096
vt 0.922628 0.726847
vt 0.922443 0.729370
vt 0.920679 0.735287
vt 0.920817 0.738369
vt 0.918688 0.734442
vt 0.919115 0.730693
vt 0.921053 0.725479
vt 0.911136 0.737893
vt 0.914630 0.737384
vt 0.911469 0.736729
vt 0.911661 0.730888
vt 0.915310 0.731295
vt 0.913502 0.719606
vt 0.917792 0.719179
vt 0.917855 0.716425
vt 0.914050 0.715587
vt 0.919334 0.716411
vt 0.917859 0.725749
vt 0.916382 0.735101
vt 0.910832 0.736334
vt 0.905811 0.734332
vt 0.906468 0.732038
vt 0.906525 0.726454
vt 0.907457 0.716664
vt 0.907416 0.714182
vt 0.905931 0.701952
vt 0.897557 0.723406
vt 0.896890 0.729449
vt 0.899051 0.715377
vt 0.899089 0.712220
vt 0.898061 0.699559
vt 0.891044 0.699014
vt 0.893752 0.710907
vt 0.893858 0.712997
vt 0.892344 0.720675
vt 0.892430 0.725785
vt 0.893093 0.728673
vt 0.898902 0.731550
vt 0.887038 0.725826
vt 0.887621 0.721827
vt 0.888547 0.714866
vt 0.889118 0.711912
vt 0.880203 0.711373
vt 0.880554 0.713446
vt 0.881220 0.721532
vt 0.882360 0.724810
vt 0.887861 0.728498
vt 0.885042 0.725196
vt 0.881247 0.720001
vt 0.599046 0.437818
vt 0.595163 0.428484
vt 0.616911 0.392403
vt 0.622721 0.506341
vt 0.624683 0.559179
vt 0.603643 0.578829
vt 0.622123 0.592766
vt 0.620530 0.614571
vt 0.603905 0.605693
vt 0.601712 0.619846
vt 0.571124 0.617205
vt 0.566623 0.674118
vt 0.595347 0.671071
vt 0.620627 0.698967
vt 0.621407 0.631905
vt 0.571365 0.605325
vt 0.573118 0.586736
vt 0.535708 0.618048
vt 0.529809 0.688294
vt 0.530367 0.719320
vt 0.565157 0.730937
vt 0.599880 0.718288
vt 0.621587 0.728849
vt 0.622072 0.737220
vt 0.599798 0.734633
vt 0.565895 0.743580
vt 0.531078 0.739043
vt 0.505242 0.734922
vt 0.511458 0.724925
vt 0.511796 0.693049
vt 0.511479 0.635472
vt 0.511559 0.613648
vt 0.530799 0.586125
vt 0.508302 0.581959
vt 0.531618 0.507430
vt 0.511333 0.501342
vt 0.529426 0.479184
vt 0.574146 0.533238
vt 0.574757 0.497083
vt 0.604637 0.516067
vt 0.603596 0.483501
vt 0.604477 0.467848
vt 0.575325 0.479194
vt 0.523943 0.443762
vt 0.514577 0.471574
vt 0.512172 0.432293
vt 0.523901 0.403932
vt 0.546234 0.445187
vt 0.575083 0.466302
vt 0.606594 0.454084
vt 0.621269 0.436808
vt 0.620925 0.449442
vt 0.619047 0.463901
vt 0.620172 0.424482
vt 0.498516 0.569474
vt 0.973498 0.563050
vt 0.883820 0.556028
vt 0.179196 0.693759
vt 0.163443 0.702056
vt 0.160855 0.695505
vt 0.181219 0.700374
vt 0.198364 0.657807
vt 0.201428 0.663835
vt 0.210406 0.664708
vt 0.191738 0.599225
vt 0.240671 0.625953
vt 0.206950 0.573374
vt 0.175429 0.538386
vt 0.172651 0.562578
vt 0.192777 0.599290
vt 0.171861 0.572599
vt 0.147702 0.552774
vt 0.132925 0.521879
vt 0.152282 0.574259
vt 0.153248 0.579837
vt 0.147113 0.642410
vt 0.069753 0.378843
vt 0.091451 0.382104
vt 0.089791 0.453627
vt 0.133851 0.431880
vt 0.098059 0.533169
vt 0.133227 0.556870
vt 0.142035 0.637496
vt 0.145346 0.643782
vt 0.150363 0.693867
vt 0.149795 0.700374
vt 0.068794 0.375423
vt 0.045463 0.383499
vt 0.009782 0.392965
vt 0.069972 0.454555
vt 0.070703 0.529688
vt 0.102915 0.638659
vt 0.135107 0.637257
vt 0.141497 0.715178
vt 0.162401 0.721925
vt 0.184332 0.719552
vt 0.203347 0.697110
vt 0.069948 0.729815
vt 0.070383 0.642708
vt 0.036658 0.533438
vt 0.046018 0.454142
vt 0.009494 0.423650
vt 0.007062 0.520315
vt 0.007064 0.556870
vt 0.034720 0.638025
vt 0.014694 0.633727
vt 0.001411 0.561176
vt 0.002154 0.539641
vt 0.001089 0.531959
vt 0.001309 0.508060
vt 0.000883 0.488205
vt 0.001568 0.464258
vt 0.003248 0.435165
vt 0.005454 0.410460
vt 0.005842 0.392866
vt 0.009146 0.389572
vt 0.026633 0.719464
vt 0.022057 0.728749
vt 0.006370 0.719953
vt 0.011549 0.633966
vt 0.003270 0.713289
vt 0.118300 0.717979
vt 0.069274 0.738592
vt 0.017755 0.728678
vt 0.012050 0.724429
vt 0.005901 0.719857
vt 0.068646 0.741403
vt 0.130581 0.735224
vt 0.102337 0.739060
vt 0.130055 0.741132
vt 0.214512 0.740301
vt 0.209681 0.731860
vt 0.235482 0.728002
vt 0.181812 0.739798
vt 0.184293 0.731360
vt 0.150427 0.741735
vt 0.159575 0.734145
vt 0.138550 0.734581
vt 0.121467 0.725976
vt 0.228602 0.710994
vt 0.291838 0.711695
vt 0.236401 0.736189
vt 0.245317 0.739047
vt 0.294883 0.741041
vt 0.370795 0.717144
vt 0.369407 0.714839
vt 0.373614 0.704054
vt 0.366193 0.665149
vt 0.359076 0.660129
vt 0.364592 0.716225
vt 0.350276 0.715373
vt 0.345886 0.729792
vt 0.293233 0.732868
vt 0.294079 0.735809
vt 0.347489 0.732822
vt 0.339087 0.737341
vt 0.359386 0.723722
vt 0.369535 0.664709
vt 0.371784 0.684328
vt 0.290427 0.625667
vt 0.336120 0.625953
vt 0.362231 0.583964
vt 0.365833 0.575873
vt 0.367715 0.576298
vt 0.365633 0.549349
vt 0.362197 0.552328
vt 0.362516 0.546173
vt 0.354687 0.547865
vt 0.358620 0.552335
vt 0.336794 0.553811
vt 0.334906 0.556913
vt 0.365573 0.544276
vt 0.290505 0.554700
vt 0.242993 0.556242
vt 0.213089 0.552328
vt 0.207714 0.547253
vt 0.177560 0.478864
vt 0.176509 0.441443
vt 0.134582 0.390164
vt 0.178562 0.394170
vt 0.214246 0.434356
vt 0.213698 0.485335
vt 0.214003 0.543485
vt 0.241239 0.553140
vt 0.290793 0.549653
vt 0.244206 0.547285
vt 0.132078 0.386770
vt 0.178159 0.389071
vt 0.219375 0.385611
vt 0.215388 0.390171
vt 0.261859 0.429876
vt 0.259012 0.479705
vt 0.290453 0.542057
vt 0.333791 0.547957
vt 0.353294 0.541107
vt 0.361874 0.539043
vt 0.262463 0.386896
vt 0.254584 0.380227
vt 0.292085 0.429108
vt 0.284188 0.387850
vt 0.311837 0.390025
vt 0.298970 0.388084
vt 0.364625 0.516148
vt 0.365180 0.493346
vt 0.360948 0.471723
vt 0.362963 0.463468
vt 0.361883 0.435990
vt 0.359071 0.410229
vt 0.359015 0.438623
vt 0.356391 0.396277
vt 0.349636 0.394797
vt 0.349599 0.390328
vt 0.343921 0.392684
vt 0.315627 0.429954
vt 0.290135 0.475999
vt 0.343610 0.435503
vt 0.313990 0.474954
vt 0.345378 0.478452
vt 0.356305 0.473672
vt 0.354589 0.437747
vt 0.360676 0.391748
vt 0.356637 0.388412
vt 0.349558 0.387124
vt 0.323245 0.379754
vt 0.972208 0.563754
vt 0.894125 0.563670
vt 0.634060 0.486495
vt 0.634515 0.557751
vt 0.676470 0.570266
vt 0.673152 0.578925
vt 0.716309 0.569448
vt 0.628157 0.561651
vt 0.629354 0.486053
vt 0.638454 0.421743
vt 0.633460 0.418263
vt 0.673167 0.399271
vt 0.667668 0.394909
vt 0.701965 0.388027
vt 0.706375 0.383246
vt 0.723711 0.400169
vt 0.727020 0.391513
vt 0.742373 0.407560
vt 0.748421 0.405990
vt 0.748343 0.415457
vt 0.743155 0.470827
vt 0.748705 0.449378
vt 0.723875 0.518878
vt 0.748917 0.469374
vt 0.740468 0.548615
vt 0.712960 0.559322
vt 0.747153 0.558872
vt 0.676601 0.488302
vt 0.672652 0.413486
vt 0.703513 0.401444
vt 0.701576 0.482622
vt 0.748190 0.517810
vt 0.747744 0.546792
vt 0.823342 0.271589
vt 0.824543 0.258957
vt 0.784845 0.260295
vt 0.854809 0.272643
vt 0.852046 0.288461
vt 0.822002 0.277680
vt 0.783652 0.273650
vt 0.784330 0.279797
vt 0.752000 0.291015
vt 0.753469 0.275133
vt 0.885029 0.421645
vt 0.897950 0.364976
vt 0.886695 0.366822
vt 0.893672 0.445754
vt 0.905276 0.320693
vt 0.887968 0.318423
vt 0.920096 0.330441
vt 0.915932 0.362916
vt 0.932910 0.414231
vt 0.935022 0.441572
vt 0.891782 0.479712
vt 0.905171 0.485164
vt 0.933879 0.484946
vt 0.952258 0.441488
vt 0.955229 0.412510
vt 0.894193 0.501575
vt 0.910134 0.506576
vt 0.936696 0.504967
vt 0.961693 0.496703
vt 0.960515 0.476102
vt 0.976232 0.442137
vt 0.974953 0.412526
vt 0.986534 0.485091
vt 0.987851 0.507304
vt 0.827363 0.298961
vt 0.776558 0.296321
vt 0.751195 0.316654
vt 0.765280 0.343062
vt 0.762077 0.372572
vt 0.787798 0.347611
vt 0.785187 0.315383
vt 0.824172 0.319011
vt 0.855950 0.318420
vt 0.827229 0.434877
vt 0.791633 0.469326
vt 0.833639 0.469199
vt 0.785015 0.435257
vt 0.787831 0.375675
vt 0.826230 0.378101
vt 0.824339 0.349455
vt 0.844184 0.345261
vt 0.846601 0.372476
vt 0.862645 0.445385
vt 0.855464 0.479669
vt 0.833149 0.492766
vt 0.790643 0.493429
vt 0.752797 0.505807
vt 0.763358 0.476837
vt 0.763349 0.448942
vt 0.855255 0.504410
vt 0.994534 0.262258
vt 0.994198 0.249782
vt 0.968326 0.247802
vt 0.950457 0.255395
vt 0.950368 0.247767
vt 0.877041 0.479533
vt 0.878577 0.501404
vt 0.875092 0.446781
vt 0.875483 0.421710
vt 0.284714 0.010995
vt 0.360424 0.011373
vt 0.370434 0.005478
vt 0.288567 0.005718
vt 0.346595 0.023000
vt 0.417556 0.010569
vt 0.346652 0.023000
vt 0.360273 0.011373
vt 0.430214 0.008007
vt 0.371212 0.005478
vt 0.360575 0.011373
vt 0.346480 0.023000
vt 0.347926 0.031705
vt 0.348041 0.031705
vt 0.413067 0.040679
vt 0.335803 0.057108
vt 0.366242 0.057847
vt 0.335918 0.057108
vt 0.338622 0.113543
vt 0.332078 0.068483
vt 0.414372 0.067981
vt 0.366185 0.057847
vt 0.403267 0.057566
vt 0.366356 0.057847
vt 0.335975 0.057108
vt 0.348098 0.031705
vt 0.292315 0.044255
vt 0.245485 0.057419
vt 0.258437 0.084646
vt 0.279304 0.182837
vt 0.273059 0.190258
vt 0.281758 0.189232
vt 0.271649 0.185292
vt 0.293988 0.166064
vt 0.263998 0.158641
vt 0.292982 0.103364
vt 0.285481 0.064341
vt 0.346573 0.182961
vt 0.228498 0.172138
vt 0.214309 0.110570
vt 0.173108 0.184524
vt 0.375802 0.161357
vt 0.386106 0.211530
vt 0.347586 0.221735
vt 0.308890 0.220295
vt 0.285491 0.212087
vt 0.287492 0.223308
vt 0.277890 0.224479
vt 0.275889 0.213545
vt 0.358042 0.277237
vt 0.289447 0.248083
vt 0.290363 0.290433
vt 0.310485 0.296537
vt 0.357999 0.277237
vt 0.279511 0.331234
vt 0.259436 0.369550
vt 0.239115 0.348873
vt 0.310863 0.323293
vt 0.332942 0.304070
vt 0.303863 0.348757
vt 0.280083 0.259099
vt 0.279346 0.249315
vt 0.289890 0.258130
vt 0.290811 0.282684
vt 0.282714 0.288334
vt 0.273325 0.303603
vt 0.241309 0.314099
vt 0.281408 0.283265
vt 0.352107 0.294942
vt 0.366127 0.291900
vt 0.339457 0.306675
vt 0.332074 0.318327
vt 0.329232 0.344056
vt 0.366213 0.291900
vt 0.358085 0.277237
vt 0.397717 0.265562
vt 0.357913 0.277237
vt 0.366041 0.291900
vt 0.384210 0.280700
vt 0.201139 0.044194
vt 0.213385 0.097526
vt 0.172658 0.110310
vt 0.114561 0.163781
vt 0.153377 0.214892
vt 0.121825 0.226809
vt 0.142414 0.253222
vt 0.112471 0.296835
vt 0.143963 0.297969
vt 0.142852 0.335174
vt 0.152095 0.314036
vt 0.179112 0.320973
vt 0.187762 0.371452
vt 0.199152 0.320756
vt 0.108656 0.322821
vt 0.116697 0.372705
vt 0.072997 0.266649
vt 0.066965 0.220568
vt 0.082575 0.298217
vt 0.079182 0.322421
vt 0.086850 0.368459
vt 0.053777 0.354651
vt 0.056039 0.341960
vt 0.056340 0.324838
vt 0.053771 0.301067
vt 0.045474 0.284212
vt 0.030295 0.265562
vt 0.018684 0.211530
vt 0.008380 0.161357
vt 0.027745 0.279877
vt 0.016788 0.280700
vt 0.023141 0.111392
vt 0.104384 0.119439
vt 0.092003 0.045747
vt 0.129971 0.057354
vt 0.082892 0.018279
vt 0.129512 0.026542
vt 0.091354 0.015478
vt 0.133090 0.022043
vt 0.166395 0.008310
vt 0.140100 0.043589
vt 0.062792 0.008007
vt 0.050134 0.010569
vt 0.045646 0.040679
vt 0.035845 0.057566
vt 0.046950 0.067981
vt 0.180114 0.094982
vt 0.165017 0.057296
vt 0.162514 0.044340
vt 0.199786 0.032394
vt 0.247628 0.033769
vt 0.288666 0.023773
vt 0.158179 0.017912
vt 0.194768 0.012302
vt 0.193529 0.005967
vt 0.238930 0.013416
vt 0.221391 0.006401
vt 0.181416 0.026315
vt 0.464254 0.569235
vt 0.491746 0.601483
vt 0.452082 0.574251
vt 0.491085 0.429432
vt 0.495848 0.428347
vt 0.490614 0.441135
vt 0.495326 0.442674
vt 0.498019 0.600524
vt 0.484987 0.439759
vt 0.481086 0.427059
vt 0.452244 0.407847
vt 0.471721 0.436193
vt 0.452893 0.427070
vt 0.424783 0.597808
vt 0.453990 0.597046
vt 0.477382 0.631952
vt 0.474210 0.627758
vt 0.381618 0.569906
vt 0.501800 0.735289
vt 0.377791 0.596880
vt 0.502277 0.751535
vt 0.487943 0.752337
vt 0.501603 0.747351
vt 0.460420 0.748908
vt 0.422619 0.753684
vt 0.407206 0.751255
vt 0.375067 0.751529
vt 0.432034 0.752267
vt 0.925896 0.337231
vt 0.938908 0.326518
vt 0.929335 0.328013
vt 0.946169 0.335081
vt 0.926546 0.343900
vt 0.946970 0.341755
vt 0.926474 0.347149
vt 0.947138 0.344856
vt 0.963094 0.312852
vt 0.995078 0.295849
vt 0.963542 0.293740
vt 0.987640 0.315542
vt 0.964807 0.329738
vt 0.995012 0.336356
vt 0.942966 0.328355
vt 0.942269 0.314096
vt 0.942151 0.293186
vt 0.967771 0.265177
vt 0.998285 0.274987
vt 0.909295 0.256534
vt 0.904981 0.269904
vt 0.902653 0.282674
vt 0.873117 0.273656
vt 0.871880 0.256988
vt 0.564993 0.512706
vt 0.526988 0.462192
vt 0.560711 0.481003
vt 0.533312 0.493457
vt 0.512661 0.452681
vt 0.512828 0.491225
vt 0.512326 0.544287
vt 0.532427 0.558464
vt 0.530418 0.588517
vt 0.564207 0.573451
vt 0.513111 0.588858
vt 0.513408 0.617184
vt 0.599668 0.493872
vt 0.597509 0.571262
vt 0.602998 0.465978
vt 0.604523 0.446283
vt 0.564533 0.464190
vt 0.526650 0.448544
vt 0.513215 0.437308
vt 0.529721 0.435053
vt 0.518840 0.424891
vt 0.519100 0.413101
vt 0.520860 0.387595
vt 0.530741 0.416030
vt 0.530388 0.428526
vt 0.566022 0.457145
vt 0.594535 0.444448
vt 0.615055 0.404118
vt 0.621372 0.433697
vt 0.620910 0.461496
vt 0.620522 0.489327
vt 0.625493 0.562994
vt 0.622665 0.589029
vt 0.600306 0.593676
vt 0.564820 0.454994
vt 0.562914 0.591236
vt 0.562437 0.609467
vt 0.532635 0.610695
vt 0.537584 0.670955
vt 0.566216 0.675410
vt 0.532509 0.731317
vt 0.564704 0.745532
vt 0.596156 0.617534
vt 0.605925 0.688834
vt 0.602989 0.737169
vt 0.581208 0.746106
vt 0.560128 0.747889
vt 0.527689 0.742647
vt 0.512058 0.737936
vt 0.510942 0.692989
vt 0.620384 0.623130
vt 0.626529 0.689418
vt 0.625879 0.734752
vt 0.631327 0.741832
vt 0.589995 0.748913
vt 0.563270 0.747706
vt 0.537748 0.746733
vt 0.520654 0.746383
vt 0.513018 0.747084
vt 0.612261 0.750247
vt 0.987651 0.595031
vt 0.971877 0.565491
vt 0.875780 0.595861
vt 0.889666 0.569149
vt 0.971673 0.563235
vt 0.986280 0.538009
vt 0.878807 0.536441
vt 0.894843 0.563320
vt 0.338536 0.113543
vt 0.390563 0.111392
vt 0.743992 0.612744
vt 0.736754 0.615133
vt 0.740120 0.605332
vt 0.727879 0.605990
vt 0.709317 0.597536
vt 0.709690 0.613307
vt 0.686563 0.719808
vt 0.710620 0.717564
vt 0.723153 0.612926
vt 0.728271 0.730370
vt 0.685635 0.734708
vt 0.710784 0.728392
vt 0.949885 0.690311
vt 0.953713 0.683131
vt 0.953168 0.688671
vt 0.949516 0.683835
vt 0.947478 0.679354
vt 0.942434 0.680001
vt 0.944562 0.685328
vt 0.945778 0.691852
vt 0.951377 0.698485
vt 0.947590 0.700036
vt 0.932727 0.660406
vt 0.924785 0.664278
vt 0.929913 0.646693
vt 0.938340 0.657938
vt 0.933453 0.674938
vt 0.938258 0.673104
vt 0.934394 0.677405
vt 0.939886 0.681563
vt 0.942355 0.686077
vt 0.942851 0.692573
vt 0.945420 0.700504
vt 0.952310 0.705061
vt 0.955375 0.697328
vt 0.952945 0.687789
vt 0.950792 0.705129
vt 0.929181 0.684398
vt 0.920924 0.680234
vt 0.927427 0.690669
vt 0.955373 0.703737
vt 0.956028 0.703117
vt 0.955107 0.696275
vt 0.928535 0.700090
vt 0.930690 0.696754
vt 0.927613 0.691887
vt 0.918091 0.690966
vt 0.910479 0.691208
vt 0.909870 0.696595
vt 0.901711 0.698421
vt 0.904076 0.711121
vt 0.910165 0.711978
vt 0.910155 0.716372
vt 0.914450 0.715925
vt 0.909688 0.728592
vt 0.913499 0.729100
vt 0.910709 0.735341
vt 0.913992 0.736062
vt 0.911439 0.737389
vt 0.915932 0.733976
vt 0.911410 0.736102
vt 0.906251 0.734066
vt 0.905990 0.731033
vt 0.904782 0.724492
vt 0.904528 0.713897
vt 0.930161 0.711507
vt 0.927463 0.724793
vt 0.928702 0.713525
vt 0.924049 0.723774
vt 0.924087 0.714160
vt 0.928446 0.710761
vt 0.924144 0.709959
vt 0.922807 0.695844
vt 0.917462 0.698124
vt 0.917145 0.703393
vt 0.914110 0.712888
vt 0.916413 0.713565
vt 0.916078 0.723683
vt 0.918935 0.723106
vt 0.919934 0.723939
vt 0.920043 0.726659
vt 0.919082 0.712801
vt 0.918030 0.710754
vt 0.918943 0.709917
vt 0.926251 0.734152
vt 0.928781 0.729921
vt 0.928122 0.734147
vt 0.923462 0.737561
vt 0.923248 0.733537
vt 0.920028 0.736847
vt 0.919110 0.733170
vt 0.917637 0.732801
vt 0.917560 0.728700
vt 0.923899 0.728196
vt 0.927469 0.728024
vt 0.929131 0.725771
vt 0.928865 0.710975
vt 0.952438 0.655975
vt 0.956584 0.659557
vt 0.955801 0.656376
vt 0.953877 0.659964
vt 0.955720 0.662716
vt 0.953664 0.663527
vt 0.951360 0.663101
vt 0.953510 0.665411
vt 0.955131 0.670406
vt 0.951073 0.659744
vt 0.949379 0.655709
vt 0.956076 0.656769
vt 0.954055 0.652979
vt 0.951810 0.652501
vt 0.948412 0.652393
vt 0.950899 0.651031
vt 0.983728 0.678898
vt 0.976856 0.673007
vt 0.976908 0.679209
vt 0.970129 0.675377
vt 0.969647 0.681012
vt 0.966205 0.677549
vt 0.964840 0.678556
vt 0.960547 0.676072
vt 0.961886 0.674321
vt 0.956735 0.669786
vt 0.959690 0.666262
vt 0.957398 0.662155
vt 0.958364 0.661995
vt 0.956818 0.659949
vt 0.962743 0.671100
vt 0.967364 0.683156
vt 0.965341 0.663574
vt 0.970460 0.665585
vt 0.975979 0.666916
vt 0.976602 0.656264
vt 0.983561 0.666291
vt 0.981531 0.655945
vt 0.986063 0.656393
vt 0.982582 0.650117
vt 0.980128 0.650913
vt 0.981062 0.645961
vt 0.978679 0.645926
vt 0.976968 0.640874
vt 0.983325 0.671651
vt 0.976983 0.635656
vt 0.975614 0.635188
vt 0.975786 0.637394
vt 0.976976 0.637990
vt 0.979158 0.641043
vt 0.983418 0.644498
vt 0.985364 0.649279
vt 0.987363 0.653389
vt 0.988119 0.659491
vt 0.987704 0.667335
vt 0.987037 0.672668
vt 0.987156 0.679631
vt 0.980981 0.639947
vt 0.978771 0.637123
vt 0.912477 0.222326
vt 0.825419 0.230651
vt 0.824413 0.214873
vt 0.907426 0.204629
vt 0.969697 0.196348
vt 0.902208 0.119428
vt 0.833316 0.122427
vt 0.905628 0.023585
vt 0.844103 0.037189
vt 0.845542 0.022750
vt 0.814746 0.031007
vt 0.818963 0.017287
vt 0.777740 0.025592
vt 0.790560 0.032049
vt 0.778985 0.045563
vt 0.805105 0.076095
vt 0.790968 0.211888
vt 0.974394 0.121245
vt 0.967393 0.038065
vt 0.824780 0.240445
vt 0.787466 0.221525
vt 0.765896 0.201089
vt 0.771091 0.130106
vt 0.766261 0.131492
vt 0.769286 0.073632
vt 0.774152 0.040296
vt 0.764672 0.152404
vt 0.761962 0.191514
vt 0.759887 0.202701
vt 0.915998 0.233621
vt 0.979808 0.202711
vt 0.988023 0.119791
vt 0.975082 0.031478
vt 0.904403 0.013383
vt 0.844234 0.016223
vt 0.939721 0.655336
vt 0.948468 0.667994
vt 0.943822 0.668610
vt 0.950738 0.677769
vt 0.953496 0.681125
vt 0.932194 0.646994
vt 0.939485 0.652923
vt 0.948297 0.665609
vt 0.949970 0.675944
vt 0.928002 0.636847
vt 0.918030 0.635935
vt 0.916010 0.645658
vt 0.913337 0.667213
vt 0.895542 0.666562
vt 0.895100 0.676955
vt 0.883951 0.676931
vt 0.882315 0.691660
vt 0.881042 0.690649
vt 0.882853 0.698028
vt 0.883671 0.699315
vt 0.886200 0.708864
vt 0.886108 0.709351
vt 0.886867 0.711158
vt 0.888430 0.719828
vt 0.889890 0.712318
vt 0.891413 0.719806
vt 0.897957 0.633571
vt 0.896060 0.648597
vt 0.884496 0.664806
vt 0.881068 0.678195
vt 0.890183 0.723548
vt 0.892794 0.724335
vt 0.893982 0.711904
vt 0.895109 0.720084
vt 0.896226 0.725961
vt 0.897754 0.729519
vt 0.894901 0.728038
vt 0.891864 0.724644
vt 0.888910 0.718716
vt 0.889274 0.634546
vt 0.886335 0.652017
vt 0.887461 0.637821
vt 0.887188 0.650485
vt 0.883407 0.662360
vt 0.890878 0.691331
vt 0.888702 0.698215
vt 0.889217 0.709071
vt 0.893511 0.709549
vt 0.899420 0.729492
vt 0.898839 0.722512
vt 0.897624 0.713930
vt 0.897105 0.710366
vt 0.894069 0.696335
vt 0.902192 0.690708
vt 0.912592 0.677604
vt 0.902820 0.732716
vt 0.973704 0.635404
vt 0.972738 0.633931
vt 0.971119 0.633580
vt 0.971168 0.635357
vt 0.971155 0.637437
vt 0.973490 0.637705
vt 0.974965 0.641454
vt 0.976780 0.646592
vt 0.977174 0.651130
vt 0.974752 0.650100
vt 0.970288 0.655550
vt 0.971003 0.650214
vt 0.969666 0.650284
vt 0.968881 0.645519
vt 0.972391 0.640794
vt 0.973548 0.645896
vt 0.968708 0.644852
vt 0.967799 0.639710
vt 0.968199 0.640180
vt 0.966714 0.634470
vt 0.966985 0.636012
vt 0.967256 0.634470
vt 0.968685 0.636554
vt 0.969592 0.640556
vt 0.970513 0.645874
vt 0.968406 0.632949
vt 0.964116 0.636226
vt 0.964475 0.638635
vt 0.966670 0.637330
vt 0.966562 0.640253
vt 0.964438 0.640650
vt 0.965626 0.646956
vt 0.968328 0.646436
vt 0.966113 0.650911
vt 0.969280 0.649998
vt 0.961422 0.636232
vt 0.962984 0.633751
vt 0.961763 0.638475
vt 0.964684 0.656879
vt 0.963720 0.652405
vt 0.962757 0.647052
vt 0.961950 0.640623
vt 0.961369 0.639701
vt 0.961132 0.637587
vt 0.960972 0.635388
vt 0.962899 0.633314
vt 0.964653 0.633415
vt 0.966181 0.635256
vt 0.961642 0.663738
vt 0.967905 0.896263
vt 0.982103 0.893888
vt 0.959441 0.893047
vt 0.981977 0.895013
vt 0.841765 0.895013
vt 0.848894 0.896455
vt 0.841891 0.893888
vt 0.857227 0.896281
vt 0.865336 0.894004
vt 0.872994 0.892961
vt 0.878710 0.887437
vt 0.885512 0.885425
vt 0.889119 0.890438
vt 0.894222 0.880243
vt 0.900790 0.889230
vt 0.911772 0.880715
vt 0.911668 0.889012
vt 0.929340 0.880332
vt 0.922826 0.889208
vt 0.932188 0.890500
vt 0.940997 0.883511
vt 0.938152 0.889748
vt 0.949353 0.889213
vt 0.387135 0.298632
vt 0.415123 0.326375
vt 0.387049 0.326282
vt 0.415210 0.298725
vt 0.420567 0.322817
vt 0.420630 0.301363
vt 0.392004 0.340932
vt 0.416332 0.366291
vt 0.393791 0.367795
vt 0.414545 0.339428
vt 0.420409 0.362863
vt 0.419030 0.342128
vt 0.047608 0.319690
vt 0.003616 0.305012
vt 0.034070 0.290766
vt 0.017155 0.333936
vt 0.006328 0.762962
vt 0.069081 0.763551
vt 0.070024 0.773062
vt 0.002872 0.749457
vt 0.065625 0.750046
vt 0.003845 0.758738
vt 0.066598 0.759327
vt 0.007271 0.772473
vt 0.122392 0.883340
vt 0.130115 0.883074
vt 0.132583 0.880377
vt 0.125174 0.871171
vt 0.131215 0.877599
vt 0.127568 0.868672
vt 0.133642 0.874943
vt 0.124792 0.880901
vt 0.414500 0.670206
vt 0.404739 0.687279
vt 0.414909 0.687340
vt 0.404055 0.670143
vt 0.425490 0.690741
vt 0.414735 0.687290
vt 0.404565 0.687229
vt 0.403831 0.670090
vt 0.414275 0.670153
vt 0.425314 0.645096
vt 0.425538 0.645235
vt 0.444201 0.690722
vt 0.443776 0.690847
vt 0.454823 0.687535
vt 0.454398 0.687575
vt 0.464991 0.687596
vt 0.464566 0.687636
vt 0.465935 0.670470
vt 0.444755 0.645219
vt 0.455493 0.670407
vt 0.465453 0.670507
vt 0.455010 0.670444
vt 0.444272 0.645341
vt 0.425316 0.690605
vt 0.993066 0.737805
vt 0.973467 0.718567
vt 0.982758 0.716485
vt 0.981690 0.741533
vt 0.969691 0.721162
vt 0.977158 0.741666
vt 0.158405 0.613985
vt 0.179996 0.673488
vt 0.154762 0.672632
vt 0.176305 0.609857
vt 0.188289 0.669471
vt 0.185277 0.617541
vt 0.472715 0.953745
vt 0.461297 0.939716
vt 0.479782 0.940328
vt 0.456424 0.952554
vt 0.478796 0.939591
vt 0.488457 0.940654
vt 0.488718 0.940675
vt 0.488845 0.953834
vt 0.470066 0.956573
vt 0.451726 0.954721
vt 0.458253 0.938838
vt 0.488794 0.957347
vt 0.830970 0.878408
vt 0.829519 0.855350
vt 0.825996 0.855426
vt 0.912085 0.926753
vt 0.880332 0.921219
vt 0.912146 0.924141
vt 0.883443 0.860509
vt 0.846609 0.914695
vt 0.853474 0.861106
vt 0.832367 0.895715
vt 0.840631 0.860095
vt 0.828112 0.879417
vt 0.837369 0.895282
vt 0.847565 0.909187
vt 0.880681 0.922087
vt 0.912225 0.868648
vt 0.940595 0.860509
vt 0.943616 0.921219
vt 0.969800 0.861106
vt 0.976518 0.914695
vt 0.982195 0.860095
vt 0.990521 0.895715
vt 0.996845 0.850208
vt 0.994770 0.879417
vt 0.992089 0.852533
vt 0.991990 0.878408
vt 0.985668 0.895282
vt 0.975636 0.909187
vt 0.943203 0.922087
vt 0.839081 0.857797
vt 0.855393 0.860563
vt 0.872418 0.864687
vt 0.883683 0.864704
vt 0.912071 0.871943
vt 0.940216 0.864704
vt 0.968083 0.858411
vt 0.983987 0.855648
vt 0.013551 0.940736
vt 0.032457 0.940923
vt 0.037799 0.953677
vt 0.020919 0.954321
vt 0.004562 0.940675
vt 0.004689 0.953834
vt 0.004638 0.957347
vt 0.022870 0.957019
vt 0.041859 0.955563
vt 0.035481 0.939564
vt 0.014628 0.939838
vt 0.004301 0.940654
vt 0.463183 0.915565
vt 0.480758 0.914390
vt 0.479042 0.919229
vt 0.467526 0.912074
vt 0.477292 0.898422
vt 0.467261 0.898957
vt 0.463143 0.897755
vt 0.474886 0.898502
vt 0.488954 0.897143
vt 0.489045 0.897591
vt 0.489020 0.915292
vt 0.488627 0.920997
vt 0.068241 0.742686
vt 0.066872 0.743669
vt 0.004685 0.810921
vt 0.036517 0.798136
vt 0.026643 0.815601
vt 0.064715 0.789447
vt 0.071207 0.812795
vt 0.120422 0.769608
vt 0.122032 0.764158
vt 0.137858 0.760499
vt 0.082823 0.782008
vt 0.106983 0.793737
vt 0.108082 0.815083
vt 0.105374 0.823650
vt 0.085990 0.826920
vt 0.066349 0.845010
vt 0.043827 0.839760
vt 0.021473 0.854306
vt 0.004284 0.850505
vt 0.022537 0.871925
vt 0.004439 0.878588
vt 0.021313 0.885546
vt 0.004650 0.894115
vt 0.018862 0.898730
vt 0.004799 0.897143
vt 0.040977 0.867228
vt 0.041028 0.882669
vt 0.034051 0.898337
vt 0.177099 0.784114
vt 0.137815 0.778828
vt 0.151601 0.763334
vt 0.176690 0.762239
vt 0.174961 0.777436
vt 0.210294 0.765910
vt 0.221091 0.776945
vt 0.203554 0.789170
vt 0.178590 0.802643
vt 0.160557 0.832085
vt 0.157089 0.853740
vt 0.126331 0.838990
vt 0.126531 0.839170
vt 0.139535 0.868952
vt 0.154618 0.861428
vt 0.154360 0.868602
vt 0.167682 0.866066
vt 0.166072 0.871996
vt 0.184706 0.856456
vt 0.182269 0.865197
vt 0.166290 0.838853
vt 0.207100 0.812126
vt 0.224356 0.809341
vt 0.230732 0.793944
vt 0.251407 0.784234
vt 0.252610 0.773089
vt 0.253835 0.762898
vt 0.197602 0.757108
vt 0.185213 0.755432
vt 0.183100 0.754164
vt 0.253660 0.749250
vt 0.254326 0.749902
vt 0.317703 0.755699
vt 0.255170 0.754360
vt 0.315190 0.757464
vt 0.366987 0.763685
vt 0.291564 0.768878
vt 0.280909 0.779147
vt 0.271241 0.794681
vt 0.251023 0.795492
vt 0.234031 0.807696
vt 0.223769 0.825836
vt 0.209587 0.824718
vt 0.194668 0.835833
vt 0.210112 0.838993
vt 0.188825 0.853269
vt 0.205332 0.849202
vt 0.222292 0.844547
vt 0.214536 0.850443
vt 0.168664 0.865069
vt 0.250757 0.805615
vt 0.199128 0.849088
vt 0.197933 0.852345
vt 0.221841 0.850956
vt 0.205488 0.849031
vt 0.249242 0.866669
vt 0.250018 0.867425
vt 0.250051 0.871446
vt 0.250059 0.866501
vt 0.238085 0.864776
vt 0.238580 0.864292
vt 0.232003 0.856546
vt 0.230714 0.858451
vt 0.221695 0.853351
vt 0.229766 0.860467
vt 0.220359 0.855781
vt 0.221854 0.861482
vt 0.214628 0.862287
vt 0.215079 0.853784
vt 0.203931 0.854301
vt 0.204540 0.851760
vt 0.226768 0.853915
vt 0.208706 0.869107
vt 0.249246 0.868674
vt 0.237867 0.866316
vt 0.237405 0.868254
vt 0.231051 0.867816
vt 0.196915 0.855569
vt 0.196937 0.872638
vt 0.198854 0.887983
vt 0.209515 0.880843
vt 0.216627 0.876636
vt 0.226643 0.880604
vt 0.237922 0.876870
vt 0.249301 0.870652
vt 0.250371 0.890754
vt 0.250460 0.901813
vt 0.249703 0.900439
vt 0.249502 0.889399
vt 0.250287 0.877879
vt 0.249391 0.880671
vt 0.247943 0.900768
vt 0.246514 0.904746
vt 0.246806 0.893008
vt 0.243161 0.886564
vt 0.237284 0.881353
vt 0.148482 0.916152
vt 0.163065 0.937435
vt 0.133160 0.938006
vt 0.165204 0.913601
vt 0.176323 0.933610
vt 0.184345 0.921516
vt 0.192337 0.930177
vt 0.201100 0.912701
vt 0.206539 0.918205
vt 0.209852 0.903822
vt 0.215089 0.908479
vt 0.211133 0.901864
vt 0.215724 0.906922
vt 0.224169 0.910806
vt 0.225228 0.909808
vt 0.234632 0.912053
vt 0.237678 0.907199
vt 0.249682 0.914353
vt 0.198597 0.906913
vt 0.207757 0.899291
vt 0.208211 0.892063
vt 0.210593 0.889958
vt 0.209995 0.896837
vt 0.213937 0.880837
vt 0.193589 0.954610
vt 0.204213 0.943684
vt 0.220721 0.964366
vt 0.212644 0.975989
vt 0.249491 0.975362
vt 0.249407 0.962715
vt 0.227338 0.948778
vt 0.249724 0.948993
vt 0.232125 0.934476
vt 0.249928 0.935809
vt 0.237820 0.919634
vt 0.214073 0.921828
vt 0.185305 0.946742
vt 0.169921 0.969851
vt 0.151879 0.983413
vt 0.252636 0.992676
vt 0.251309 0.974919
vt 0.250840 0.962559
vt 0.250946 0.949151
vt 0.250975 0.936180
vt 0.250581 0.914431
vt 0.259114 0.992524
vt 0.137454 0.970420
vt 0.158806 0.958172
vt 0.133237 0.957431
vt 0.133338 0.954630
vt 0.066997 0.866809
vt 0.058850 0.861398
vt 0.061539 0.877244
vt 0.058818 0.891371
vt 0.047502 0.906093
vt 0.030698 0.916106
vt 0.041190 0.915884
vt 0.029502 0.931779
vt 0.055456 0.936724
vt 0.064298 0.944538
vt 0.081579 0.928141
vt 0.097248 0.937185
vt 0.127807 0.924458
vt 0.071328 0.900759
vt 0.014674 0.919446
vt 0.131162 0.905757
vt 0.115926 0.916220
vt 0.097027 0.915742
vt 0.083652 0.902416
vt 0.070047 0.889407
vt 0.004512 0.983624
vt 0.076742 0.983399
vt 0.003192 0.990345
vt 0.051824 0.976997
vt 0.099908 0.969159
vt 0.056896 0.967810
vt 0.099631 0.955457
vt 0.064854 0.954670
vt 0.004471 0.920997
vt 0.004887 0.975313
vt 0.004606 0.964976
vt 0.617897 0.381288
vt 0.620310 0.384536
vt 0.617365 0.381346
vt 0.615157 0.377996
vt 0.564213 0.414708
vt 0.562509 0.405030
vt 0.556536 0.416177
vt 0.558699 0.426019
vt 0.286034 0.850786
vt 0.282929 0.848588
vt 0.278372 0.851185
vt 0.261937 0.864777
vt 0.261246 0.864295
vt 0.267927 0.856624
vt 0.273334 0.854057
vt 0.276401 0.851075
vt 0.284100 0.851267
vt 0.294857 0.849490
vt 0.295509 0.849731
vt 0.301407 0.849668
vt 0.311876 0.853865
vt 0.315505 0.856884
vt 0.330551 0.864419
vt 0.295692 0.852140
vt 0.296322 0.854619
vt 0.284886 0.853998
vt 0.285782 0.862353
vt 0.292373 0.864712
vt 0.303467 0.855926
vt 0.302451 0.852804
vt 0.317099 0.862526
vt 0.331520 0.865790
vt 0.341794 0.854580
vt 0.250681 0.866668
vt 0.261928 0.866307
vt 0.269188 0.858515
vt 0.278134 0.853518
vt 0.279495 0.855922
vt 0.278121 0.864957
vt 0.284150 0.876374
vt 0.292173 0.881415
vt 0.303225 0.871144
vt 0.318593 0.867894
vt 0.269340 0.867785
vt 0.270188 0.860515
vt 0.274266 0.879309
vt 0.264016 0.880481
vt 0.262387 0.875229
vt 0.262432 0.868233
vt 0.257664 0.885476
vt 0.318503 0.879946
vt 0.332771 0.870668
vt 0.302914 0.885467
vt 0.331186 0.892875
vt 0.334448 0.877720
vt 0.344148 0.867677
vt 0.343966 0.861612
vt 0.378257 0.849362
vt 0.383082 0.842765
vt 0.418111 0.854835
vt 0.419796 0.832936
vt 0.447207 0.845280
vt 0.455887 0.822105
vt 0.471272 0.854438
vt 0.477065 0.815657
vt 0.488440 0.850505
vt 0.488841 0.810921
vt 0.471999 0.806737
vt 0.470640 0.871849
vt 0.488595 0.878588
vt 0.488806 0.894115
vt 0.454484 0.797129
vt 0.415253 0.795498
vt 0.429746 0.790692
vt 0.412126 0.783378
vt 0.435308 0.861507
vt 0.452581 0.867183
vt 0.472135 0.885353
vt 0.453969 0.882262
vt 0.432871 0.876900
vt 0.415241 0.866677
vt 0.376876 0.862727
vt 0.345298 0.876086
vt 0.343514 0.885828
vt 0.372327 0.872205
vt 0.412306 0.876881
vt 0.292126 0.891388
vt 0.286534 0.880479
vt 0.297549 0.888928
vt 0.310173 0.894864
vt 0.336527 0.889900
vt 0.346550 0.885914
vt 0.367794 0.881178
vt 0.413855 0.888509
vt 0.435422 0.890667
vt 0.449684 0.910216
vt 0.464202 0.931191
vt 0.300450 0.897760
vt 0.315898 0.903588
vt 0.338168 0.894399
vt 0.352205 0.893424
vt 0.376210 0.895746
vt 0.416104 0.892895
vt 0.292489 0.898479
vt 0.301287 0.904839
vt 0.324457 0.909855
vt 0.338403 0.907213
vt 0.350027 0.907962
vt 0.379789 0.899532
vt 0.419575 0.899823
vt 0.419915 0.915382
vt 0.442555 0.928103
vt 0.397832 0.933576
vt 0.364067 0.933336
vt 0.365576 0.955576
vt 0.339928 0.956160
vt 0.372266 0.921552
vt 0.349563 0.918496
vt 0.335528 0.917282
vt 0.314693 0.919200
vt 0.299674 0.910676
vt 0.290445 0.902970
vt 0.335813 0.934837
vt 0.323179 0.931078
vt 0.307749 0.928374
vt 0.294322 0.916842
vt 0.285311 0.907674
vt 0.284669 0.906154
vt 0.289152 0.901078
vt 0.290298 0.896110
vt 0.289754 0.889370
vt 0.314873 0.944818
vt 0.429835 0.943116
vt 0.390181 0.954225
vt 0.360059 0.968691
vt 0.329566 0.968281
vt 0.306806 0.953078
vt 0.296772 0.942184
vt 0.286729 0.920748
vt 0.276346 0.910187
vt 0.275378 0.909208
vt 0.266179 0.911651
vt 0.263109 0.906900
vt 0.254383 0.904655
vt 0.393500 0.967641
vt 0.429228 0.953328
vt 0.436296 0.966693
vt 0.488762 0.964976
vt 0.485920 0.975277
vt 0.487310 0.976095
vt 0.270661 0.933667
vt 0.264082 0.919178
vt 0.275679 0.947733
vt 0.282479 0.963251
vt 0.291961 0.974708
vt 0.347469 0.981789
vt 0.415168 0.981992
vt 0.440014 0.975994
vt 0.483548 0.983567
vt 0.485825 0.984190
vt 0.478218 0.990244
vt 0.482058 0.990830
vt 0.251264 0.914332
vt 0.251924 0.935774
vt 0.252051 0.948958
vt 0.252142 0.962683
vt 0.253068 0.975326
vt 0.265296 0.992537
vt 0.251101 0.900425
vt 0.251133 0.889659
vt 0.251029 0.880663
vt 0.250667 0.870650
vt 0.250662 0.868672
vt 0.254034 0.892946
vt 0.252926 0.900715
vt 0.560875 0.865572
vt 0.560875 0.871441
vt 0.531171 0.863482
vt 0.587644 0.858398
vt 0.590579 0.863482
vt 0.607241 0.838802
vt 0.612324 0.841737
vt 0.614414 0.812032
vt 0.620284 0.812033
vt 0.607241 0.785263
vt 0.612324 0.782328
vt 0.587644 0.765666
vt 0.590579 0.760583
vt 0.560875 0.758493
vt 0.560875 0.752624
vt 0.534105 0.765666
vt 0.531171 0.760583
vt 0.514509 0.785263
vt 0.509426 0.782328
vt 0.507336 0.812032
vt 0.501466 0.812033
vt 0.514509 0.838802
vt 0.509426 0.841737
vt 0.534105 0.858398
vt 0.560875 0.812032
vt 0.455258 0.787631
vt 0.455122 0.791315
vt 0.455954 0.790954
vt 0.454314 0.790690
vt 0.453743 0.789244
vt 0.453560 0.787367
vt 0.453826 0.785560
vt 0.454502 0.784308
vt 0.455404 0.783947
vt 0.456244 0.784573
vt 0.456776 0.786018
vt 0.456892 0.787896
vt 0.456593 0.789702
vt 0.673328 0.997653
vt 0.692310 0.939369
vt 0.673328 0.939351
vt 0.692272 0.997671
vt 0.711287 0.939418
vt 0.711221 0.997719
vt 0.730255 0.939485
vt 0.730180 0.997786
vt 0.502621 0.997786
vt 0.521654 0.939551
vt 0.502696 0.939485
vt 0.521589 0.997853
vt 0.540604 0.939600
vt 0.540566 0.997902
vt 0.559548 0.939618
vt 0.559548 0.997920
vt 0.578493 0.939600
vt 0.578530 0.997902
vt 0.597442 0.939551
vt 0.597507 0.997853
vt 0.616400 0.939485
vt 0.616475 0.997786
vt 0.635369 0.939418
vt 0.635434 0.997719
vt 0.654346 0.939369
vt 0.654383 0.997671
vt 0.028175 0.347672
vt 0.013639 0.351843
vt 0.018194 0.349318
vt 0.033075 0.348636
vt 0.013177 0.363118
vt 0.032568 0.359958
vt 0.031907 0.364432
vt 0.012166 0.367311
vt 0.467203 0.460241
vt 0.466404 0.493297
vt 0.446010 0.493987
vt 0.446596 0.470598
vt 0.466044 0.453252
vt 0.439488 0.466638
vt 0.438729 0.496939
vt 0.412867 0.458439
vt 0.412107 0.488739
vt 0.925007 0.832129
vt 0.976381 0.750464
vt 0.976381 0.832129
vt 0.925007 0.750464
vt 0.076463 0.850174
vt 0.073137 0.863757
vt 0.078501 0.847521
vt 0.075746 0.860716
vt 0.085627 0.839152
vt 0.078234 0.877259
vt 0.085450 0.841902
vt 0.096971 0.842140
vt 0.095014 0.852578
vt 0.086473 0.852883
vt 0.087588 0.839151
vt 0.093269 0.832497
vt 0.106704 0.830639
vt 0.083547 0.894195
vt 0.085469 0.891877
vt 0.074622 0.881454
vt 0.071637 0.865679
vt 0.080207 0.858624
vt 0.095921 0.871935
vt 0.104121 0.857032
vt 0.109435 0.848862
vt 0.099056 0.839572
vt 0.111513 0.846453
vt 0.119959 0.859262
vt 0.122145 0.856863
vt 0.073788 0.882416
vt 0.077707 0.868489
vt 0.080185 0.879168
vt 0.113281 0.844371
vt 0.124494 0.854052
vt 0.130385 0.865149
vt 0.130423 0.865277
vt 0.129275 0.875580
vt 0.117632 0.887035
vt 0.113429 0.892311
vt 0.098536 0.896991
vt 0.097645 0.898124
vt 0.111773 0.893979
vt 0.083038 0.894654
vt 0.096813 0.898889
vt 0.105263 0.896890
vt 0.103909 0.898124
vt 0.110006 0.896127
vt 0.111697 0.894577
vt 0.087182 0.887337
vt 0.096718 0.890711
vt 0.106238 0.888567
vt 0.112935 0.882142
vt 0.114823 0.873497
vt 0.111463 0.864600
vt 0.401007 0.506607
vt 0.409839 0.499620
vt 0.410024 0.502230
vt 0.432399 0.499783
vt 0.426833 0.501861
vt 0.452165 0.505955
vt 0.447769 0.509123
vt 0.465916 0.518245
vt 0.459926 0.519382
vt 0.471191 0.530055
vt 0.474125 0.529575
vt 0.396047 0.521184
vt 0.403589 0.507530
vt 0.414754 0.505025
vt 0.428491 0.505662
vt 0.444550 0.511662
vt 0.456179 0.521363
vt 0.466037 0.531114
vt 0.473410 0.542508
vt 0.476681 0.542596
vt 0.473509 0.549192
vt 0.405059 0.553601
vt 0.395416 0.543428
vt 0.398341 0.541526
vt 0.405011 0.550871
vt 0.425936 0.559576
vt 0.423863 0.557157
vt 0.453645 0.554718
vt 0.451909 0.552747
vt 0.469932 0.548652
vt 0.468447 0.540932
vt 0.460412 0.531753
vt 0.451912 0.523441
vt 0.439632 0.514881
vt 0.425317 0.509679
vt 0.466437 0.545767
vt 0.451364 0.550043
vt 0.431811 0.552324
vt 0.410538 0.548179
vt 0.403481 0.539178
vt 0.430319 0.548838
vt 0.451901 0.547481
vt 0.464400 0.541064
vt 0.410848 0.511604
vt 0.408229 0.509589
vt 0.399100 0.520529
vt 0.393928 0.533438
vt 0.397218 0.531879
vt 0.402561 0.530907
vt 0.405037 0.528898
vt 0.405257 0.536565
vt 0.410634 0.544944
vt 0.403801 0.520794
vt 0.405593 0.520969
vt 0.686429 0.812293
vt 0.686429 0.754795
vt 0.715178 0.762498
vt 0.657679 0.762498
vt 0.636634 0.783544
vt 0.628930 0.812293
vt 0.636634 0.841043
vt 0.657679 0.862089
vt 0.686429 0.869792
vt 0.715178 0.862089
vt 0.736224 0.841043
vt 0.743927 0.812293
vt 0.736224 0.783544
vt 0.412993 0.509359
vt 0.407147 0.517409
vt 0.487348 0.990345
vt 0.217127 0.848286
vt 0.223490 0.850883
vt 0.215859 0.851009
vt 0.862611 0.654387
vt 0.866729 0.636403
vt 0.868079 0.653151
vt 0.861577 0.636361
vt 0.855438 0.654318
vt 0.855536 0.636541
vt 0.852482 0.653338
vt 0.851970 0.636590
vt 0.846143 0.653151
vt 0.844793 0.636403
vt 0.861703 0.634540
vt 0.866985 0.631451
vt 0.866764 0.634606
vt 0.861417 0.631411
vt 0.855495 0.634821
vt 0.855321 0.631582
vt 0.851854 0.634898
vt 0.851980 0.631628
vt 0.845049 0.631451
vt 0.844828 0.634606
vt 0.470202 0.767520
vt 0.459676 0.764574
vt 0.472298 0.765848
vt 0.466196 0.778002
vt 0.453064 0.776321
vt 0.456932 0.765843
vt 0.451795 0.763843
vt 0.433454 0.761355
vt 0.422632 0.761072
vt 0.422278 0.759868
vt 0.432761 0.762600
vt 0.445876 0.764264
vt 0.443688 0.775713
vt 0.453935 0.778310
vt 0.466649 0.779627
vt 0.469843 0.776648
vt 0.469518 0.776563
vt 0.472058 0.769481
vt 0.472677 0.769565
vt 0.432648 0.772581
vt 0.430548 0.771886
vt 0.432721 0.774289
vt 0.446978 0.778216
vt 0.421373 0.769654
vt 0.410167 0.758431
vt 0.410762 0.768553
vt 0.400694 0.757498
vt 0.399528 0.768137
vt 0.396136 0.760512
vt 0.395742 0.763808
vt 0.389938 0.766627
vt 0.393437 0.762975
vt 0.391884 0.756730
vt 0.394225 0.759972
vt 0.420697 0.771155
vt 0.430475 0.773500
vt 0.410512 0.770222
vt 0.399137 0.770034
vt 0.398386 0.769965
vt 0.388086 0.768174
vt 0.390189 0.755174
vt 0.399779 0.756037
vt 0.400553 0.756108
vt 0.410102 0.757000
vt 0.004864 0.915292
vt 0.004890 0.897591
vt 0.016645 0.898600
vt 0.029402 0.899461
vt 0.026491 0.912485
vt 0.013158 0.914554
vt 0.145724 0.896272
vt 0.153267 0.889544
vt 0.164775 0.894742
vt 0.140698 0.895578
vt 0.180475 0.883627
vt 0.164052 0.881200
vt 0.155098 0.882586
vt 0.184081 0.905308
vt 0.180445 0.912971
vt 0.199975 0.898809
vt 0.211507 0.882577
vt 0.203095 0.889712
vt 0.190352 0.896166
vt 0.160504 0.896449
vt 0.818384 0.713054
vt 0.804936 0.731405
vt 0.804680 0.712911
vt 0.833035 0.731697
vt 0.849675 0.716901
vt 0.867603 0.725068
vt 0.844461 0.742101
vt 0.805144 0.745317
vt 0.769644 0.733564
vt 0.779508 0.722986
vt 0.792278 0.708805
vt 0.804439 0.695151
vt 0.826501 0.705837
vt 0.824192 0.696679
vt 0.844942 0.698124
vt 0.818996 0.688428
vt 0.834289 0.681206
vt 0.811409 0.679774
vt 0.818726 0.663674
vt 0.802450 0.674311
vt 0.800358 0.652541
vt 0.792552 0.676275
vt 0.780062 0.656699
vt 0.788177 0.685268
vt 0.771101 0.674728
vt 0.787722 0.693009
vt 0.787956 0.700510
vt 0.770647 0.705978
vt 0.757274 0.709819
vt 0.753971 0.710320
vt 0.767212 0.735735
vt 0.805207 0.748314
vt 0.847277 0.745262
vt 0.872056 0.726641
vt 0.860995 0.698854
vt 0.756605 0.688348
vt 0.770168 0.690599
vt 0.757907 0.666191
vt 0.770413 0.641205
vt 0.798743 0.635584
vt 0.824396 0.650758
vt 0.846123 0.675235
vt 0.864984 0.698585
vt 0.849065 0.673306
vt 0.825812 0.647109
vt 0.798356 0.630868
vt 0.768034 0.636884
vt 0.754649 0.663626
vt 0.753256 0.687340
vt 0.488667 0.983624
vt 0.489042 0.975313
vt 0.058780 0.935148
vt 0.062846 0.932014
vt 0.056519 0.911875
vt 0.056118 0.910622
vt 0.072476 0.902417
vt 0.072552 0.900169
vt 0.052009 0.910489
vt 0.051767 0.912092
vt 0.083118 0.922368
vt 0.784335 0.651513
vt 0.776374 0.634150
vt 0.761179 0.657226
vt 0.789323 0.682004
vt 0.773444 0.668306
vt 0.794635 0.673810
vt 0.758151 0.654031
vt 0.774415 0.629333
vt 0.395143 0.761279
vt 0.395511 0.762420
vt 0.394685 0.763061
vt 0.396136 0.763531
vt 0.396368 0.761577
vt 0.264390 0.837518
vt 0.250607 0.829261
vt 0.250630 0.817288
vt 0.250464 0.842439
vt 0.236406 0.837279
vt 0.236300 0.825764
vt 0.267276 0.808211
vt 0.226771 0.836966
vt 0.228518 0.847823
vt 0.232983 0.849082
vt 0.250197 0.853421
vt 0.267312 0.849237
vt 0.271783 0.848036
vt 0.278175 0.844894
vt 0.291076 0.839782
vt 0.306390 0.837113
vt 0.274115 0.837392
vt 0.290364 0.831206
vt 0.294769 0.813718
vt 0.320527 0.805273
vt 0.333460 0.840557
vt 0.320348 0.786801
vt 0.339244 0.834362
vt 0.319639 0.765572
vt 0.316824 0.779948
vt 0.294669 0.791414
vt 0.277097 0.808255
vt 0.277357 0.826507
vt 0.264616 0.826092
vt 0.384633 0.832256
vt 0.386943 0.817436
vt 0.374032 0.778793
vt 0.344194 0.765029
vt 0.304324 0.759900
vt 0.199431 0.280184
vt 0.161506 0.309775
vt 0.185423 0.316266
vt 0.200566 0.314400
vt 0.238481 0.277795
vt 0.232435 0.308171
vt 0.264669 0.297995
vt 0.157225 0.311376
vt 0.182638 0.318614
vt 0.200899 0.318787
vt 0.237149 0.312320
vt 0.268066 0.300546
vt 0.273157 0.285724
vt 0.269178 0.225960
vt 0.233400 0.225844
vt 0.199873 0.226916
vt 0.276712 0.286430
vt 0.272966 0.225813
vt 0.266629 0.191989
vt 0.230409 0.194869
vt 0.178348 0.187905
vt 0.162360 0.216998
vt 0.152862 0.252867
vt 0.154128 0.294740
vt 0.149930 0.294961
vt 0.148636 0.252655
vt 0.268959 0.190255
vt 0.261719 0.186834
vt 0.264079 0.184893
vt 0.226286 0.177116
vt 0.226935 0.174511
vt 0.158117 0.216474
vt 0.991113 0.596098
vt 0.975638 0.564358
vt 0.889461 0.562877
vt 0.873577 0.594635
vt 0.974348 0.564921
vt 0.990465 0.531020
vt 0.874374 0.530927
vt 0.890674 0.563150
vt 0.973811 0.565435
vt 0.990001 0.532842
vt 0.873617 0.531194
vt 0.889628 0.562242
vt 0.966550 0.561499
vt 0.984876 0.532609
vt 0.898374 0.561860
vt 0.879616 0.531919
vt 0.814283 0.850978
vt 0.816579 0.860494
vt 0.814936 0.841566
vt 0.689281 0.318487
vt 0.688903 0.291732
vt 0.711359 0.299264
vt 0.657931 0.326428
vt 0.668782 0.285628
vt 0.687308 0.215493
vt 0.671401 0.098566
vt 0.663900 0.059545
vt 0.729582 0.052682
vt 0.717125 0.108746
vt 0.672406 0.161264
vt 0.733040 0.172377
vt 0.726072 0.216933
vt 0.736501 0.272433
vt 0.744629 0.287096
vt 0.730524 0.290137
vt 0.717874 0.301870
vt 0.710491 0.313521
vt 0.707649 0.339249
vt 0.682281 0.343950
vt 0.637856 0.364742
vt 0.566185 0.366645
vt 0.617536 0.344066
vt 0.651745 0.298798
vt 0.619730 0.309293
vt 0.577574 0.315950
vt 0.557535 0.316167
vt 0.521276 0.330368
vt 0.530519 0.309230
vt 0.522388 0.293164
vt 0.487082 0.318015
vt 0.490897 0.292030
vt 0.461002 0.293412
vt 0.451424 0.261845
vt 0.423903 0.279408
vt 0.408724 0.260758
vt 0.406174 0.275072
vt 0.395218 0.275896
vt 0.377050 0.287096
vt 0.457609 0.317615
vt 0.397114 0.206728
vt 0.432199 0.296262
vt 0.434768 0.320032
vt 0.434467 0.337153
vt 0.465276 0.363651
vt 0.495123 0.367897
vt 0.432205 0.349844
vt 0.500250 0.222006
vt 0.445393 0.215766
vt 0.492987 0.158981
vt 0.386809 0.156557
vt 0.482810 0.114641
vt 0.401571 0.106594
vt 0.470429 0.040952
vt 0.422452 0.057614
vt 0.531801 0.210090
vt 0.520839 0.248418
vt 0.368922 0.272433
vt 0.358492 0.216933
vt 0.365460 0.172377
vt 0.349545 0.108746
vt 0.362003 0.052682
vt 0.406294 0.035189
vt 0.461319 0.013485
vt 0.508396 0.052558
vt 0.551082 0.105512
vt 0.551531 0.179723
vt 0.428562 0.005775
vt 0.358935 0.026910
vt 0.357489 0.018205
vt 0.371584 0.006579
vt 0.441220 0.003214
vt 0.382220 0.000685
vt 0.464796 0.007598
vt 0.507938 0.021748
vt 0.518524 0.038794
vt 0.543441 0.052500
vt 0.540938 0.039545
vt 0.579562 0.039398
vt 0.578208 0.027599
vt 0.626049 0.028974
vt 0.667085 0.018978
vt 0.623906 0.052623
vt 0.670734 0.039459
vt 0.636857 0.079849
vt 0.591807 0.092728
vt 0.536603 0.013118
vt 0.725069 0.018205
vt 0.726515 0.026910
vt 0.559839 0.021521
vt 0.573191 0.007508
vt 0.617351 0.008622
vt 0.663495 0.006201
vt 0.739321 0.006579
vt 0.750115 0.000685
vt 0.667618 0.000924
vt 0.599813 0.001607
vt 0.571952 0.001173
vt 0.544818 0.003516
vt 0.508666 0.011314
vt 0.813334 0.824128
vt 0.815076 0.833527
vt 0.814734 0.812608
vt 0.787210 0.844367
vt 0.757700 0.843403
vt 0.755379 0.850571
vt 0.787447 0.839860
vt 0.820160 0.840336
vt 0.819590 0.833018
vt 0.755792 0.866537
vt 0.750195 0.922108
vt 0.757083 0.876666
vt 0.754321 0.921904
vt 0.758345 0.948585
vt 0.756840 0.954050
vt 0.795338 0.944656
vt 0.794123 0.939226
vt 0.758927 0.965476
vt 0.789405 0.955714
vt 0.811547 0.949005
vt 0.815665 0.947371
vt 0.814380 0.940380
vt 0.816625 0.931411
vt 0.820171 0.918603
vt 0.814326 0.916281
vt 0.821855 0.859082
vt 0.814496 0.871141
vt 0.786629 0.858795
vt 0.783443 0.861507
vt 0.782894 0.866592
vt 0.760260 0.880440
vt 0.759141 0.922637
vt 0.761503 0.943518
vt 0.792434 0.937697
vt 0.809644 0.919037
vt 0.810877 0.892680
vt 0.758688 0.812779
vt 0.757654 0.826307
vt 0.794347 0.821393
vt 0.787294 0.811672
vt 0.820171 0.810886
vt 0.813937 0.798611
vt 0.819444 0.796708
vt 0.894915 0.972053
vt 0.895880 0.983896
vt 0.825106 0.985438
vt 0.821698 0.973012
vt 0.819963 0.997470
vt 0.896018 0.997905
vt 0.928150 0.755251
vt 0.981368 0.758091
vt 0.984959 0.754975
vt 0.985095 0.806213
vt 0.981341 0.839545
vt 0.923875 0.843200
vt 0.923141 0.844673
vt 0.928408 0.809479
vt 0.930088 0.814981
vt 0.928663 0.758427
vt 0.982083 0.811929
vt 0.978894 0.833836
vt 0.981022 0.838078
vt 0.926619 0.838670
vt 0.982748 0.813143
vt 0.924595 0.818821
vt 0.824573 0.961546
vt 0.893731 0.950203
vt 0.893701 0.961470
vt 0.826980 0.948847
vt 0.894751 0.934140
vt 0.829949 0.938953
vt 0.824149 0.961341
vt 0.894884 0.948166
vt 0.894605 0.961004
vt 0.826968 0.947773
vt 0.892067 0.935356
vt 0.827596 0.936154
vt 0.896162 0.998097
vt 0.983698 0.805085
vt 0.986432 0.820640
vt 0.980703 0.845166
vt 0.921623 0.756811
vt 0.922207 0.800042
vt 0.927829 0.814819
vt 0.920292 0.841265
vt 0.921427 0.844919
vt 0.923127 0.834911
vt 0.923264 0.800768
vt 0.923029 0.755269
vt 0.983003 0.755757
vt 0.979591 0.805005
vt 0.979015 0.841412
vt 0.976119 0.834934
vt 0.923264 0.803517
vt 0.979591 0.807754
vt 0.979556 0.753952
vt 0.931018 0.756394
vt 0.979631 0.835818
vt 0.979922 0.753885
vt 0.933306 0.823642
vt 0.926924 0.563461
vt 0.978474 0.758292
vt 0.974183 0.802381
vt 0.974094 0.762749
vt 0.981294 0.807491
vt 0.922977 0.839402
vt 0.924335 0.839718
vt 0.923203 0.807142
vt 0.981303 0.839789
vt 0.983391 0.840232
vt 0.980753 0.827123
vt 0.923756 0.793164
vt 0.922856 0.759871
vt 0.923685 0.755166
vt 0.924987 0.788369
vt 0.923779 0.827484
vt 0.894740 0.960880
vt 0.822875 0.965336
vt 0.825228 0.957561
vt 0.894694 0.934224
vt 0.894343 0.948093
vt 0.828289 0.935256
vt 0.787588 0.784387
vt 0.821385 0.779589
vt 0.822570 0.768441
vt 0.815828 0.781642
vt 0.787532 0.798035
vt 0.758269 0.799374
vt 0.756321 0.787552
vt 0.841314 0.848995
vt 0.864327 0.848162
vt 0.827487 0.850051
vt 0.864122 0.845307
vt 0.899233 0.851176
vt 0.898122 0.846229
vt 0.901305 0.846209
vt 0.902723 0.846288
vt 0.903001 0.818829
vt 0.897644 0.792796
vt 0.891150 0.766134
vt 0.887030 0.761026
vt 0.874565 0.759420
vt 0.864090 0.757788
vt 0.852113 0.757568
vt 0.842092 0.759995
vt 0.837437 0.766134
vt 0.830961 0.792796
vt 0.825636 0.818829
vt 0.823477 0.844680
vt 0.893841 0.947623
vt 0.828146 0.935632
vt 0.895023 0.933607
vt 0.823175 0.965425
vt 0.895099 0.961814
vt 0.904528 0.819960
vt 0.904351 0.832584
vt 0.899102 0.792875
vt 0.894083 0.768227
vt 0.889609 0.762210
vt 0.886235 0.759542
vt 0.901338 0.819133
vt 0.896015 0.793297
vt 0.889613 0.766992
vt 0.886705 0.762505
vt 0.874636 0.763284
vt 0.875356 0.756481
vt 0.864089 0.756024
vt 0.852628 0.756379
vt 0.843487 0.761886
vt 0.842882 0.758747
vt 0.842943 0.761699
vt 0.838974 0.766991
vt 0.854162 0.763284
vt 0.828157 0.848297
vt 0.825187 0.844413
vt 0.864490 0.844413
vt 0.827299 0.819131
vt 0.864488 0.822260
vt 0.832590 0.793295
vt 0.864491 0.791687
vt 0.902713 0.845933
vt 0.864327 0.847154
vt 0.899036 0.849143
vt 0.825377 0.844511
vt 0.829964 0.844632
vt 0.828382 0.848230
vt 0.839241 0.767691
vt 0.832827 0.793716
vt 0.827323 0.818808
vt 0.955198 0.660582
vt 0.956588 0.656701
vt 0.957588 0.659932
vt 0.953570 0.656575
vt 0.952631 0.653019
vt 0.957140 0.663284
vt 0.958468 0.662541
vt 0.957248 0.660220
vt 0.956333 0.656995
vt 0.954351 0.653268
vt 0.951309 0.651511
vt 0.948940 0.653087
vt 0.950114 0.656441
vt 0.952089 0.660493
vt 0.955196 0.664268
vt 0.952458 0.663914
vt 0.954746 0.666151
vt 0.956644 0.671187
vt 0.958661 0.670517
vt 0.962284 0.676646
vt 0.999641 0.955692
vt 0.999614 1.000082
vt 0.950143 0.999665
vt 0.948563 0.955912
vt 0.899320 0.999631
vt 0.899667 0.954971
vt 0.609370 0.745084
vt 0.623230 0.744607
vt 0.615069 0.747578
vt 0.581450 0.748430
vt 0.531741 0.749201
vt 0.509069 0.749644
vt 0.906731 0.978958
vt 0.917342 0.970427
vt 0.957130 0.963944
vt 0.939017 0.976378
vt 0.964295 0.976294
vt 0.995571 0.971173
vt 0.995764 0.978283
vt 0.471096 0.753531
vt 0.419620 0.751761
vt 0.894549 0.962224
vt 0.823334 0.966694
vt 0.824552 0.960828
vt 0.893149 0.965529
vt 0.825188 0.957841
vt 0.823970 0.963706
vt 0.828281 0.934183
vt 0.834178 0.939591
vt 0.894391 0.938967
vt 0.895185 0.959237
vt 0.892540 0.938749
vt 0.833542 0.942579
vt 0.827646 0.937171
vt 0.893755 0.941954
vt 0.892701 0.565314
vt 0.879977 0.587849
vt 0.881437 0.539778
vt 0.986344 0.534195
vt 0.970916 0.561511
vt 0.984227 0.588196
vt 0.955165 0.697357
vt 0.953492 0.688958
vt 0.950661 0.691008
vt 0.945117 0.700444
vt 0.951951 0.705108
vt 0.949893 0.704690
vt 0.955016 0.702576
vt 0.954840 0.703626
vt 0.951559 0.698852
vt 0.952415 0.687301
vt 0.954318 0.695768
vt 0.914565 0.984119
vt 0.901699 0.957393
vt 0.999622 0.958037
vt 0.998430 0.982748
vt 0.906252 0.999616
vt 0.998089 0.996441
vt 0.987984 0.955315
vt 0.919349 0.977020
vt 0.903181 0.955315
vt 0.993583 0.984542
vt 0.900456 0.999722
vt 0.987984 0.999722
vt 0.983606 0.980129
vt 0.996716 0.998674
vt 0.899900 0.998592
vt 0.906913 0.986273
vt 0.999514 0.955551
vt 0.901295 0.955581
vt 0.977143 0.980776
vt 0.998635 0.999598
vt 0.904946 0.999598
vt 0.904946 0.981861
vt 0.980176 0.955133
vt 0.904946 0.955133
vt 0.975822 0.542632
vt 0.896032 0.540512
vt 0.901092 0.565987
vt 0.976667 0.576878
vt 0.857719 0.966184
vt 0.826358 0.972535
vt 0.885752 0.972274
vt 0.821058 0.978232
vt 0.819358 0.963211
vt 0.814799 0.964481
vt 0.812845 0.976227
vt 0.788740 0.970005
vt 0.795014 0.976121
vt 0.758745 0.979409
vt 0.756454 0.987688
vt 0.762331 0.990721
vt 0.758185 1.000956
vt 0.754246 0.998765
vt 0.924830 0.247758
vt 0.871000 0.248047
vt 0.754427 0.566390
vt 0.756616 0.566337
vt 0.761663 0.577012
vt 0.762071 0.596582
vt 0.756392 0.606999
vt 0.754243 0.606562
vt 0.762078 0.522249
vt 0.750906 0.546274
vt 0.751302 0.532674
vt 0.766397 0.536643
vt 0.763974 0.559660
vt 0.763818 0.574772
vt 0.841201 0.997604
vt 0.841091 0.992412
vt 0.874663 0.997861
vt 0.848715 0.547353
vt 0.862414 0.545037
vt 0.846828 0.571207
vt 0.856753 0.517736
vt 0.847529 0.527565
vt 0.790478 0.581184
vt 0.824340 0.592803
vt 0.791756 0.593203
vt 0.769703 0.587296
vt 0.772205 0.597799
vt 0.765380 0.604046
vt 0.843042 0.583747
vt 0.827162 0.577998
vt 0.845539 0.581614
vt 0.851209 0.600045
vt 0.848310 0.600984
vt 0.843466 0.622594
vt 0.842071 0.594658
vt 0.825083 0.580555
vt 0.788533 0.578700
vt 0.767514 0.585273
vt 0.762063 0.603212
vt 0.773127 0.622422
vt 0.793321 0.619609
vt 0.845891 0.623551
vt 0.770025 0.623161
vt 0.823829 0.619384
vt 0.531287 0.248063
vt 0.536541 0.211672
vt 0.540784 0.212197
vt 0.527061 0.247852
vt 0.661133 0.283530
vt 0.655131 0.281626
vt 0.659827 0.278461
vt 0.646486 0.295741
vt 0.643089 0.293190
vt 0.615570 0.307514
vt 0.610856 0.303366
vt 0.579321 0.313981
vt 0.578988 0.309595
vt 0.563846 0.311461
vt 0.577853 0.275380
vt 0.578295 0.222114
vt 0.556771 0.183104
vt 0.561061 0.313809
vt 0.535649 0.306571
vt 0.608830 0.190068
vt 0.611821 0.221042
vt 0.616902 0.272991
vt 0.647598 0.221158
vt 0.651577 0.280919
vt 0.651386 0.221011
vt 0.647379 0.185454
vt 0.650069 0.180491
vt 0.642499 0.180093
vt 0.606919 0.167338
vt 0.605356 0.169711
vt 0.604708 0.172316
vt 0.640139 0.182033
vt 0.645049 0.187188
vt 0.656309 0.219676
vt 0.654309 0.208743
vt 0.663911 0.207285
vt 0.665911 0.218506
vt 0.660178 0.184432
vt 0.657723 0.178036
vt 0.651478 0.185457
vt 0.657766 0.244512
vt 0.658502 0.254295
vt 0.667866 0.243280
vt 0.668309 0.253327
vt 0.669230 0.277880
vt 0.905668 0.998968
vt 0.902609 0.956552
vt 0.965138 0.955764
vt 0.992701 0.954612
vt 0.994972 0.987221
vt 0.990568 0.998171
vt 0.995197 0.977020
vt 0.978199 0.999722
vt 0.966294 0.999722
vt 0.993113 0.955315
vt 0.912133 0.984365
vt 0.904588 0.955315
vt 0.904588 0.999722
vt 0.993305 0.960826
vt 0.994005 0.987835
vt 0.943951 0.973323
vt 0.904767 0.997541
vt 0.910358 0.985155
vt 0.912162 0.964467
vt 0.825302 0.758391
vt 0.821123 0.750828
vt 0.788639 0.769304
vt 0.819873 0.760548
vt 0.787961 0.775422
vt 0.755713 0.770116
vt 0.755024 0.777027
vt 0.592731 0.105773
vt 0.642418 0.153841
vt 0.558537 0.090185
vt 0.990922 0.595653
vt 0.974306 0.562162
vt 0.873839 0.595745
vt 0.890481 0.563877
vt 0.989874 0.595797
vt 0.972279 0.562758
vt 0.872876 0.597476
vt 0.888746 0.565836
vt 0.989325 0.594301
vt 0.970053 0.562293
vt 0.874337 0.595748
vt 0.889656 0.564347
vt 0.528354 0.290156
vt 0.539930 0.304969
vt 0.532552 0.289936
vt 0.986575 0.536896
vt 0.972302 0.567411
vt 0.890924 0.554090
vt 0.878013 0.535412
vt 0.284024 0.376104
vt 0.297102 0.375849
vt 0.874971 0.387529
vt 0.876768 0.317856
vt 0.694738 0.905635
vt 0.713738 0.935715
vt 0.694716 0.935664
vt 0.713775 0.905679
vt 0.732759 0.935786
vt 0.732802 0.905739
vt 0.713814 0.875633
vt 0.732847 0.875692
vt 0.694761 0.875589
vt 0.675695 0.875574
vt 0.675695 0.905619
vt 0.656630 0.875590
vt 0.656652 0.905635
vt 0.637576 0.875633
vt 0.637615 0.905679
vt 0.618543 0.875692
vt 0.618588 0.905739
vt 0.599534 0.875751
vt 0.599572 0.905799
vt 0.580545 0.875794
vt 0.580567 0.905843
vt 0.561567 0.875810
vt 0.561567 0.905859
vt 0.523562 0.905799
vt 0.542546 0.935909
vt 0.523525 0.935857
vt 0.542567 0.905843
vt 0.561567 0.935928
vt 0.580588 0.935909
vt 0.599610 0.935857
vt 0.618631 0.935786
vt 0.637652 0.935715
vt 0.656674 0.935664
vt 0.675695 0.935645
vt 0.542590 0.875794
vt 0.523601 0.875751
vt 0.504591 0.875692
vt 0.504547 0.905739
vt 0.504503 0.935786
vt 0.892920 0.554306
vt 0.976926 0.546401
vt 0.977631 0.587975
vt 0.894430 0.582667
vt 0.366503 0.343304
vt 0.374393 0.323529
vt 0.368033 0.319428
vt 0.378058 0.332929
vt 0.378460 0.345109
vt 0.375917 0.356805
vt 0.371149 0.364883
vt 0.365211 0.367179
vt 0.359452 0.363078
vt 0.355264 0.353678
vt 0.353784 0.341499
vt 0.355712 0.329802
vt 0.360954 0.321724
vt 0.899150 0.981042
vt 0.903013 0.955399
vt 0.998807 0.955399
vt 0.998807 0.980305
vt 0.926522 0.999864
vt 0.998807 0.999864
vt 0.789815 0.576571
vt 0.768719 0.576571
vt 0.768719 0.559690
vt 0.768719 0.509126
vt 0.843598 0.509126
vt 0.843598 0.518683
vt 0.768719 0.520556
vt 0.823813 0.529290
vt 0.843598 0.559286
vt 0.822283 0.551658
vt 0.788135 0.534016
vt 0.790780 0.553904
vt 0.768719 0.534723
vt 0.790411 0.565251
vt 0.825222 0.576571
vt 0.823760 0.564784
vt 0.843598 0.576571
vt 0.938746 0.382974
vt 0.946860 0.382072
vt 0.952106 0.375293
vt 0.931446 0.377945
vt 0.950074 0.354441
vt 0.925626 0.357054
vt 0.924753 0.757644
vt 0.927127 0.805636
vt 0.923251 0.758334
vt 0.980261 0.757345
vt 0.983564 0.809836
vt 0.933721 0.815161
vt 0.921267 0.842706
vt 0.921568 0.845087
vt 0.979667 0.841976
vt 0.980976 0.844356
vt 0.980869 0.807102
vt 0.977659 0.756851
vt 0.928046 0.806639
vt 0.924148 0.838017
vt 0.977502 0.837304
s 1
usemtl combinesoldiersheet
f 1/1/1 2/2/2 3/3/3
f 4/4/4 5/5/5 3/3/3
f 6/6/6 7/7/7 8/8/8
f 9/9/9 8/8/8 7/7/7
f 9/9/9 10/10/10 8/8/8
f 11/11/11 10/10/10 9/9/9
f 11/11/11 12/12/12 10/10/10
f 13/13/13 6/6/6 14/14/14
f 6/6/6 15/15/15 14/14/14
f 6/6/6 16/16/16 15/15/15
f 17/17/17 16/16/16 6/6/6
f 17/17/17 6/6/6 8/8/8
f 18/18/18 17/17/17 8/8/8
f 18/18/18 8/8/8 10/10/10
f 19/19/19 18/18/18 10/10/10
f 19/19/19 10/10/10 12/12/12
f 12/12/12 20/20/20 19/19/19
f 12/12/12 21/21/21 20/20/20
f 21/21/21 12/12/12 11/11/11
f 21/21/21 11/11/11 22/22/22
f 23/23/23 21/21/21 22/22/22
f 23/23/23 24/24/24 21/21/21
f 25/25/25 24/24/24 23/23/23
f 25/25/25 26/26/26 24/24/24
f 26/26/26 20/20/20 24/24/24
f 24/24/24 20/20/20 21/21/21
f 25/25/25 23/23/23 27/27/27
f 28/28/28 14/14/14 15/15/15
f 29/29/29 14/14/14 28/28/28
f 29/29/29 13/13/13 14/14/14
f 30/30/30 13/13/13 29/29/29
f 30/30/30 31/31/31 13/13/13
f 6/6/6 13/13/13 31/31/31
f 6/6/6 31/31/31 32/32/32
f 6/6/6 32/32/32 7/7/7
f 32/32/32 33/33/33 7/7/7
f 34/34/34 7/7/7 33/33/33
f 34/34/34 9/9/35 7/7/7
f 35/35/36 9/9/35 34/34/34
f 35/35/36 11/11/37 9/9/35
f 22/22/38 11/11/37 35/35/36
f 29/29/29 28/28/28 36/36/39
f 29/29/29 36/36/39 37/37/40
f 29/29/29 37/37/40 38/38/41
f 29/29/29 38/38/41 39/39/42
f 29/29/29 39/39/42 30/30/30
f 40/40/43 30/30/30 39/39/42
f 40/40/43 31/31/31 30/30/30
f 41/41/44 31/31/31 40/40/43
f 32/32/32 31/31/31 41/41/44
f 32/32/32 41/41/44 42/42/45
f 33/33/33 32/32/32 42/42/45
f 33/33/33 42/42/45 43/43/46
f 34/34/34 33/33/33 43/43/46
f 34/34/34 43/43/46 44/44/47
f 34/34/34 44/44/47 45/45/48
f 34/34/34 45/45/48 35/35/36
f 45/45/48 46/46/49 35/35/36
f 22/22/38 35/35/36 46/46/49
f 46/46/49 23/23/50 22/22/38
f 47/47/51 41/41/44 40/40/43
f 23/23/50 48/48/52 27/27/53
f 23/23/50 49/49/54 48/48/52
f 46/46/49 49/49/54 23/23/50
f 49/49/54 46/46/49 50/50/55
f 45/45/48 50/50/55 46/46/49
f 50/50/55 45/45/48 51/51/56
f 44/44/47 51/51/56 45/45/48
f 44/44/47 52/52/57 51/51/56
f 44/44/47 53/53/58 52/52/57
f 44/44/47 43/43/46 53/53/58
f 53/53/58 43/43/46 54/54/59
f 54/54/59 43/43/46 42/42/45
f 54/54/59 42/42/45 55/55/60
f 42/42/45 56/56/61 55/55/60
f 55/55/60 56/56/61 57/57/62
f 55/55/60 57/57/62 58/58/63
f 58/58/63 57/57/62 59/59/64
f 58/58/63 59/59/64 60/60/65
f 48/48/52 49/49/54 61/61/66
f 49/49/54 50/50/55 61/61/66
f 50/50/55 51/51/56 61/61/66
f 62/62/67 58/58/63 60/60/65
f 62/62/67 60/60/65 63/63/68
f 63/63/68 64/64/69 65/65/70
f 63/63/68 65/65/70 62/62/67
f 53/53/58 62/62/67 65/65/70
f 53/53/58 54/54/59 62/62/67
f 58/58/63 62/62/67 54/54/59
f 58/58/63 54/54/59 55/55/60
f 66/66/71 60/60/65 59/59/64
f 63/63/68 60/60/65 66/66/71
f 63/63/68 66/66/71 67/67/72
f 64/64/69 63/63/68 67/67/72
f 64/64/69 67/67/72 68/68/73
f 69/69/74 68/68/73 67/67/72
f 69/69/74 67/67/72 70/70/75
f 70/70/75 71/71/76 69/69/74
f 70/70/75 72/72/77 71/71/76
f 73/73/78 71/71/76 72/72/77
f 74/74/79 73/73/78 72/72/77
f 74/74/79 75/75/80 73/73/78
f 74/74/79 76/76/81 75/75/80
f 74/74/79 66/66/71 76/76/81
f 66/66/71 59/59/64 76/76/81
f 72/72/77 70/70/75 74/74/79
f 70/70/75 66/66/71 74/74/79
f 70/70/75 67/67/72 66/66/71
f 77/77/82 78/78/83 79/79/84
f 77/77/82 79/79/84 80/80/85
f 80/80/85 81/81/86 77/77/82
f 81/81/86 82/82/87 83/83/88
f 82/82/87 81/81/86 80/80/85
f 82/82/87 80/80/85 84/84/89
f 84/84/89 80/80/85 79/79/84
f 79/79/84 85/85/90 84/84/89
f 79/79/84 86/86/91 85/85/90
f 79/79/84 87/87/92 86/86/91
f 79/79/84 88/88/93 87/87/92
f 79/79/84 89/89/94 88/88/93
f 89/89/94 79/79/84 78/78/83
f 78/78/83 90/90/95 89/89/94
f 90/90/95 78/78/83 91/91/96
f 91/91/96 92/92/97 90/90/95
f 92/92/97 91/91/96 93/93/98
f 92/92/97 93/93/98 94/94/99
f 95/95/100 94/94/99 93/93/98
f 95/95/100 96/96/101 94/94/99
f 97/97/102 96/96/101 95/95/100
f 97/97/102 98/98/103 96/96/101
f 98/98/103 97/97/102 99/99/104
f 99/99/104 83/83/88 98/98/103
f 83/83/88 99/99/104 81/81/86
f 100/100/105 81/81/86 99/99/104
f 100/100/105 77/77/82 81/81/86
f 100/100/105 101/101/106 77/77/82
f 77/77/82 101/101/106 78/78/83
f 91/91/96 78/78/83 101/101/106
f 93/93/98 91/91/96 101/101/106
f 93/93/98 101/101/106 102/102/107
f 93/93/98 102/102/107 95/95/100
f 97/97/102 95/95/100 102/102/107
f 97/97/102 102/102/107 100/100/105
f 99/99/104 97/97/102 100/100/105
f 100/100/105 102/102/107 101/101/106
f 103/103/108 104/104/109 105/105/110
f 103/103/108 105/105/110 106/106/111
f 103/103/108 106/106/111 107/107/112
f 107/107/112 106/106/111 108/108/113
f 107/107/112 108/108/113 104/104/109
f 86/109/114 104/104/109 108/108/113
f 109/110/115 104/104/109 86/109/114
f 109/110/115 105/105/110 104/104/109
f 110/111/116 105/105/110 109/110/115
f 110/111/116 106/106/111 105/105/110
f 85/112/117 106/106/111 110/111/116
f 85/112/117 108/108/113 106/106/111
f 86/109/114 108/108/113 85/112/117
f 107/107/112 104/104/109 103/103/108
f 111/113/118 110/114/119 112/115/120
f 110/114/119 109/116/121 112/115/120
f 88/117/122 89/118/123 112/115/120
f 113/119/124 88/117/122 112/115/120
f 114/120/125 113/119/124 112/115/120
f 109/116/121 114/120/125 112/115/120
f 109/116/121 87/121/126 114/120/125
f 109/116/121 86/122/127 87/121/126
f 115/123/128 82/124/129 116/125/130
f 116/125/130 82/124/129 111/113/118
f 82/124/129 84/126/131 111/113/118
f 110/114/119 111/113/118 84/126/131
f 84/126/131 85/127/132 110/114/119
f 115/123/128 83/128/133 82/124/129
f 116/125/130 111/113/118 117/129/134
f 117/129/134 111/113/118 118/130/135
f 111/113/118 119/131/136 118/130/135
f 111/113/118 112/115/120 119/131/136
f 120/132/137 119/131/136 112/115/120
f 120/132/137 112/115/120 89/118/123
f 120/132/137 89/118/123 90/133/138
f 121/134/139 120/132/137 90/133/138
f 121/134/139 90/133/138 92/135/140
f 122/136/141 121/134/139 92/135/140
f 122/136/141 92/135/140 94/137/142
f 122/136/141 94/137/142 96/138/143
f 117/129/134 118/130/135 123/139/144
f 124/140/145 125/141/146 120/132/137
f 124/140/145 120/132/137 121/134/139
f 122/136/141 124/140/145 121/134/139
f 122/136/141 126/142/147 124/140/145
f 127/143/148 123/139/144 128/144/149
f 127/143/148 117/129/134 123/139/144
f 117/129/134 127/143/148 129/145/150
f 116/125/130 117/129/134 129/145/150
f 130/146/151 116/125/130 129/145/150
f 130/146/151 115/123/128 116/125/130
f 131/147/152 115/123/128 130/146/151
f 131/147/152 132/148/153 115/123/128
f 83/128/133 115/123/128 132/148/153
f 132/148/153 98/149/154 83/128/133
f 132/148/153 133/150/155 98/149/154
f 96/138/143 98/149/154 133/150/155
f 96/138/143 133/150/155 134/151/156
f 122/136/141 96/138/143 134/151/156
f 135/152/157 122/136/141 134/151/156
f 135/152/157 126/142/147 122/136/141
f 135/152/157 136/153/158 126/142/147
f 137/154/159 138/155/160 139/156/161
f 137/154/159 139/156/161 140/157/162
f 140/157/162 139/156/161 141/158/163
f 140/157/162 141/158/163 142/159/164
f 140/157/162 142/159/164 143/160/165
f 142/159/164 144/161/166 143/160/165
f 144/161/166 145/162/167 143/160/165
f 127/143/148 143/160/165 145/162/167
f 129/145/150 127/143/148 145/162/167
f 129/145/150 145/162/167 146/163/168
f 130/146/151 129/145/150 146/163/168
f 130/146/151 146/163/168 147/164/169
f 130/146/151 147/164/169 148/165/170
f 130/146/151 148/165/170 131/147/152
f 149/166/171 145/162/167 144/161/166
f 150/167/172 151/168/173 152/169/174
f 150/167/172 153/170/175 151/168/173
f 153/170/175 154/171/176 151/168/173
f 153/170/175 155/172/177 154/171/176
f 153/170/175 156/173/178 155/172/177
f 155/172/177 156/173/178 157/174/179
f 156/173/178 158/175/180 157/174/179
f 158/175/180 159/176/181 157/174/179
f 158/175/180 160/177/182 159/176/181
f 161/178/183 159/176/181 160/177/182
f 162/179/184 161/178/183 160/177/182
f 163/180/185 161/178/183 162/179/184
f 140/157/162 163/180/185 162/179/184
f 140/157/162 164/181/186 163/180/185
f 140/157/162 165/182/187 164/181/186
f 140/157/162 143/160/165 165/182/187
f 143/160/165 128/144/149 165/182/187
f 143/160/165 127/143/148 128/144/149
f 156/173/178 166/183/188 158/175/180
f 163/180/185 167/184/189 161/178/183
f 167/184/189 159/176/181 161/178/183
f 167/184/189 168/185/190 159/176/181
f 169/186/191 159/176/181 168/185/190
f 159/176/181 169/186/191 157/174/179
f 155/172/177 157/174/179 169/186/191
f 170/187/192 169/186/191 171/188/193
f 169/186/191 168/185/190 171/188/193
f 155/172/177 170/189/192 154/171/176
f 155/172/177 169/186/191 170/189/192
f 172/190/194 153/170/175 173/191/195
f 153/170/175 172/190/194 156/173/178
f 174/192/196 156/173/178 172/190/194
f 156/173/178 174/192/196 166/183/188
f 166/183/188 174/192/196 175/193/197
f 166/183/188 175/193/197 176/194/198
f 176/194/198 158/175/180 166/183/188
f 158/175/180 176/194/198 177/195/199
f 158/175/180 177/195/199 160/177/182
f 162/179/184 160/177/182 177/195/199
f 178/196/200 162/179/184 177/195/199
f 137/154/159 162/179/184 178/196/200
f 140/157/162 162/179/184 137/154/159
f 175/193/197 174/192/196 172/190/194
f 178/196/200 177/195/199 179/197/201
f 148/165/170 180/198/202 181/199/203
f 180/198/202 173/191/195 181/199/203
f 182/200/204 181/199/203 173/191/195
f 173/191/195 153/170/175 182/200/204
f 150/167/172 182/200/204 153/170/175
f 183/201/205 114/109/206 87/110/207
f 114/109/206 183/201/205 184/202/208
f 114/109/206 184/202/208 113/112/209
f 113/112/209 184/202/208 185/203/210
f 113/112/209 185/203/210 88/111/211
f 88/111/211 185/203/210 186/204/212
f 88/111/211 186/204/212 87/110/207
f 87/110/207 186/204/212 183/201/205
f 183/201/205 186/204/212 185/203/210
f 183/201/205 185/203/210 184/202/208
f 187/205/213 188/206/214 189/207/215
f 190/208/216 187/205/213 36/36/39
f 187/205/213 190/208/216 188/206/214
f 190/208/216 191/209/217 188/206/214
f 192/210/218 193/211/219 194/212/220
f 195/213/221 193/211/219 192/210/218
f 26/26/222 195/213/221 192/210/218
f 26/26/222 192/210/218 20/20/223
f 196/214/224 20/20/223 192/210/218
f 196/214/224 19/19/225 20/20/223
f 196/214/224 18/18/226 19/19/225
f 196/214/224 197/215/227 18/18/226
f 197/215/227 17/17/17 18/18/226
f 198/216/228 17/17/17 197/215/227
f 16/16/16 17/17/17 198/216/228
f 198/216/228 199/217/229 16/16/16
f 16/16/16 199/217/229 200/218/230
f 16/16/16 200/218/230 191/209/217
f 16/16/16 191/209/217 15/15/15
f 190/208/216 15/15/15 191/209/217
f 28/28/28 15/15/15 190/208/216
f 190/208/216 36/36/39 28/28/28
f 192/210/218 194/212/220 196/214/224
f 194/212/220 197/215/227 196/214/224
f 194/212/220 201/219/231 197/215/227
f 198/216/228 197/215/227 201/219/231
f 188/220/214 202/221/232 189/222/215
f 203/223/233 204/224/234 205/225/235
f 204/224/234 206/226/236 205/225/235
f 207/227/237 206/226/236 204/224/234
f 208/228/238 206/226/236 207/227/237
f 208/228/238 209/229/239 206/226/236
f 208/228/238 210/230/240 209/229/239
f 211/231/241 209/229/239 210/230/240
f 211/231/241 210/230/240 212/232/242
f 211/231/241 212/232/242 213/233/243
f 214/234/244 213/233/243 212/232/242
f 214/234/244 215/235/245 213/233/243
f 216/236/246 215/235/245 214/234/244
f 216/236/246 202/221/232 215/235/245
f 202/221/232 217/237/247 215/235/245
f 188/220/214 217/237/247 202/221/232
f 188/220/214 218/238/248 217/237/247
f 188/220/214 191/239/217 218/238/248
f 218/238/248 191/239/217 200/240/230
f 205/225/235 206/226/236 209/229/239
f 219/241/249 211/231/241 220/242/250
f 218/238/248 220/242/250 211/231/241
f 218/238/248 211/231/241 213/233/243
f 213/233/243 217/237/247 218/238/248
f 213/233/243 215/235/245 217/237/247
f 218/238/248 200/240/230 220/242/250
f 220/242/250 200/240/230 199/243/229
f 220/242/250 199/243/229 219/241/249
f 219/241/249 199/243/229 221/244/251
f 199/243/229 198/245/228 221/244/251
f 221/244/251 198/245/228 201/246/231
f 210/230/240 208/228/238 222/247/252
f 210/230/240 222/247/252 212/232/242
f 214/234/244 212/232/242 222/247/252
f 214/234/244 222/247/252 223/248/253
f 216/236/246 214/234/244 223/248/253
f 223/248/253 224/249/254 216/236/246
f 223/248/253 225/250/255 224/249/254
f 226/251/256 225/250/255 223/248/253
f 226/251/256 227/252/257 225/250/255
f 228/253/258 227/252/257 226/251/256
f 227/252/257 38/254/41 225/250/255
f 38/254/41 224/249/254 225/250/255
f 38/254/41 37/255/40 224/249/254
f 222/247/252 229/256/259 230/257/260
f 223/248/253 222/247/252 230/257/260
f 231/258/261 223/248/253 230/257/260
f 226/251/256 223/248/253 231/258/261
f 232/259/262 226/251/256 231/258/261
f 228/253/258 226/251/256 232/259/262
f 233/260/263 228/253/258 232/259/262
f 233/260/263 232/259/262 234/261/264
f 233/260/263 234/261/264 235/262/265
f 235/262/265 234/261/264 236/263/266
f 235/262/265 236/263/266 237/264/267
f 237/264/267 236/263/266 238/265/268
f 237/264/267 238/265/268 239/266/269
f 239/266/269 238/265/268 47/267/51
f 239/266/269 47/267/51 240/268/270
f 240/268/270 241/269/271 239/266/269
f 240/268/270 242/270/272 241/269/271
f 242/270/272 243/271/273 241/269/271
f 233/260/263 235/262/265 244/272/274
f 245/273/275 56/274/61 42/275/45
f 245/273/275 42/275/45 41/276/44
f 245/273/275 41/276/44 229/256/259
f 246/277/276 229/256/259 41/276/44
f 246/277/276 230/257/260 229/256/259
f 246/277/276 231/258/261 230/257/260
f 246/277/276 247/278/277 231/258/261
f 232/259/262 231/258/261 247/278/277
f 247/278/277 234/261/264 232/259/262
f 247/278/277 236/263/266 234/261/264
f 246/277/276 236/263/266 247/278/277
f 246/277/276 238/265/268 236/263/266
f 238/265/268 246/277/276 41/276/44
f 238/265/268 41/276/44 47/267/51
f 57/279/62 56/274/61 248/280/278
f 56/274/61 249/281/279 248/280/278
f 250/282/280 248/280/278 249/281/279
f 250/282/280 251/283/281 248/280/278
f 57/279/62 248/280/278 251/283/281
f 251/283/281 59/284/64 57/279/62
f 73/285/78 75/286/80 252/287/282
f 75/286/80 76/288/81 252/287/282
f 76/288/81 253/289/283 252/287/282
f 253/289/283 76/288/81 59/284/64
f 253/289/283 59/284/64 254/290/284
f 251/283/281 254/290/284 59/284/64
f 255/291/285 254/290/284 251/283/281
f 255/291/285 251/283/281 250/282/280
f 256/292/286 255/291/285 250/282/280
f 250/282/280 203/223/233 256/292/286
f 250/282/280 249/281/279 203/223/233
f 203/223/233 249/281/279 204/224/234
f 56/274/61 204/224/234 249/281/279
f 56/274/61 207/227/237 204/224/234
f 207/227/237 56/274/61 245/273/275
f 245/273/275 208/228/238 207/227/237
f 208/228/238 245/273/275 229/256/259
f 208/228/238 229/256/259 222/247/252
f 257/293/287 254/290/284 255/291/285
f 257/293/287 253/289/283 254/290/284
f 253/289/283 257/293/287 258/294/288
f 253/289/283 258/294/288 252/287/282
f 219/241/249 259/295/289 211/231/241
f 259/295/289 260/296/290 211/231/241
f 211/231/241 260/296/290 209/229/239
f 261/297/291 209/229/239 260/296/290
f 205/225/235 209/229/239 261/297/291
f 261/297/291 53/298/58 205/225/235
f 203/223/233 205/225/235 53/298/58
f 203/223/233 53/298/58 65/299/70
f 256/292/286 203/223/233 65/299/70
f 262/300/292 256/292/286 65/299/70
f 256/292/286 262/300/292 255/291/285
f 255/291/285 262/300/292 263/301/293
f 255/291/285 263/301/293 257/293/287
f 257/293/287 263/301/293 264/302/294
f 257/293/287 264/302/294 258/294/288
f 258/294/288 264/302/294 71/303/76
f 252/287/282 258/294/288 71/303/76
f 252/287/282 71/303/76 73/285/78
f 71/303/76 264/302/294 69/304/74
f 264/302/294 68/305/73 69/304/74
f 68/305/73 264/302/294 263/301/293
f 68/305/73 263/301/293 64/306/69
f 263/301/293 262/300/292 64/306/69
f 262/300/292 65/299/70 64/306/69
f 265/307/295 266/308/296 267/309/297
f 268/310/298 267/309/297 266/308/296
f 268/310/298 266/308/296 269/311/299
f 269/311/299 270/312/300 268/310/298
f 269/311/299 271/313/301 270/312/300
f 270/312/300 271/313/301 272/314/302
f 270/312/300 272/314/302 273/315/303
f 272/314/302 261/297/291 273/315/303
f 272/314/302 53/298/58 261/297/291
f 52/316/57 53/298/58 272/314/302
f 52/316/57 272/314/302 271/313/301
f 52/316/57 271/313/301 269/311/299
f 52/316/57 269/311/299 51/317/56
f 266/308/296 51/317/56 269/311/299
f 266/308/296 61/318/66 51/317/56
f 48/319/52 61/318/66 266/308/296
f 48/319/52 266/308/296 265/307/295
f 265/307/295 27/320/53 48/319/52
f 27/320/53 265/307/295 267/309/297
f 27/320/53 267/309/297 274/321/304
f 268/310/298 274/321/304 267/309/297
f 268/310/298 275/322/305 274/321/304
f 275/322/305 268/310/298 270/312/300
f 275/322/305 270/312/300 276/323/306
f 276/323/306 270/312/300 273/315/303
f 276/323/306 273/315/303 277/324/307
f 273/315/303 278/325/308 277/324/307
f 273/315/303 261/297/291 278/325/308
f 274/321/309 279/326/310 280/327/311
f 274/321/309 275/322/312 279/326/310
f 276/323/313 279/326/310 275/322/312
f 276/323/313 281/328/314 279/326/310
f 277/324/315 281/328/314 276/323/313
f 277/324/315 282/329/316 281/328/314
f 278/325/308 282/329/316 277/324/315
f 278/325/308 283/330/317 282/329/316
f 261/297/291 260/296/290 278/325/308
f 283/330/317 278/325/308 260/296/290
f 283/330/317 260/296/290 259/295/289
f 259/295/289 284/331/318 283/330/317
f 282/329/316 283/330/317 284/331/318
f 282/329/316 284/331/318 285/332/319
f 282/329/316 285/332/319 286/333/320
f 282/329/316 286/333/320 281/328/314
f 287/334/321 281/328/314 286/333/320
f 287/334/321 279/326/310 281/328/314
f 288/335/322 279/326/310 287/334/321
f 288/335/322 280/327/311 279/326/310
f 280/327/311 288/335/322 26/336/26
f 26/336/26 274/321/309 280/327/311
f 26/336/26 27/320/27 274/321/309
f 25/337/25 27/320/27 26/336/26
f 26/336/222 288/335/323 289/338/324
f 287/334/325 289/338/324 288/335/323
f 287/334/325 290/339/326 289/338/324
f 290/339/326 287/334/325 286/333/327
f 290/339/326 286/333/327 291/340/328
f 285/332/329 291/340/328 286/333/327
f 285/332/329 292/341/330 291/340/328
f 285/332/329 284/331/318 292/341/330
f 293/342/331 292/341/330 284/331/318
f 291/340/328 292/341/330 293/342/331
f 291/340/328 293/342/331 294/343/332
f 290/339/326 291/340/328 294/343/332
f 290/339/326 294/343/332 295/344/333
f 295/344/333 289/338/324 290/339/326
f 295/344/333 296/345/334 289/338/324
f 26/336/222 289/338/324 296/345/334
f 26/336/222 296/345/334 195/346/221
f 195/346/221 296/345/334 193/347/219
f 296/345/334 194/348/220 193/347/219
f 296/345/334 295/344/333 194/348/220
f 295/344/333 201/246/231 194/348/220
f 295/344/333 294/343/332 201/246/231
f 294/343/332 293/342/331 201/246/231
f 221/244/251 201/246/231 293/342/331
f 293/342/331 284/331/318 221/244/251
f 219/241/249 221/244/251 284/331/318
f 219/241/249 284/331/318 259/295/289
f 297/349/335 298/350/336 170/351/337
f 164/352/338 165/353/339 299/354/340
f 128/355/341 299/354/340 165/353/339
f 123/356/342 299/354/340 128/355/341
f 123/356/342 300/357/343 299/354/340
f 123/356/342 301/358/344 300/357/343
f 300/357/343 301/358/344 302/359/345
f 301/358/344 303/360/346 302/359/345
f 301/358/344 304/361/347 303/360/346
f 119/362/348 304/361/347 301/358/344
f 119/362/348 301/358/344 118/363/349
f 123/356/342 118/363/349 301/358/344
f 299/354/340 300/357/343 305/364/350
f 300/357/343 302/359/345 305/364/350
f 306/365/351 305/364/350 307/366/352
f 305/364/350 302/359/345 307/366/352
f 302/359/345 308/367/353 307/366/352
f 302/359/345 303/360/346 308/367/353
f 303/360/346 309/368/354 308/367/353
f 303/360/346 310/369/355 309/368/354
f 304/361/347 310/369/355 303/360/346
f 304/361/347 311/370/356 310/369/355
f 311/370/356 304/361/347 119/362/348
f 120/371/137 311/370/356 119/362/348
f 120/371/137 125/372/146 312/373/357
f 120/371/137 312/373/357 311/370/356
f 311/370/356 312/373/357 313/374/358
f 311/370/356 313/374/358 310/369/355
f 310/369/355 313/374/358 314/375/359
f 310/369/355 314/375/359 309/368/354
f 309/368/354 314/375/359 136/376/360
f 136/376/360 135/377/361 309/368/354
f 309/368/354 135/377/361 134/378/362
f 309/368/354 134/378/362 308/367/353
f 308/367/353 134/378/362 133/379/363
f 308/367/353 133/379/363 307/366/352
f 133/379/363 132/380/364 307/366/352
f 315/381/365 307/366/352 132/380/364
f 132/380/364 131/382/366 315/381/365
f 316/383/367 315/381/365 131/382/366
f 131/382/366 181/384/368 316/383/367
f 317/385/369 316/383/367 181/384/368
f 318/386/370 315/381/365 316/383/367
f 319/387/371 318/386/370 316/383/367
f 319/387/371 316/383/367 317/385/369
f 306/365/351 307/366/352 315/381/365
f 318/386/370 306/365/351 315/381/365
f 320/388/372 306/365/351 318/386/370
f 319/387/371 320/388/372 318/386/370
f 319/387/371 321/389/373 320/388/372
f 319/387/371 322/390/374 321/389/373
f 319/387/371 323/391/375 322/390/374
f 323/391/375 319/387/371 317/385/369
f 323/391/375 317/385/369 324/392/376
f 317/385/369 181/384/368 182/393/377
f 182/393/377 150/394/378 317/385/369
f 324/392/376 317/385/369 150/394/378
f 150/394/378 152/395/379 324/392/376
f 325/396/380 324/392/376 152/395/379
f 324/392/376 325/396/380 326/397/381
f 326/397/381 323/391/375 324/392/376
f 327/398/382 323/391/375 326/397/381
f 327/398/382 322/390/374 323/391/375
f 322/390/374 327/398/382 168/399/383
f 168/399/383 167/400/384 322/390/374
f 321/389/373 322/390/374 167/400/384
f 321/389/373 167/400/384 163/401/385
f 321/389/373 163/401/385 164/352/338
f 321/389/373 164/352/338 320/388/372
f 164/352/338 299/354/340 320/388/372
f 320/388/372 299/354/340 306/365/351
f 299/354/340 305/364/350 306/365/351
f 297/349/386 327/398/382 326/397/381
f 297/349/386 168/399/383 327/398/382
f 297/349/386 171/402/387 168/399/383
f 170/351/388 171/402/387 297/349/386
f 181/384/203 131/382/152 148/403/170
f 328/404/389 178/111/390 179/112/391
f 329/405/392 178/111/390 328/404/389
f 329/405/392 137/110/393 178/111/390
f 329/405/392 138/109/394 137/110/393
f 138/109/394 329/405/392 328/404/389
f 138/109/394 328/404/389 179/112/391
f 154/406/395 330/407/396 151/408/397
f 154/406/395 331/409/398 330/407/396
f 170/410/337 331/409/398 154/406/395
f 170/410/337 332/411/399 331/409/398
f 332/411/399 333/412/400 331/409/398
f 333/412/400 332/411/399 298/413/336
f 332/411/399 170/410/337 298/413/336
f 334/414/401 333/412/400 335/415/402
f 333/412/400 298/413/336 335/415/402
f 298/413/336 336/416/403 335/415/402
f 298/413/336 337/417/404 336/416/403
f 298/413/336 297/418/335 337/417/404
f 326/419/405 337/417/404 297/418/335
f 336/416/403 338/420/406 339/421/407
f 337/417/404 338/420/406 336/416/403
f 337/417/404 340/422/408 338/420/406
f 337/417/404 326/419/405 340/422/408
f 325/423/409 340/422/408 326/419/405
f 152/424/410 340/422/408 325/423/409
f 341/425/411 342/426/412 343/427/413
f 344/428/414 343/427/413 342/426/412
f 339/421/407 343/427/413 344/428/414
f 339/421/407 345/429/415 343/427/413
f 339/421/407 346/430/416 345/429/415
f 338/420/406 346/430/416 339/421/407
f 346/430/416 338/420/406 347/431/417
f 347/431/417 338/420/406 340/422/408
f 348/432/418 347/431/417 340/422/408
f 152/424/410 348/432/418 340/422/408
f 151/433/397 348/432/418 152/424/410
f 151/433/397 349/434/419 348/432/418
f 349/434/419 151/433/397 330/407/396
f 347/431/417 348/432/418 349/434/419
f 350/435/420 351/436/421 352/437/422
f 350/435/420 341/425/411 351/436/421
f 353/438/423 351/436/421 341/425/411
f 341/425/411 343/427/413 353/438/423
f 343/427/413 354/439/424 353/438/423
f 343/427/413 345/429/415 354/439/424
f 354/439/424 345/429/415 355/440/425
f 355/440/425 345/429/415 346/430/416
f 355/440/425 346/430/416 356/441/426
f 346/430/416 347/431/417 356/441/426
f 357/442/427 356/441/426 347/431/417
f 357/442/427 347/431/417 349/434/419
f 357/442/427 349/434/419 358/443/428
f 330/407/396 358/443/428 349/434/419
f 359/444/429 358/443/428 330/407/396
f 359/444/429 330/407/396 331/409/398
f 359/444/429 331/409/398 360/445/430
f 360/445/430 331/409/398 333/412/400
f 355/440/425 361/446/431 362/447/432
f 354/439/424 355/440/425 362/447/432
f 363/448/433 354/439/424 362/447/432
f 363/448/433 353/438/423 354/439/424
f 363/448/433 364/449/434 353/438/423
f 353/438/423 364/449/434 351/436/421
f 365/450/435 351/436/421 364/449/434
f 365/450/435 352/437/422 351/436/421
f 364/449/434 366/451/436 365/450/435
f 364/449/434 363/448/433 366/451/436
f 367/452/437 366/451/436 363/448/433
f 368/453/438 362/447/432 361/446/431
f 363/448/433 362/447/432 368/453/438
f 369/454/439 363/448/433 368/453/438
f 369/454/439 367/452/437 363/448/433
f 370/455/440 367/452/437 369/454/439
f 367/452/437 370/455/440 366/451/436
f 370/455/440 371/456/441 366/451/436
f 366/451/436 371/456/441 372/457/442
f 372/457/442 373/458/443 366/451/436
f 373/458/443 374/459/444 366/451/436
f 366/451/436 374/459/444 365/450/435
f 365/450/435 374/459/444 375/460/445
f 375/460/445 376/461/446 365/450/435
f 365/450/435 376/461/446 377/462/447
f 365/450/435 377/462/447 352/437/422
f 377/462/447 2/463/2 352/437/422
f 1/464/1 352/437/422 2/463/2
f 352/437/422 1/464/1 350/435/420
f 368/453/438 361/446/431 378/465/448
f 379/466/449 378/465/448 361/446/431
f 380/467/450 378/465/448 379/466/449
f 368/453/438 378/465/448 380/467/450
f 368/453/438 380/467/450 369/454/439
f 381/468/451 369/454/439 380/467/450
f 370/455/440 369/454/439 381/468/451
f 381/468/451 380/467/450 382/469/452
f 355/440/425 356/441/426 357/442/427
f 355/440/425 357/442/427 383/470/453
f 355/440/425 383/470/453 361/446/431
f 383/470/453 384/471/454 361/446/431
f 379/466/449 361/446/431 384/471/454
f 385/472/455 379/466/449 384/471/454
f 385/472/455 380/467/450 379/466/449
f 385/472/455 386/473/456 380/467/450
f 386/473/456 387/474/457 380/467/450
f 387/474/457 382/469/452 380/467/450
f 385/472/455 384/471/454 388/475/458
f 388/475/458 384/471/454 389/476/459
f 388/475/458 389/476/459 390/477/460
f 389/476/459 391/478/461 390/477/460
f 392/479/462 393/480/463 394/481/464
f 395/482/465 393/480/463 392/479/462
f 395/482/465 396/483/466 393/480/463
f 397/484/467 396/483/466 395/482/465
f 397/484/467 398/485/468 396/483/466
f 398/485/468 397/484/467 391/478/461
f 398/485/468 391/478/461 399/486/469
f 389/476/459 399/486/469 391/478/461
f 389/476/459 400/487/470 399/486/469
f 389/476/459 384/471/454 400/487/470
f 383/470/453 400/487/470 384/471/454
f 357/442/427 400/487/470 383/470/453
f 357/442/427 399/486/469 400/487/470
f 357/442/427 398/485/468 399/486/469
f 357/442/427 358/443/428 398/485/468
f 396/483/466 398/485/468 358/443/428
f 396/483/466 358/443/428 359/444/429
f 360/445/430 396/483/466 359/444/429
f 360/445/430 393/480/463 396/483/466
f 401/488/471 393/480/463 360/445/430
f 401/488/471 394/481/464 393/480/463
f 401/488/471 402/489/472 394/481/464
f 402/489/472 403/490/473 394/481/464
f 392/479/462 394/481/464 403/490/473
f 404/491/474 403/490/473 405/492/475
f 406/493/476 407/494/477 408/495/478
f 408/495/478 407/494/477 409/496/479
f 410/497/480 409/496/479 407/494/477
f 410/497/480 407/494/477 411/498/481
f 411/498/481 412/499/482 410/497/480
f 413/500/483 412/499/482 411/498/481
f 402/489/472 412/499/482 413/500/483
f 413/500/483 414/501/484 402/489/472
f 402/489/472 414/501/484 403/490/473
f 415/502/485 403/490/473 414/501/484
f 415/502/485 405/492/475 403/490/473
f 405/492/475 415/502/485 416/503/486
f 416/503/486 417/504/487 405/492/475
f 418/505/488 407/494/477 406/493/476
f 407/494/477 418/505/488 411/498/481
f 411/498/481 418/505/488 413/500/483
f 416/503/486 413/500/483 418/505/488
f 414/501/484 413/500/483 416/503/486
f 416/503/486 415/502/485 414/501/484
f 419/506/489 420/507/490 409/496/479
f 420/507/490 408/495/478 409/496/479
f 401/488/471 360/445/430 333/412/400
f 334/414/401 401/488/471 333/412/400
f 402/489/472 401/488/471 334/414/401
f 402/489/472 334/414/401 421/508/491
f 412/499/482 402/489/472 421/508/491
f 412/499/482 421/508/491 422/509/492
f 412/499/482 422/509/492 410/497/480
f 410/497/480 422/509/492 423/510/493
f 423/510/493 409/496/479 410/497/480
f 423/510/493 424/511/494 409/496/479
f 419/506/489 409/496/479 424/511/494
f 419/506/489 424/511/494 425/512/495
f 426/513/496 425/512/495 424/511/494
f 426/513/496 424/511/494 427/514/497
f 426/513/496 427/514/497 428/515/498
f 427/514/497 429/516/499 428/515/498
f 427/514/497 430/517/500 429/516/499
f 430/517/500 431/518/501 429/516/499
f 424/511/494 423/510/493 427/514/497
f 423/510/493 430/517/500 427/514/497
f 422/509/492 430/517/500 423/510/493
f 422/509/492 432/519/502 430/517/500
f 426/513/496 428/515/498 433/520/503
f 432/519/502 431/518/501 430/517/500
f 434/521/504 431/518/501 432/519/502
f 434/521/504 432/519/502 422/509/492
f 434/521/504 422/509/492 421/508/491
f 421/508/491 435/522/505 434/521/504
f 421/508/491 334/414/401 435/522/505
f 334/414/401 436/523/506 435/522/505
f 334/414/401 335/415/402 436/523/506
f 335/415/402 437/524/507 436/523/506
f 335/415/402 336/416/403 437/524/507
f 438/525/508 437/524/507 336/416/403
f 336/416/403 339/421/407 438/525/508
f 339/421/407 439/526/509 438/525/508
f 339/421/407 344/428/414 439/526/509
f 439/526/509 344/428/414 440/527/510
f 344/428/414 342/426/412 440/527/510
f 342/426/412 350/435/420 440/527/510
f 341/425/411 350/435/420 342/426/412
f 439/526/509 440/527/510 441/528/511
f 441/528/511 442/529/512 439/526/509
f 438/525/508 439/526/509 442/529/512
f 438/525/508 442/529/512 443/530/513
f 438/525/508 443/530/513 437/524/507
f 444/531/514 437/524/507 443/530/513
f 436/523/506 437/524/507 444/531/514
f 436/523/506 444/531/514 445/532/515
f 436/523/506 445/532/515 435/522/505
f 434/521/504 435/522/505 445/532/515
f 434/521/504 445/532/515 446/533/516
f 434/521/504 446/533/516 431/518/501
f 443/530/513 447/534/517 444/531/514
f 444/531/514 447/534/517 445/532/518
f 446/533/519 445/532/518 447/534/517
f 448/535/520 440/527/510 350/435/420
f 449/536/521 440/527/510 448/535/520
f 449/536/521 441/528/511 440/527/510
f 450/537/522 441/528/511 449/536/521
f 450/537/522 451/538/523 441/528/511
f 441/528/511 451/538/523 442/529/512
f 452/539/524 442/529/512 451/538/523
f 452/539/524 443/530/513 442/529/512
f 452/539/524 453/540/525 443/530/513
f 443/530/513 453/540/525 447/534/517
f 454/541/526 447/534/517 453/540/525
f 446/533/519 447/534/517 454/541/526
f 446/533/519 454/541/526 455/542/527
f 446/533/519 455/542/527 431/518/528
f 456/543/529 431/518/528 455/542/527
f 456/543/529 429/516/530 431/518/528
f 428/515/531 429/516/530 456/543/529
f 428/515/531 456/543/529 457/544/532
f 452/539/524 451/538/523 458/545/533
f 451/538/523 450/537/522 458/545/533
f 459/546/534 458/545/533 450/537/522
f 453/540/525 452/539/524 460/547/535
f 461/548/536 460/547/535 452/539/524
f 461/548/536 452/539/524 458/545/537
f 462/549/538 460/547/535 463/550/539
f 433/520/540 428/515/531 457/544/532
f 433/520/540 457/544/532 464/551/541
f 464/551/541 457/544/532 465/552/542
f 457/544/532 466/553/543 465/552/542
f 465/552/542 466/553/543 467/554/544
f 466/553/543 468/555/545 467/554/544
f 468/555/545 466/553/543 469/556/546
f 469/556/546 466/553/543 470/557/547
f 469/556/546 470/557/547 471/558/548
f 470/557/547 472/559/549 471/558/548
f 473/560/550 471/558/548 472/559/549
f 473/560/550 472/559/549 474/561/551
f 473/560/550 474/561/551 462/549/538
f 474/561/551 475/562/552 462/549/538
f 462/549/538 475/562/552 460/547/535
f 475/562/552 476/563/553 460/547/535
f 453/540/525 460/547/535 476/563/553
f 454/541/526 453/540/525 476/563/553
f 474/561/551 477/564/554 475/562/552
f 475/562/552 478/565/555 476/563/553
f 478/565/555 475/562/552 477/564/554
f 478/565/555 477/564/554 479/566/556
f 476/563/553 455/542/527 454/541/526
f 476/563/553 478/565/555 455/542/527
f 455/542/527 478/565/555 456/543/529
f 456/543/529 478/565/555 479/566/556
f 479/566/556 480/567/557 456/543/529
f 477/564/554 480/567/557 479/566/556
f 477/564/554 481/568/558 480/567/557
f 474/561/551 481/568/558 477/564/554
f 474/561/551 472/559/549 481/568/558
f 470/557/547 481/568/558 472/559/549
f 480/567/557 481/568/558 470/557/547
f 480/567/557 470/557/547 466/553/543
f 457/544/532 480/567/557 466/553/543
f 457/544/532 456/543/529 480/567/557
f 469/556/546 471/558/548 4/569/559
f 5/570/560 4/569/559 471/558/548
f 5/570/560 471/558/548 473/560/550
f 5/570/560 473/560/550 482/571/561
f 482/571/561 473/560/550 462/549/538
f 482/571/561 462/549/538 483/572/562
f 484/573/563 149/111/564 144/112/565
f 485/574/566 149/111/564 484/573/563
f 485/574/566 141/110/567 149/111/564
f 485/574/566 142/109/568 141/110/567
f 484/573/563 142/109/568 485/574/566
f 484/573/563 144/112/565 142/109/568
f 486/575/569 487/576/570 488/577/571
f 488/577/571 147/578/572 146/579/573
f 487/576/570 147/578/572 488/577/571
f 487/576/570 148/580/574 147/578/572
f 486/575/569 148/580/574 487/576/570
f 486/575/569 180/581/575 148/580/574
f 180/581/575 486/575/569 489/582/576
f 180/581/575 489/582/576 173/583/577
f 490/584/578 173/583/577 489/582/576
f 490/584/578 172/585/579 173/583/577
f 491/586/580 172/585/579 490/584/578
f 491/586/580 175/587/581 172/585/579
f 175/587/581 491/586/580 492/588/582
f 492/588/582 176/589/583 175/587/581
f 176/589/583 492/588/582 493/590/584
f 493/590/584 177/591/585 176/589/583
f 177/591/585 493/590/584 179/592/586
f 494/593/587 179/592/586 493/590/584
f 494/593/587 138/594/588 179/592/586
f 493/590/584 495/595/589 494/593/587
f 493/590/584 492/588/582 495/595/589
f 494/593/587 139/596/590 138/594/588
f 495/595/589 139/596/590 494/593/587
f 495/595/589 496/597/591 139/596/590
f 495/595/589 497/598/592 496/597/591
f 497/598/592 145/599/593 496/597/591
f 497/598/592 146/579/573 145/599/593
f 488/577/571 146/579/573 497/598/592
f 498/600/594 488/577/571 497/598/592
f 486/575/569 488/577/571 498/600/594
f 489/582/576 486/575/569 498/600/594
f 489/582/576 498/600/594 499/601/595
f 490/584/578 489/582/576 499/601/595
f 499/601/595 491/586/580 490/584/578
f 499/601/595 500/602/596 491/586/580
f 500/602/596 492/588/582 491/586/580
f 501/603/597 492/588/582 500/602/596
f 501/603/597 495/595/589 492/588/582
f 497/598/592 495/595/589 501/603/597
f 498/600/594 497/598/592 501/603/597
f 499/601/595 498/600/594 501/603/597
f 499/601/595 501/603/597 500/602/596
f 496/597/591 141/604/598 139/596/590
f 496/597/591 149/605/599 141/604/598
f 496/597/591 145/599/593 149/605/599
f 502/606/600 503/607/601 504/608/602
f 502/606/600 505/609/603 503/607/601
f 502/606/600 506/610/604 505/609/603
f 506/610/604 502/606/600 507/611/605
f 508/612/606 507/611/605 502/606/600
f 508/612/606 509/613/607 507/611/605
f 510/614/608 509/613/607 508/612/606
f 504/608/602 510/614/608 508/612/606
f 504/608/602 511/615/609 510/614/608
f 502/606/600 504/608/602 508/612/606
f 512/616/610 513/617/611 514/618/612
f 513/617/611 512/616/610 515/619/613
f 516/620/614 510/621/615 514/618/612
f 516/620/614 514/618/612 513/617/611
f 513/617/611 517/622/616 516/620/614
f 513/617/611 518/623/617 517/622/616
f 513/617/611 519/624/618 518/623/617
f 513/617/611 515/619/613 519/624/618
f 515/619/613 520/625/619 519/624/618
f 521/626/620 522/627/621 515/619/613
f 523/628/622 515/619/613 522/627/621
f 523/628/622 520/625/619 515/619/613
f 524/629/623 520/625/619 523/628/622
f 525/630/624 520/625/619 524/629/623
f 525/630/624 519/624/618 520/625/619
f 521/626/620 526/631/625 527/632/626
f 521/626/620 527/632/626 522/627/621
f 522/627/621 527/632/626 528/633/627
f 522/627/621 528/633/627 523/628/622
f 523/628/622 528/633/627 529/634/628
f 523/628/622 529/634/628 530/635/629
f 524/629/623 523/628/622 530/635/629
f 531/636/630 524/629/623 530/635/629
f 531/636/630 525/630/624 524/629/623
f 531/636/630 532/637/631 525/630/624
f 531/636/630 530/635/629 533/638/632
f 530/635/629 534/639/633 533/638/632
f 530/635/629 529/634/628 534/639/633
f 509/613/634 535/640/635 507/611/636
f 509/613/634 536/641/637 535/640/635
f 509/613/634 516/642/614 536/641/637
f 517/643/616 536/641/637 516/642/614
f 509/613/634 510/614/615 516/642/614
f 518/644/617 537/645/638 517/643/616
f 517/643/616 537/645/638 538/646/639
f 517/643/616 538/646/639 536/641/637
f 536/641/637 538/646/639 539/647/640
f 536/641/637 539/647/640 535/640/635
f 540/648/641 535/640/635 539/647/640
f 507/611/636 535/640/635 540/648/641
f 507/611/636 540/648/641 506/610/642
f 541/649/643 542/650/644 543/651/645
f 541/649/643 544/652/646 542/650/644
f 545/653/647 544/652/646 541/649/643
f 545/653/647 541/649/643 546/654/648
f 537/645/638 545/653/647 546/654/648
f 537/645/638 546/654/648 547/655/649
f 538/646/639 537/645/638 547/655/649
f 538/646/639 547/655/649 539/647/640
f 548/656/650 547/655/649 546/654/648
f 548/656/650 539/647/640 547/655/649
f 540/648/641 539/647/640 548/656/650
f 540/648/641 548/656/650 549/657/651
f 548/656/650 546/654/648 549/657/651
f 550/658/652 549/657/651 546/654/648
f 550/658/652 546/654/648 541/649/643
f 551/659/653 550/658/652 541/649/643
f 551/659/653 541/649/643 543/651/645
f 551/659/653 543/651/645 552/660/654
f 543/651/645 553/661/655 552/660/654
f 543/651/645 542/650/644 553/661/655
f 532/662/631 553/661/655 542/650/644
f 532/662/631 542/650/644 525/663/624
f 525/663/624 542/650/644 544/652/646
f 525/663/624 544/652/646 519/664/618
f 545/653/647 519/664/618 544/652/646
f 545/653/647 518/644/617 519/664/618
f 518/644/617 545/653/647 537/645/638
f 551/659/653 552/660/654 554/665/656
f 526/666/657 555/667/658 556/668/659
f 557/669/660 526/666/657 556/668/659
f 556/668/659 558/670/661 557/669/660
f 559/671/662 555/672/658 526/631/657
f 559/671/662 526/631/657 521/626/663
f 515/619/664 559/671/662 521/626/663
f 515/619/664 560/673/665 559/671/662
f 515/619/664 561/674/666 560/673/665
f 515/619/664 512/616/667 561/674/666
f 562/675/668 563/676/669 554/677/670
f 554/677/670 552/678/671 562/675/668
f 563/676/669 564/679/672 565/680/673
f 564/681/672 563/682/669 562/675/668
f 565/680/673 566/683/674 554/684/670
f 565/680/673 554/684/670 563/685/669
f 565/680/673 564/686/672 567/687/675
f 565/680/673 567/688/675 568/689/676
f 569/690/677 568/689/676 567/687/675
f 570/691/678 568/689/676 569/692/677
f 571/693/679 570/691/678 572/694/680
f 571/693/679 573/695/681 570/691/678
f 570/696/678 574/697/682 568/689/676
f 570/696/678 573/695/681 574/697/682
f 572/694/680 570/698/678 569/699/677
f 569/699/677 567/700/675 575/701/683
f 575/701/683 576/702/684 577/703/685
f 578/704/686 579/705/687 580/706/688
f 578/704/686 581/707/689 579/705/687
f 581/707/689 578/704/686 582/708/690
f 581/707/689 582/708/690 583/709/691
f 583/709/691 582/708/690 584/710/692
f 584/710/692 577/703/685 583/709/691
f 585/711/693 577/703/685 584/710/692
f 575/701/683 577/703/685 585/711/693
f 585/711/693 569/692/677 575/701/683
f 572/694/680 569/692/677 585/711/693
f 585/711/693 584/710/692 572/694/680
f 571/693/679 572/694/680 584/710/692
f 571/693/679 584/710/692 582/708/690
f 586/712/694 571/693/679 582/708/690
f 578/704/686 580/706/688 582/708/690
f 581/707/689 583/709/691 587/713/695
f 577/703/685 588/714/696 583/709/691
f 587/713/695 583/709/691 588/714/696
f 588/714/696 589/715/697 587/713/695
f 571/693/679 586/712/694 590/716/698
f 591/717/699 590/716/698 586/712/694
f 591/717/699 586/712/694 592/718/700
f 582/708/690 592/718/700 586/712/694
f 582/708/690 593/719/701 592/718/700
f 593/719/701 582/708/690 580/706/688
f 580/706/688 594/720/702 593/719/701
f 594/720/702 595/721/703 593/719/701
f 596/722/704 595/721/703 594/720/702
f 596/722/704 594/720/702 597/723/705
f 598/724/706 592/718/700 593/719/701
f 591/717/699 592/718/700 598/724/706
f 595/721/703 599/725/707 593/719/701
f 600/726/708 601/727/709 593/719/701
f 593/719/701 601/727/709 598/728/706
f 602/729/710 601/727/709 600/726/708
f 603/730/711 602/729/710 604/731/712
f 602/729/710 603/730/711 605/732/713
f 602/729/710 605/732/713 601/727/709
f 601/727/709 605/732/713 606/733/714
f 601/727/709 606/733/714 598/728/706
f 603/730/711 607/734/715 605/732/713
f 608/735/716 599/725/707 609/736/717
f 608/735/716 610/737/718 599/725/707
f 599/725/707 610/737/718 593/719/701
f 610/737/718 611/738/719 593/719/701
f 611/738/719 600/726/708 593/719/701
f 612/739/720 600/726/708 611/738/719
f 600/726/708 612/739/720 602/729/710
f 613/740/721 602/729/710 612/739/720
f 613/740/721 604/731/712 602/729/710
f 613/740/721 614/741/722 604/731/712
f 612/739/720 611/738/719 615/742/723
f 606/733/714 616/743/724 617/744/725
f 606/733/714 618/745/726 616/743/724
f 606/733/714 605/732/713 618/745/726
f 605/732/713 619/746/727 618/745/726
f 607/734/715 619/746/727 605/732/713
f 607/734/715 620/747/728 619/746/727
f 606/733/714 617/748/725 598/749/706
f 598/728/706 617/744/725 621/750/729
f 598/751/706 621/750/729 591/717/699
f 621/750/729 617/752/725 622/753/730
f 577/703/685 623/754/731 624/755/732
f 577/703/685 624/755/732 588/714/696
f 624/755/732 625/756/733 588/714/696
f 588/714/696 625/756/733 589/715/697
f 626/757/734 589/715/697 625/756/733
f 627/758/735 589/715/697 626/757/734
f 626/757/734 628/759/736 627/758/735
f 629/760/737 627/758/735 628/759/736
f 628/759/736 630/761/738 629/760/737
f 631/762/739 629/760/737 630/761/738
f 630/761/738 632/763/740 631/762/739
f 633/764/741 631/762/739 632/763/740
f 632/763/740 634/765/742 633/764/741
f 635/766/743 634/765/742 632/763/740
f 635/766/743 636/767/744 634/765/742
f 635/766/743 614/741/722 636/767/744
f 635/766/743 604/731/712 614/741/722
f 635/766/743 603/730/711 604/731/712
f 630/761/738 637/768/745 632/763/740
f 638/769/746 632/763/740 637/768/745
f 632/763/740 638/769/746 635/766/743
f 639/770/747 628/759/736 640/771/748
f 628/759/736 626/757/734 640/771/748
f 639/770/747 630/761/738 628/759/736
f 639/770/747 641/772/749 630/761/738
f 637/768/745 630/761/738 641/772/749
f 637/768/745 641/772/749 642/773/750
f 642/773/750 638/769/746 637/768/745
f 642/773/750 643/774/751 638/769/746
f 644/775/752 643/774/751 642/773/750
f 644/775/752 642/773/750 645/776/753
f 642/773/750 646/777/754 645/776/753
f 641/772/749 646/777/754 642/773/750
f 641/772/749 647/778/755 646/777/754
f 641/772/749 648/779/756 647/778/755
f 639/770/747 648/779/756 641/772/749
f 648/779/756 639/770/747 621/780/729
f 640/771/748 621/780/729 639/770/747
f 640/771/748 591/781/699 621/780/729
f 591/781/699 640/771/748 626/757/734
f 591/781/699 626/757/734 590/782/698
f 621/780/729 649/783/757 648/779/756
f 621/780/729 622/784/730 649/783/757
f 650/785/758 590/782/698 626/757/734
f 650/785/758 626/757/734 651/786/759
f 650/785/758 651/786/759 652/787/760
f 651/786/759 653/788/761 652/787/760
f 654/789/762 652/787/760 653/788/761
f 654/789/762 653/788/761 655/790/763
f 654/789/762 655/790/763 534/791/764
f 655/790/763 533/792/765 534/791/764
f 655/790/763 531/793/766 533/792/765
f 656/794/767 655/790/763 653/788/761
f 534/791/764 566/795/674 565/796/673
f 534/791/764 565/796/673 654/789/762
f 568/797/676 654/789/762 565/796/673
f 568/797/676 652/787/760 654/789/762
f 574/798/682 652/787/760 568/797/676
f 573/799/681 652/787/760 574/798/682
f 573/799/681 650/785/758 652/787/760
f 657/800/768 658/801/769 653/788/761
f 653/788/761 658/801/769 659/802/770
f 660/803/771 659/802/770 658/801/769
f 660/803/771 661/804/772 662/805/773
f 623/754/731 661/804/772 660/803/771
f 660/803/771 658/801/769 623/754/731
f 658/801/769 624/755/732 623/754/731
f 658/801/769 657/800/768 624/755/732
f 624/755/732 657/800/768 625/756/733
f 657/800/768 653/788/761 625/756/733
f 653/788/761 651/786/759 625/756/733
f 625/756/733 651/786/759 626/757/734
f 653/788/761 659/802/770 656/794/767
f 655/790/763 656/794/767 659/802/770
f 655/790/763 659/802/770 663/806/774
f 655/790/763 663/806/774 531/793/766
f 531/793/766 663/806/774 664/807/775
f 664/807/775 532/808/776 531/793/766
f 532/808/776 664/807/775 665/809/777
f 665/809/777 553/810/778 532/808/776
f 552/678/671 553/810/778 665/809/777
f 552/678/671 665/809/777 562/675/668
f 662/805/773 562/675/668 665/809/777
f 564/679/672 562/675/668 662/805/773
f 564/679/672 662/805/773 567/688/675
f 575/701/683 567/688/675 662/805/773
f 661/804/772 575/701/683 662/805/773
f 661/804/772 576/702/684 575/701/683
f 623/754/731 576/702/684 661/804/772
f 577/703/685 576/702/684 623/754/731
f 663/806/774 666/811/779 664/807/775
f 659/802/770 666/811/779 663/806/774
f 659/802/770 660/803/780 666/811/779
f 666/811/779 660/803/780 664/807/775
f 665/809/777 664/807/775 660/803/780
f 660/803/780 662/805/773 665/809/777
f 667/812/781 668/813/782 669/814/783
f 670/162/784 668/813/782 667/812/781
f 671/160/785 668/813/782 670/162/784
f 670/162/784 672/161/786 671/160/785
f 672/161/786 673/159/787 671/160/785
f 673/159/787 674/157/788 671/160/785
f 670/162/784 675/166/789 672/161/786
f 676/169/790 677/168/791 678/170/792
f 677/168/791 679/172/793 678/170/792
f 677/168/791 680/171/794 679/172/793
f 679/172/793 680/171/794 681/187/795
f 681/187/795 682/186/796 679/172/793
f 682/186/796 681/187/795 683/188/797
f 683/188/797 684/815/798 682/186/796
f 683/188/797 685/816/799 684/815/798
f 685/816/799 686/817/800 684/815/798
f 685/816/799 687/818/801 686/817/800
f 688/179/802 686/817/800 687/818/801
f 688/179/802 687/818/801 689/180/803
f 689/180/803 674/157/788 688/179/802
f 689/180/803 690/181/804 674/157/788
f 690/181/804 671/160/785 674/157/788
f 690/181/804 691/182/805 671/160/785
f 691/182/805 668/813/782 671/160/785
f 691/182/805 692/819/806 668/813/782
f 684/815/798 686/817/800 693/820/807
f 694/821/808 684/815/798 693/820/807
f 682/186/796 684/815/798 694/821/808
f 694/821/808 679/172/793 682/186/796
f 678/170/792 695/190/809 696/191/810
f 679/172/793 695/190/809 678/170/792
f 679/172/793 697/822/811 695/190/809
f 694/821/808 697/822/811 679/172/793
f 694/821/808 698/823/812 697/822/811
f 694/821/808 693/820/807 698/823/812
f 699/194/813 698/823/812 693/820/807
f 699/194/813 693/820/807 700/195/814
f 700/195/814 693/820/807 686/817/800
f 700/195/814 686/817/800 688/179/802
f 688/179/802 701/196/815 700/195/814
f 688/179/802 702/154/816 701/196/815
f 688/179/802 674/157/788 702/154/816
f 703/155/817 702/154/816 674/157/788
f 703/155/817 674/157/788 704/156/818
f 704/156/818 674/157/788 673/159/787
f 704/156/818 673/159/787 705/158/819
f 700/195/814 701/196/815 706/197/820
f 697/822/811 707/824/821 695/190/809
f 707/824/821 697/822/811 698/823/812
f 708/193/822 707/824/821 698/823/812
f 708/193/822 698/823/812 699/194/813
f 707/824/821 708/193/822 695/190/809
f 709/825/823 710/128/824 711/149/825
f 712/826/826 710/128/824 709/825/823
f 712/826/826 713/124/827 710/128/824
f 714/127/828 715/827/829 716/114/830
f 717/113/831 716/114/830 715/827/829
f 715/827/829 718/828/832 717/113/831
f 718/828/832 713/124/827 717/113/831
f 668/813/782 717/113/831 713/124/827
f 668/813/782 713/124/827 712/826/826
f 712/826/826 669/814/783 668/813/782
f 669/814/783 712/826/826 709/825/823
f 669/814/783 709/825/823 719/164/833
f 720/829/834 719/164/833 709/825/823
f 721/165/835 719/164/833 720/829/834
f 720/829/834 722/199/836 721/165/835
f 723/198/837 721/165/835 722/199/836
f 696/191/810 723/198/837 722/199/836
f 722/199/836 724/200/838 696/191/810
f 678/170/792 696/191/810 724/200/838
f 724/200/838 725/167/839 678/170/792
f 676/169/790 678/170/792 725/167/839
f 726/116/840 716/114/830 727/115/841
f 716/114/830 717/113/831 727/115/841
f 728/120/842 729/121/843 730/122/843
f 728/120/842 730/122/843 726/116/840
f 728/120/842 726/116/840 727/115/841
f 731/119/844 728/120/842 727/115/841
f 732/117/845 731/119/844 727/115/841
f 733/118/846 732/117/845 727/115/841
f 692/819/806 717/113/831 668/813/782
f 692/819/806 734/130/847 717/113/831
f 734/130/847 727/115/841 717/113/831
f 734/130/847 735/131/848 727/115/841
f 735/131/848 736/830/849 727/115/841
f 727/115/841 736/830/849 733/118/846
f 733/118/846 736/830/849 737/133/850
f 738/135/851 737/133/850 736/830/849
f 738/135/851 736/830/849 739/134/852
f 740/137/853 738/135/851 739/134/852
f 740/137/853 739/134/852 741/136/854
f 740/137/853 741/136/854 742/138/855
f 743/151/856 742/138/855 741/136/854
f 743/151/856 711/149/825 742/138/855
f 743/151/856 744/150/857 711/149/825
f 744/150/857 745/831/858 711/149/825
f 709/825/823 711/149/825 745/831/858
f 720/829/834 709/825/823 745/831/858
f 743/151/856 741/136/854 746/152/859
f 741/136/854 747/142/860 746/152/859
f 747/142/860 741/136/854 748/140/861
f 739/134/852 748/140/861 741/136/854
f 748/140/861 739/134/852 736/830/849
f 749/153/862 746/152/859 747/142/860
f 750/832/863 751/833/864 752/834/865
f 752/834/865 751/833/864 753/835/866
f 753/835/866 751/833/864 754/836/867
f 748/140/868 753/835/866 754/836/867
f 748/140/868 754/836/867 747/142/869
f 747/142/869 754/836/867 749/153/862
f 754/836/867 755/837/870 749/153/862
f 756/838/871 749/153/862 755/837/870
f 736/830/872 753/835/866 748/140/868
f 736/830/872 752/834/865 753/835/866
f 757/839/873 754/836/867 751/833/864
f 757/839/873 755/837/870 754/836/867
f 560/840/665 555/841/658 559/842/662
f 560/840/665 556/843/659 555/841/658
f 561/844/666 556/843/659 560/840/665
f 561/844/666 558/845/661 556/843/659
f 512/846/667 558/845/661 561/844/666
f 512/846/667 557/847/660 558/845/661
f 758/848/874 528/849/627 759/850/875
f 758/848/874 529/851/628 528/849/627
f 566/852/876 529/851/628 758/848/874
f 566/852/876 534/853/633 529/851/628
f 554/854/656 566/852/876 758/848/874
f 554/854/656 758/848/874 551/855/653
f 758/848/874 550/856/652 551/855/653
f 758/848/874 759/850/875 550/856/652
f 550/856/652 759/850/875 760/857/877
f 760/857/877 759/850/875 528/849/627
f 760/857/877 528/849/627 527/858/626
f 760/857/877 527/858/626 526/666/625
f 557/669/878 760/857/877 526/666/625
f 760/857/877 557/669/878 761/859/879
f 550/856/652 760/857/877 761/859/879
f 550/856/652 761/859/879 762/860/880
f 762/860/880 549/861/651 550/856/652
f 540/862/641 549/861/651 762/860/880
f 762/860/880 506/863/642 540/862/641
f 762/860/880 761/859/879 506/863/642
f 763/864/881 764/865/882 765/866/883
f 763/864/881 766/867/884 764/865/882
f 766/867/884 689/868/885 764/865/882
f 766/867/884 690/869/886 689/868/885
f 766/867/884 691/870/887 690/869/886
f 766/867/884 767/871/888 691/870/887
f 691/870/887 767/871/888 768/872/889
f 769/873/890 768/872/889 767/871/888
f 763/864/881 769/873/890 767/871/888
f 763/864/881 767/871/888 766/867/884
f 691/870/887 768/872/889 692/874/891
f 768/872/889 734/875/892 692/874/891
f 770/876/893 771/877/894 769/873/890
f 770/876/893 769/873/890 763/864/881
f 772/878/895 770/876/893 763/864/881
f 772/878/895 763/864/881 765/866/883
f 765/866/883 773/879/896 772/878/895
f 765/866/883 774/880/897 773/879/896
f 764/865/882 774/880/897 765/866/883
f 764/865/882 775/881/898 774/880/897
f 689/868/885 775/881/898 764/865/882
f 689/868/885 687/882/899 775/881/898
f 776/883/900 775/881/898 687/882/899
f 776/883/900 687/882/899 685/884/901
f 774/880/897 775/881/898 776/883/900
f 683/885/902 681/886/795 777/887/903
f 777/887/903 778/888/904 683/885/902
f 778/888/904 685/884/901 683/885/902
f 778/888/904 776/883/900 685/884/901
f 776/883/900 778/888/904 779/889/905
f 774/880/897 776/883/900 779/889/905
f 780/890/906 774/880/897 779/889/905
f 780/890/906 773/879/896 774/880/897
f 773/879/896 780/890/906 676/891/790
f 676/891/790 725/892/839 773/879/896
f 725/892/839 772/878/895 773/879/896
f 725/892/839 724/893/838 772/878/895
f 724/893/838 770/876/893 772/878/895
f 724/893/838 722/894/836 770/876/893
f 722/894/836 720/895/834 770/876/893
f 770/876/893 720/895/834 771/877/894
f 771/877/894 720/895/834 745/896/858
f 771/877/894 745/896/858 781/897/907
f 779/889/905 782/898/908 780/890/906
f 782/898/908 779/889/905 778/888/904
f 778/888/904 777/887/903 782/898/908
f 771/877/894 781/897/907 783/899/909
f 781/897/907 784/900/910 783/899/909
f 783/899/909 784/900/910 785/901/911
f 784/900/910 786/902/912 785/901/911
f 784/900/910 787/903/913 786/902/912
f 787/903/913 788/904/914 786/902/912
f 787/903/913 789/905/915 788/904/914
f 781/897/907 790/906/916 784/900/910
f 790/906/916 787/903/913 784/900/910
f 790/906/916 791/907/917 787/903/913
f 791/907/917 789/905/915 787/903/913
f 791/907/917 792/908/918 789/905/915
f 792/908/918 793/909/919 789/905/915
f 794/910/920 789/905/915 793/909/919
f 789/905/915 794/910/920 788/904/914
f 795/911/921 788/904/914 794/910/920
f 788/904/914 795/911/921 736/912/922
f 735/913/923 788/904/914 736/912/922
f 735/913/923 786/902/912 788/904/914
f 734/875/892 786/902/912 735/913/923
f 734/875/892 785/901/911 786/902/912
f 768/872/889 785/901/911 734/875/892
f 783/899/909 785/901/911 768/872/889
f 769/873/890 783/899/909 768/872/889
f 771/877/894 783/899/909 769/873/890
f 781/897/907 745/896/858 744/914/857
f 781/897/907 744/914/857 790/906/916
f 790/906/916 744/914/857 743/915/856
f 790/906/916 743/915/856 791/907/917
f 743/915/856 746/916/859 791/907/917
f 791/907/917 746/916/859 792/908/918
f 746/916/859 749/917/862 792/908/918
f 749/917/862 796/918/924 792/908/918
f 792/908/918 796/918/924 793/909/919
f 797/919/925 793/909/919 796/918/924
f 793/909/919 797/919/925 794/910/920
f 797/919/925 798/920/926 794/910/920
f 794/910/920 798/920/926 795/911/921
f 798/920/926 750/921/863 795/911/921
f 795/911/921 750/921/863 752/922/865
f 752/922/865 736/912/872 795/911/921
f 749/917/862 756/923/871 796/918/924
f 799/924/927 800/925/928 706/111/929
f 701/112/930 799/924/927 706/111/929
f 702/109/931 799/924/927 701/112/930
f 702/109/931 801/926/932 799/924/927
f 703/110/933 801/926/932 702/109/931
f 703/110/933 802/927/934 801/926/932
f 802/927/934 703/110/933 706/111/929
f 802/927/934 706/111/929 800/925/928
f 800/925/928 801/926/932 802/927/934
f 800/925/928 799/924/927 801/926/932
f 675/112/935 803/928/936 804/929/937
f 675/112/935 804/929/937 672/111/938
f 672/111/938 804/929/937 805/930/939
f 672/111/938 805/930/939 673/110/940
f 673/110/940 805/930/939 705/109/941
f 805/930/939 806/931/942 705/109/941
f 803/928/936 705/109/941 806/931/942
f 806/931/942 804/929/937 803/928/936
f 806/931/942 805/930/939 804/929/937
f 803/928/936 675/112/935 705/109/941
f 573/695/681 571/932/679 650/933/758
f 590/716/698 650/933/758 571/932/679
f 713/82/943 807/99/944 710/83/945
f 715/934/946 808/935/947 718/936/948
f 809/937/949 718/936/948 808/935/947
f 718/936/948 809/937/949 713/82/943
f 810/938/950 713/82/943 809/937/949
f 713/82/943 810/938/950 807/99/944
f 807/99/944 810/938/950 811/939/951
f 807/99/944 811/939/951 812/100/952
f 811/939/951 813/940/953 812/100/952
f 811/939/951 814/941/954 813/940/953
f 815/942/955 814/941/954 811/939/951
f 815/942/955 816/943/956 814/941/954
f 817/79/957 816/943/956 815/942/955
f 817/79/957 815/942/955 808/935/947
f 815/942/955 809/937/949 808/935/947
f 811/939/951 809/937/949 815/942/955
f 811/939/951 810/938/950 809/937/949
f 710/83/945 807/99/944 711/98/958
f 818/97/959 711/98/958 807/99/944
f 818/97/959 807/99/944 812/100/952
f 812/100/952 819/95/960 818/97/959
f 812/100/952 813/940/953 819/95/960
f 813/940/953 820/944/961 819/95/960
f 814/941/954 820/944/961 813/940/953
f 814/941/954 821/945/962 820/944/961
f 816/943/956 821/945/962 814/941/954
f 816/943/956 737/90/963 821/945/962
f 817/79/957 737/90/963 816/943/956
f 817/79/957 733/89/964 737/90/963
f 733/89/964 817/79/957 732/88/965
f 732/88/965 817/79/957 729/87/966
f 729/87/966 817/79/957 730/86/967
f 730/86/967 817/79/957 714/85/968
f 714/85/968 817/79/957 715/934/946
f 808/935/947 715/934/946 817/79/957
f 738/92/969 821/945/962 737/90/963
f 740/94/970 821/945/962 738/92/969
f 740/94/970 820/944/961 821/945/962
f 820/944/961 740/94/970 742/96/971
f 820/944/961 742/96/971 819/95/960
f 819/95/960 742/96/971 711/98/958
f 819/95/960 711/98/958 818/97/959
f 822/946/972 823/947/973 824/948/974
f 822/946/972 825/949/975 823/947/973
f 826/950/976 823/947/973 825/949/975
f 827/951/977 826/950/976 825/949/975
f 827/951/977 825/949/975 828/952/978
f 825/949/975 829/953/979 828/952/978
f 825/949/975 822/946/972 829/953/979
f 830/954/980 829/953/979 822/946/972
f 830/954/980 822/946/972 824/948/974
f 830/954/980 831/955/981 829/953/979
f 832/956/982 833/957/983 834/958/984
f 832/956/982 834/958/984 835/959/985
f 836/960/986 832/956/982 835/959/985
f 836/960/986 835/959/985 837/961/987
f 838/962/988 836/960/986 837/961/987
f 827/951/977 838/962/988 837/961/987
f 827/951/977 839/963/989 838/962/988
f 839/963/989 827/951/977 828/952/978
f 839/963/989 828/952/978 840/964/990
f 828/952/978 841/965/991 840/964/990
f 828/952/978 829/953/979 841/965/991
f 829/953/979 842/966/992 841/965/991
f 829/953/979 831/955/981 842/966/992
f 842/966/992 831/955/981 843/967/993
f 831/955/981 830/954/980 843/967/993
f 844/968/994 843/967/993 830/954/980
f 830/954/980 824/948/974 844/968/994
f 844/968/994 824/948/974 845/969/995
f 842/966/992 843/967/993 846/970/996
f 836/960/986 847/971/997 848/972/998
f 836/960/986 849/973/999 847/971/997
f 836/960/986 838/962/988 849/973/999
f 844/968/994 850/974/1000 843/967/993
f 850/974/1000 846/970/996 843/967/993
f 850/974/1000 851/975/1001 846/970/996
f 852/976/1002 851/975/1001 850/974/1000
f 852/976/1002 850/974/1000 844/968/994
f 844/968/994 845/969/995 852/976/1002
f 849/973/999 853/977/1003 854/978/1004
f 849/973/999 854/978/1004 847/971/997
f 847/971/997 854/978/1004 855/979/1005
f 855/979/1005 848/972/998 847/971/997
f 855/979/1005 856/980/1006 848/972/998
f 848/972/998 856/980/1006 857/981/1007
f 856/980/1006 858/982/1008 857/981/1007
f 857/981/1007 858/982/1008 859/983/1009
f 860/984/1010 859/983/1009 858/982/1008
f 860/984/1010 858/982/1008 861/985/1011
f 862/986/1012 860/984/1010 861/985/1011
f 861/985/1011 863/987/1013 862/986/1012
f 864/988/1014 862/986/1012 863/987/1013
f 864/988/1014 863/987/1013 865/989/1015
f 865/989/1015 866/990/1016 864/988/1014
f 865/989/1015 867/991/1017 866/990/1016
f 866/990/1016 867/991/1017 868/992/1018
f 869/993/1019 868/992/1018 867/991/1017
f 869/993/1019 870/994/1020 868/992/1018
f 870/994/1020 871/995/1021 868/992/1018
f 871/995/1021 866/990/1016 868/992/1018
f 871/995/1021 872/996/1022 866/990/1016
f 866/990/1016 872/996/1022 873/997/1023
f 866/990/1016 873/997/1023 864/988/1014
f 873/997/1023 862/986/1012 864/988/1014
f 873/997/1023 874/998/1024 862/986/1012
f 862/986/1012 874/998/1024 860/984/1010
f 875/999/1025 876/1000/1026 877/1001/1027
f 877/1001/1027 876/1000/1026 878/1002/1028
f 877/1001/1027 878/1002/1028 879/1003/1029
f 879/1003/1029 880/1004/1030 877/1001/1027
f 879/1003/1029 881/1005/1031 880/1004/1030
f 881/1005/1031 854/978/1004 880/1004/1030
f 881/1005/1031 882/1006/1032 854/978/1004
f 882/1006/1032 855/979/1005 854/978/1004
f 882/1006/1032 856/980/1006 855/979/1005
f 883/1007/1033 856/980/1006 882/1006/1032
f 856/980/1006 883/1007/1033 858/982/1008
f 883/1007/1033 884/1008/1034 858/982/1008
f 884/1008/1034 861/985/1011 858/982/1008
f 884/1008/1034 885/1009/1035 861/985/1011
f 861/985/1011 885/1009/1035 863/987/1013
f 863/987/1013 885/1009/1035 886/1010/1036
f 863/987/1013 886/1010/1036 887/1011/1037
f 863/987/1013 887/1011/1037 865/989/1015
f 867/991/1017 865/989/1015 887/1011/1037
f 867/991/1017 887/1011/1037 869/993/1019
f 885/1009/1035 884/1008/1034 886/1010/1036
f 877/1001/1027 880/1004/1030 875/999/1025
f 880/1004/1030 854/978/1004 875/999/1025
f 888/1012/1038 889/1013/1039 890/1014/1040
f 890/1014/1040 889/1013/1039 878/1002/1028
f 878/1002/1028 889/1013/1039 891/1015/1041
f 892/1016/1042 891/1015/1041 889/1013/1039
f 892/1016/1042 893/1017/1043 891/1015/1041
f 892/1016/1042 884/1008/1034 893/1017/1043
f 884/1008/1034 883/1007/1033 893/1017/1043
f 881/1005/1031 893/1017/1043 883/1007/1033
f 881/1005/1031 883/1007/1033 882/1006/1032
f 892/1016/1042 889/1013/1039 888/1012/1038
f 878/1002/1028 891/1015/1041 879/1003/1029
f 891/1015/1041 881/1005/1031 879/1003/1029
f 891/1015/1041 893/1017/1043 881/1005/1031
f 894/1018/1044 895/1019/1045 896/1020/1046
f 894/1018/1044 896/1020/1046 897/1021/1047
f 898/1022/1048 894/1018/1044 897/1021/1047
f 898/1022/1048 897/1021/1047 899/1023/1049
f 899/1023/1049 900/1024/1050 898/1022/1048
f 901/1025/1051 900/1024/1050 899/1023/1049
f 901/1025/1051 902/1026/1052 900/1024/1050
f 900/1024/1050 902/1026/1052 888/1012/1038
f 900/1024/1050 888/1012/1038 890/1014/1040
f 900/1024/1050 890/1014/1040 903/1027/1053
f 890/1014/1040 878/1002/1028 903/1027/1053
f 878/1002/1028 904/1028/1054 903/1027/1053
f 878/1002/1028 876/1000/1026 904/1028/1054
f 904/1028/1054 876/1000/1026 905/1029/1055
f 875/999/1025 905/1029/1055 876/1000/1026
f 905/1029/1055 875/999/1025 906/1030/1056
f 875/999/1025 853/977/1003 906/1030/1056
f 875/999/1025 854/978/1004 853/977/1003
f 900/1024/1050 903/1027/1053 898/1022/1048
f 903/1027/1053 894/1018/1044 898/1022/1048
f 903/1027/1053 904/1028/1054 894/1018/1044
f 894/1018/1044 904/1028/1054 895/1019/1045
f 904/1028/1054 905/1029/1055 895/1019/1045
f 907/1031/1057 908/1032/1058 909/1033/1059
f 907/1031/1057 910/1034/1060 908/1032/1058
f 911/1035/1061 908/1032/1058 910/1034/1060
f 912/1036/1062 911/1035/1061 910/1034/1060
f 910/1034/1060 913/1037/1063 912/1036/1062
f 914/1038/1064 912/1036/1062 913/1037/1063
f 915/1039/1065 912/1036/1062 914/1038/1064
f 845/1040/995 907/1031/1057 852/1041/1002
f 845/1040/995 910/1034/1060 907/1031/1057
f 910/1034/1060 845/1040/995 913/1037/1063
f 909/1033/1059 841/1042/991 842/1043/992
f 842/1043/992 907/1031/1057 909/1033/1059
f 842/1043/992 916/1044/1066 907/1031/1057
f 852/1041/1002 907/1031/1057 916/1044/1066
f 852/1041/1002 916/1044/1066 851/1045/1001
f 851/1045/1001 916/1044/1066 846/1046/996
f 916/1044/1066 842/1043/992 846/1046/996
f 796/1047/1067 917/1048/1068 797/1049/1069
f 797/1049/1069 917/1048/1068 918/1050/1070
f 797/1049/1069 918/1050/1070 798/1051/1071
f 918/1050/1070 919/1052/1072 798/1051/1071
f 798/1051/1071 919/1052/1072 920/1053/1073
f 921/1054/1074 920/1053/1073 919/1052/1072
f 921/1054/1074 919/1052/1072 922/1055/1075
f 915/1039/1065 921/1054/1074 922/1055/1075
f 915/1039/1065 922/1055/1075 923/1056/1076
f 915/1039/1065 923/1056/1076 912/1036/1062
f 924/1057/1077 912/1036/1062 923/1056/1076
f 924/1057/1077 911/1035/1061 912/1036/1062
f 925/1058/1078 911/1035/1061 924/1057/1077
f 911/1035/1061 925/1058/1078 908/1032/1058
f 925/1058/1078 839/1059/989 908/1032/1058
f 839/1059/989 840/1060/990 908/1032/1058
f 909/1033/1059 908/1032/1058 840/1060/990
f 909/1033/1059 840/1060/990 841/1042/991
f 922/1055/1075 918/1050/1070 926/1061/1079
f 922/1055/1075 919/1052/1072 918/1050/1070
f 798/1051/1071 920/1053/1073 750/1062/1080
f 923/1056/1076 922/1055/1075 926/1061/1079
f 923/1056/1076 926/1061/1079 924/1057/1077
f 926/1061/1079 927/1063/1081 924/1057/1077
f 918/1050/1070 927/1063/1081 926/1061/1079
f 918/1050/1070 928/1064/1082 927/1063/1081
f 917/1048/1068 928/1064/1082 918/1050/1070
f 917/1048/1068 929/1065/1083 928/1064/1082
f 929/1065/1083 930/1066/1084 928/1064/1082
f 931/1067/1085 930/1066/1084 929/1065/1083
f 931/1067/1085 932/1068/1086 930/1066/1084
f 931/1067/1085 933/1069/1087 932/1068/1086
f 933/1069/1087 934/1070/1088 932/1068/1086
f 935/1071/1089 932/1068/1086 934/1070/1088
f 936/1072/1090 935/1071/1089 934/1070/1088
f 936/1072/1090 937/1073/1091 935/1071/1089
f 938/1074/1092 937/1073/1091 936/1072/1090
f 939/1075/1093 929/1065/1083 917/1048/1068
f 939/1075/1093 931/1067/1085 929/1065/1083
f 940/1076/1094 941/1077/1095 942/1078/1096
f 940/1076/1094 942/1078/1096 943/1079/1097
f 938/1074/1092 943/1079/1097 942/1078/1096
f 938/1074/1092 944/1080/1098 943/1079/1097
f 938/1074/1092 936/1072/1090 944/1080/1098
f 945/1081/1099 944/1080/1098 936/1072/1090
f 934/1070/1088 945/1081/1099 936/1072/1090
f 934/1070/1088 946/1082/1100 945/1081/1099
f 933/1069/1087 946/1082/1100 934/1070/1088
f 933/1069/1087 947/1083/1101 946/1082/1100
f 948/1084/1102 947/1083/1101 933/1069/1087
f 949/1085/1103 948/1084/1102 933/1069/1087
f 949/1085/1103 933/1069/1087 931/1067/1085
f 950/1086/1104 949/1085/1103 931/1067/1085
f 950/1086/1104 931/1067/1085 939/1075/1093
f 756/1087/1105 950/1086/1104 939/1075/1093
f 756/1087/1105 939/1075/1093 796/1047/1067
f 796/1047/1067 939/1075/1093 917/1048/1068
f 945/1081/1099 951/1088/1106 944/1080/1098
f 943/1079/1097 944/1080/1098 951/1088/1106
f 943/1079/1097 951/1088/1106 952/1089/1107
f 943/1079/1097 952/1089/1107 940/1076/1094
f 953/1090/1108 954/1091/1109 955/1092/1110
f 953/1090/1108 956/1093/1111 957/1094/1112
f 953/1090/1108 955/1092/1110 956/1093/1111
f 955/1092/1110 958/1095/1113 956/1093/1111
f 955/1092/1110 959/1096/1114 958/1095/1113
f 959/1096/1114 960/1097/1115 958/1095/1113
f 959/1096/1114 961/1098/1116 960/1097/1115
f 961/1098/1116 962/1099/1117 960/1097/1115
f 963/1100/1118 962/1099/1117 961/1098/1116
f 667/1101/1119 962/1099/1117 963/1100/1118
f 667/1101/1119 963/1100/1118 670/1102/1120
f 964/1103/1121 670/1102/1120 963/1100/1118
f 965/1104/1122 670/1102/1120 964/1103/1121
f 965/1104/1122 964/1103/1121 963/1100/1118
f 965/1104/1122 963/1100/1118 966/1105/1123
f 966/1105/1123 963/1100/1118 959/1096/1114
f 955/1092/1110 966/1105/1123 959/1096/1114
f 955/1092/1110 967/1106/1124 966/1105/1123
f 955/1092/1110 954/1091/1109 967/1106/1124
f 961/1098/1116 959/1096/1114 963/1100/1118
f 956/1093/1111 968/1107/1125 957/1094/1112
f 956/1093/1111 958/1095/1113 968/1107/1125
f 958/1095/1113 969/1108/1126 968/1107/1125
f 958/1095/1113 960/1097/1115 969/1108/1126
f 708/1109/1127 699/1110/1128 967/1106/1124
f 967/1106/1124 699/1110/1128 970/1111/1129
f 967/1106/1124 970/1111/1129 966/1105/1123
f 966/1105/1123 970/1111/1129 971/1112/1130
f 971/1112/1130 965/1104/1122 966/1105/1123
f 971/1112/1130 704/1113/1131 965/1104/1122
f 705/1114/1132 965/1104/1122 704/1113/1131
f 675/1115/1133 965/1104/1122 705/1114/1132
f 965/1104/1122 675/1115/1133 670/1102/1120
f 704/1113/1131 971/1112/1130 703/1116/1134
f 703/1116/1134 971/1112/1130 706/1117/1135
f 706/1117/1135 971/1112/1130 970/1111/1129
f 970/1111/1129 700/1118/1136 706/1117/1135
f 700/1118/1136 970/1111/1129 699/1110/1128
f 708/1109/1127 967/1106/1124 954/1091/1109
f 953/1090/1108 708/1109/1127 954/1091/1109
f 953/1090/1108 695/1119/1137 708/1109/1127
f 957/1094/1112 695/1119/1137 953/1090/1108
f 957/1094/1112 696/1120/1138 695/1119/1137
f 968/1107/1125 696/1120/1138 957/1094/1112
f 968/1107/1125 723/1121/1139 696/1120/1138
f 969/1108/1126 723/1121/1139 968/1107/1125
f 969/1108/1126 721/1122/1140 723/1121/1139
f 960/1097/1115 721/1122/1140 969/1108/1126
f 960/1097/1115 719/1123/1141 721/1122/1140
f 962/1099/1117 719/1123/1141 960/1097/1115
f 962/1099/1117 669/1124/1142 719/1123/1141
f 667/1101/1119 669/1124/1142 962/1099/1117
f 972/1125/1143 973/1126/1144 974/1127/1145
f 975/1128/1146 974/1127/1145 973/1126/1144
f 824/948/974 913/1129/1063 845/969/995
f 824/948/974 823/947/973 913/1129/1063
f 975/1128/1146 913/1129/1063 823/947/973
f 826/950/976 975/1128/1146 823/947/973
f 975/1128/1146 826/950/976 974/1127/1145
f 974/1127/1145 826/950/976 827/951/977
f 974/1127/1145 827/951/977 837/961/987
f 835/959/985 974/1127/1145 837/961/987
f 972/1125/1143 974/1127/1145 835/959/985
f 835/959/985 920/1130/1073 972/1125/1143
f 920/1130/1073 921/1131/1074 972/1125/1143
f 972/1125/1143 921/1131/1074 915/1132/1065
f 972/1125/1143 915/1132/1065 973/1126/1144
f 973/1126/1144 915/1132/1065 914/1133/1064
f 973/1126/1144 914/1133/1064 975/1128/1146
f 975/1128/1146 914/1133/1064 913/1129/1063
f 835/959/985 834/958/984 920/1130/1073
f 750/1134/1080 920/1130/1073 834/958/984
f 750/1134/1080 834/958/984 751/1135/864
f 834/958/984 976/1136/1147 751/1135/864
f 834/958/984 977/1137/1148 976/1136/1147
f 976/1136/1147 977/1137/1148 978/1138/1149
f 977/1137/1148 979/1139/1150 978/1138/1149
f 978/1138/1149 979/1139/1150 980/1140/1151
f 979/1139/1150 981/1141/1152 980/1140/1151
f 980/1140/1151 981/1141/1152 947/1142/1101
f 982/1143/1153 947/1142/1101 981/1141/1152
f 982/1143/1153 946/1144/1100 947/1142/1101
f 983/1145/1154 946/1144/1100 982/1143/1153
f 983/1145/1154 945/1146/1099 946/1144/1100
f 945/1146/1099 983/1145/1154 984/1147/1155
f 985/1148/1156 945/1146/1099 984/1147/1155
f 985/1148/1156 984/1147/1155 986/1149/1157
f 985/1148/1156 986/1149/1157 987/1150/1158
f 757/1151/873 751/1135/864 976/1136/1147
f 757/1151/873 976/1136/1147 988/1152/1159
f 976/1136/1147 978/1138/1149 988/1152/1159
f 988/1152/1159 978/1138/1149 989/1153/1160
f 978/1138/1149 980/1140/1151 989/1153/1160
f 989/1153/1160 980/1140/1151 948/1154/1102
f 980/1140/1151 947/1142/1101 948/1154/1102
f 990/1155/1161 987/1150/1158 991/1156/1162
f 990/1155/1161 985/1148/1156 987/1150/1158
f 987/1150/1158 986/1149/1157 992/1157/1163
f 987/1150/1158 992/1157/1163 993/1158/1164
f 991/1156/1162 987/1150/1158 993/1158/1164
f 991/1156/1162 993/1158/1164 994/1159/1165
f 991/1156/1162 994/1159/1165 941/1160/1095
f 941/1160/1095 990/1155/1161 991/1156/1162
f 941/1160/1095 940/1161/1094 990/1155/1161
f 952/1162/1107 990/1155/1161 940/1161/1094
f 952/1162/1107 951/1163/1106 990/1155/1161
f 951/1163/1106 985/1148/1156 990/1155/1161
f 985/1148/1156 951/1163/1106 945/1146/1099
f 755/1164/1166 950/1165/1104 756/1166/1105
f 755/1164/1166 995/1167/1167 950/1165/1104
f 757/1151/873 995/1167/1167 755/1164/1166
f 757/1151/873 988/1152/1159 995/1167/1167
f 988/1152/1159 989/1153/1160 995/1167/1167
f 995/1167/1167 989/1153/1160 949/1168/1103
f 989/1153/1160 948/1154/1102 949/1168/1103
f 995/1167/1167 949/1168/1103 950/1165/1104
f 979/1139/1150 996/1169/1168 981/1141/1152
f 996/1169/1168 982/1143/1153 981/1141/1152
f 996/1169/1168 997/1170/1169 982/1143/1153
f 997/1170/1169 983/1145/1154 982/1143/1153
f 997/1170/1169 998/1171/1170 983/1145/1154
f 984/1147/1155 983/1145/1154 998/1171/1170
f 984/1147/1155 998/1171/1170 986/1149/1157
f 992/1157/1163 986/1149/1157 998/1171/1170
f 992/1157/1163 998/1171/1170 999/1172/1171
f 998/1171/1170 997/1170/1169 999/1172/1171
f 993/1158/1172 1000/1173/1173 994/1159/1174
f 941/1160/1175 994/1159/1174 1000/1173/1173
f 941/1160/1175 1000/1173/1173 872/996/1176
f 872/996/1176 1000/1173/1173 1001/1174/1177
f 872/996/1176 1001/1174/1177 873/997/1178
f 873/997/1178 1001/1174/1177 1002/1175/1179
f 1001/1174/1177 992/1157/1180 1002/1175/1179
f 992/1157/1180 1003/1176/1181 1002/1175/1179
f 992/1157/1180 999/1172/1182 1003/1176/1181
f 997/1170/1169 1003/1176/1181 999/1172/1182
f 997/1170/1169 1004/1177/1183 1003/1176/1181
f 1004/1177/1183 997/1170/1169 996/1169/1168
f 1005/1178/1184 1004/1177/1183 996/1169/1168
f 979/1139/1150 1005/1178/1184 996/1169/1168
f 1006/1179/1185 1005/1178/1184 979/1139/1150
f 977/1137/1148 1006/1179/1185 979/1139/1150
f 833/957/983 1006/1179/1185 977/1137/1148
f 834/958/984 833/957/983 977/1137/1148
f 1001/1174/1177 993/1158/1172 992/1157/1180
f 993/1158/1172 1001/1174/1177 1000/1173/1173
f 832/956/982 836/960/986 833/957/983
f 836/960/986 848/972/998 833/957/983
f 833/957/983 848/972/998 1006/1179/1185
f 848/972/998 857/981/1007 1006/1179/1185
f 1006/1179/1185 857/981/1007 1005/1178/1184
f 857/981/1007 859/983/1009 1005/1178/1184
f 1005/1178/1184 859/983/1009 1004/1177/1183
f 859/983/1009 1003/1176/1181 1004/1177/1183
f 859/983/1009 860/984/1186 1003/1176/1181
f 874/998/1187 1003/1176/1181 860/984/1186
f 874/998/1187 1002/1175/1179 1003/1176/1181
f 873/997/1178 1002/1175/1179 874/998/1187
f 941/1160/1175 871/995/1188 1007/1180/1189
f 941/1160/1175 872/996/1176 871/995/1188
f 1008/1181/1190 941/1077/1175 1007/1182/1189
f 1008/1181/1190 942/1078/1191 941/1077/1175
f 871/1183/1188 1009/1184/1192 1007/1182/1189
f 1009/1184/1192 1008/1181/1190 1007/1182/1189
f 1010/1185/1193 1008/1181/1190 1009/1184/1192
f 1010/1185/1193 1011/1186/1194 1008/1181/1190
f 1011/1186/1194 942/1078/1191 1008/1181/1190
f 942/1078/1191 1011/1186/1194 1012/1187/1195
f 942/1078/1191 1012/1187/1195 938/1074/1196
f 1012/1187/1195 937/1073/1197 938/1074/1196
f 1012/1187/1195 1013/1188/1198 937/1073/1197
f 1013/1188/1198 935/1071/1089 937/1073/1197
f 1013/1188/1198 1014/1189/1199 935/1071/1089
f 932/1068/1086 935/1071/1089 1014/1189/1199
f 932/1068/1086 1014/1189/1199 930/1066/1084
f 930/1066/1084 1014/1189/1199 1015/1190/1200
f 930/1066/1084 1015/1190/1200 1016/1191/1201
f 1015/1190/1200 1017/1192/1202 1016/1191/1201
f 1016/1191/1201 1017/1192/1202 1018/1193/1203
f 1019/1194/1204 1018/1193/1203 1017/1192/1202
f 1010/1185/1193 1012/1187/1195 1011/1186/1194
f 1010/1185/1193 1020/1195/1205 1012/1187/1195
f 1021/1196/1206 1012/1187/1195 1020/1195/1205
f 1021/1196/1206 1013/1188/1198 1012/1187/1195
f 1015/1190/1200 1013/1188/1198 1021/1196/1206
f 1015/1190/1200 1014/1189/1199 1013/1188/1198
f 1017/1192/1202 1015/1190/1200 1021/1196/1207
f 886/1197/1036 1018/1193/1203 1019/1194/1204
f 887/1198/1037 886/1197/1036 1019/1194/1204
f 887/1198/1037 1019/1194/1204 1022/1199/1208
f 869/1200/1019 887/1198/1037 1022/1199/1208
f 869/1200/1019 1022/1199/1208 1023/1201/1209
f 869/1200/1019 1023/1201/1209 1024/1202/1210
f 1023/1201/1209 1025/1203/1211 1024/1202/1210
f 1024/1202/1210 1025/1203/1211 1010/1185/1212
f 1020/1195/1213 1010/1185/1212 1025/1203/1211
f 1020/1195/1213 1025/1203/1211 1026/1204/1214
f 1026/1204/1214 1021/1196/1207 1020/1195/1213
f 1026/1204/1214 1027/1205/1215 1021/1196/1207
f 1017/1192/1202 1021/1196/1207 1027/1205/1215
f 1019/1194/1204 1017/1192/1202 1027/1205/1215
f 1022/1199/1208 1019/1194/1204 1027/1205/1215
f 1022/1199/1208 1027/1205/1215 1026/1204/1214
f 1026/1204/1214 1023/1201/1209 1022/1199/1208
f 1026/1204/1214 1025/1203/1211 1023/1201/1209
f 869/1200/1019 1024/1202/1210 870/1206/1020
f 870/1206/1020 1024/1202/1210 1009/1184/1216
f 1024/1202/1210 1010/1185/1212 1009/1184/1216
f 870/1206/1020 1009/1184/1216 871/1183/1021
f 1028/1207/1217 1029/1208/1218 902/1209/1052
f 1029/1208/1218 888/1210/1038 902/1209/1052
f 1029/1208/1218 1030/1211/1219 888/1210/1038
f 888/1210/1038 1030/1211/1219 1031/1212/1220
f 888/1210/1038 1031/1212/1220 892/1213/1042
f 1032/1214/1221 892/1213/1042 1031/1212/1220
f 1032/1214/1221 884/1215/1034 892/1213/1042
f 1032/1214/1221 1018/1193/1203 884/1215/1034
f 886/1197/1036 884/1215/1034 1018/1193/1203
f 1033/1216/1222 1028/1207/1217 1034/1217/1223
f 1033/1216/1222 1029/1208/1218 1028/1207/1217
f 1033/1216/1222 1035/1218/1224 1029/1208/1218
f 1035/1218/1224 1030/1211/1219 1029/1208/1218
f 1016/1191/1201 1018/1193/1203 849/1219/999
f 849/1219/999 1018/1193/1203 1032/1214/1221
f 853/1220/1003 849/1219/999 1032/1214/1221
f 1031/1212/1220 853/1220/1003 1032/1214/1221
f 1031/1212/1220 906/1221/1056 853/1220/1003
f 906/1221/1056 1031/1212/1220 1030/1211/1219
f 906/1221/1056 1030/1211/1219 1036/1222/1225
f 1035/1218/1224 1036/1222/1225 1030/1211/1219
f 1035/1218/1224 905/1223/1055 1036/1222/1225
f 1035/1218/1224 895/1224/1045 905/1223/1055
f 896/1225/1046 895/1224/1045 1035/1218/1224
f 896/1225/1046 1035/1218/1224 1033/1216/1222
f 1033/1216/1222 897/1226/1047 896/1225/1046
f 1033/1216/1222 1034/1217/1223 897/1226/1047
f 1034/1217/1223 899/1227/1049 897/1226/1047
f 1034/1217/1223 901/1228/1051 899/1227/1049
f 1034/1217/1223 1028/1207/1217 901/1228/1051
f 1028/1207/1217 902/1209/1052 901/1228/1051
f 905/1223/1055 906/1221/1056 1036/1222/1225
f 838/1229/988 839/1059/989 925/1058/1078
f 838/1229/988 925/1058/1078 924/1057/1077
f 924/1057/1077 927/1063/1081 838/1229/988
f 927/1063/1081 849/1219/999 838/1229/988
f 927/1063/1081 1016/1191/1201 849/1219/999
f 928/1064/1082 1016/1191/1201 927/1063/1081
f 928/1064/1082 930/1066/1084 1016/1191/1201
f 1037/1230/1226 1038/1231/1227 1039/1232/1228
f 1037/1230/1226 1040/1233/1229 1038/1231/1227
f 1040/1234/1229 1041/1235/1230 1038/1236/1227
f 1042/1237/1231 1038/1236/1227 1041/1235/1230
f 1042/1237/1231 1043/1238/1232 1038/1236/1227
f 1043/1238/1232 1044/1239/1233 1045/1240/1234
f 1044/1239/1233 1046/1241/1235 1045/1240/1234
f 1044/1239/1233 1047/1242/1236 1046/1241/1235
f 1047/1242/1236 417/1243/487 1046/1241/1235
f 1047/1242/1236 1048/1244/1237 417/1243/487
f 1048/1244/1237 405/1245/475 417/1243/487
f 1048/1244/1237 1049/1246/1238 405/1245/475
f 1049/1246/1238 404/1247/474 405/1245/475
f 1049/1246/1238 1050/1248/1239 404/1247/474
f 1050/1248/1239 1051/1249/1240 404/1247/474
f 1051/1249/1240 1052/1250/1241 404/1247/474
f 1051/1249/1240 1053/1251/1242 1052/1250/1241
f 1053/1251/1242 1054/1252/1243 1052/1250/1241
f 1055/1253/1244 1056/1254/1245 1057/1255/1246
f 1055/1253/1244 1058/1256/1247 1056/1254/1245
f 1058/1256/1247 1059/1257/1248 1056/1254/1245
f 1058/1256/1247 1060/1258/1249 1059/1257/1248
f 1057/1259/1246 1061/1260/1250 1062/1261/1251
f 1057/1259/1246 1056/1262/1245 1061/1260/1250
f 1056/1262/1245 1063/1263/1252 1061/1260/1250
f 1056/1262/1245 1059/1264/1248 1063/1263/1252
f 1062/1265/1251 1064/1266/1253 1065/1267/1254
f 1062/1265/1251 1061/1268/1250 1064/1266/1253
f 1066/1269/1255 1067/1270/1256 1068/1271/1257
f 1069/1272/1258 1067/1270/1256 1066/1269/1255
f 1069/1272/1258 1070/1273/1259 1067/1270/1256
f 1071/1274/1260 1070/1273/1259 1069/1272/1258
f 1071/1274/1260 1072/1275/1261 1070/1273/1259
f 1073/1276/1262 1072/1275/1261 1071/1274/1260
f 1073/1276/1262 1068/1271/1257 1072/1275/1261
f 1066/1269/1255 1068/1271/1257 1073/1276/1262
f 1074/1277/1263 1066/1278/1255 1073/1279/1262
f 1075/1280/1264 1066/1278/1255 1074/1277/1263
f 1075/1280/1264 1069/1281/1258 1066/1278/1255
f 1076/1282/1265 1069/1281/1258 1075/1280/1264
f 1076/1282/1265 1071/1283/1260 1069/1281/1258
f 1077/1284/1266 1071/1283/1260 1076/1282/1265
f 1077/1284/1266 1073/1279/1262 1071/1283/1260
f 1074/1277/1263 1073/1279/1262 1077/1284/1266
f 1078/1285/1267 1079/1286/1268 1080/1287/1269
f 1078/1285/1267 1081/1288/1270 1079/1286/1268
f 1082/1289/1271 1080/1287/1269 1083/1290/1272
f 1080/1287/1269 1084/1291/1273 1083/1290/1272
f 1080/1287/1269 1079/1286/1268 1084/1291/1273
f 1085/1292/1274 1084/1291/1273 1079/1286/1268
f 1085/1292/1274 1079/1286/1268 1081/1288/1270
f 1086/1293/1275 1085/1292/1274 1081/1288/1270
f 1086/1293/1275 1081/1288/1270 1078/1285/1267
f 1087/1294/1276 1086/1293/1275 1078/1285/1267
f 1087/1294/1276 1078/1285/1267 1088/1295/1277
f 1088/1295/1277 1078/1285/1267 1080/1287/1269
f 1088/1295/1277 1080/1287/1269 1082/1289/1271
f 1088/1295/1277 1082/1289/1271 1089/1296/1278
f 1090/1297/1279 1089/1296/1278 1082/1289/1271
f 1090/1297/1279 1091/1298/1280 1089/1296/1278
f 1090/1297/1279 1092/1299/1281 1091/1298/1280
f 1092/1299/1281 1093/1300/1282 1091/1298/1280
f 1092/1299/1281 1094/1301/1283 1093/1300/1282
f 1095/1302/1284 1093/1300/1282 1094/1301/1283
f 1088/1295/1277 1089/1296/1278 1096/1303/1285
f 1089/1296/1278 1097/1304/1286 1096/1303/1285
f 1089/1296/1278 1091/1298/1280 1097/1304/1286
f 1091/1298/1280 1095/1302/1284 1097/1304/1286
f 1091/1298/1280 1093/1300/1282 1095/1302/1284
f 1095/1302/1284 1094/1301/1283 1098/1305/1287
f 1097/1304/1286 1095/1302/1284 1098/1305/1287
f 1097/1304/1286 1098/1305/1287 1099/1306/1288
f 1096/1303/1285 1097/1304/1286 1099/1306/1288
f 1096/1303/1285 1099/1306/1288 1100/1307/1289
f 1100/1307/1289 1099/1306/1288 1092/1299/1281
f 1100/1307/1289 1092/1299/1281 1090/1297/1279
f 1100/1307/1289 1090/1297/1279 1101/1308/1290
f 1090/1297/1279 1082/1289/1271 1101/1308/1290
f 1082/1289/1271 1083/1290/1272 1101/1308/1290
f 1101/1308/1290 1083/1290/1272 1086/1293/1275
f 1083/1290/1272 1085/1292/1274 1086/1293/1275
f 1083/1290/1272 1084/1291/1273 1085/1292/1274
f 1099/1306/1288 1094/1301/1283 1092/1299/1281
f 1099/1306/1288 1098/1305/1287 1094/1301/1283
f 1100/1307/1289 1101/1308/1290 1087/1294/1276
f 1101/1308/1290 1086/1293/1275 1087/1294/1276
f 1102/1309/1291 1103/1310/1292 1104/1311/1293
f 1102/1309/1291 1105/1312/1294 1103/1310/1292
f 1105/1312/1294 1106/1313/1295 1103/1310/1292
f 1105/1312/1294 1107/1314/1296 1106/1313/1295
f 1108/1315/1297 1105/1316/1294 1102/1317/1291
f 1108/1315/1297 1109/1318/1298 1105/1316/1294
f 1109/1318/1298 1107/1319/1296 1105/1316/1294
f 1109/1318/1298 1110/1320/1299 1107/1319/1296
f 1111/1321/1300 1112/1322/1301 1113/1323/1302
f 1111/1321/1300 1114/1324/1303 1112/1322/1301
f 1115/1325/1304 1113/1323/1302 1112/1322/1301
f 1116/1326/1305 1113/1323/1302 1115/1325/1304
f 1116/1326/1305 1117/1327/1306 1113/1323/1302
f 1113/1323/1302 1117/1327/1306 1118/1328/1307
f 1113/1323/1302 1118/1328/1307 1111/1321/1300
f 1119/1329/1308 1111/1321/1300 1118/1328/1307
f 1120/1330/1309 1111/1321/1300 1119/1329/1308
f 1120/1330/1309 1114/1324/1303 1111/1321/1300
f 1121/1331/1310 1114/1324/1303 1120/1330/1309
f 1121/1331/1310 1112/1322/1301 1114/1324/1303
f 1115/1325/1304 1112/1322/1301 1121/1331/1310
f 1119/1329/1308 1118/1328/1307 1122/1332/1311
f 1123/1333/1312 403/1334/473 404/1335/474
f 1124/1336/1313 1125/1337/1314 1126/1338/1315
f 1126/1338/1315 1125/1337/1314 1039/1339/1228
f 1127/1340/1316 1039/1339/1228 1125/1337/1314
f 1127/1340/1316 1054/1341/1243 1039/1339/1228
f 1128/1342/1317 1054/1341/1243 1127/1340/1316
f 1128/1342/1317 1052/1343/1241 1054/1341/1243
f 1052/1343/1241 1128/1342/1317 404/1335/474
f 1129/1344/1318 404/1335/474 1128/1342/1317
f 1123/1333/1312 404/1335/474 1129/1344/1318
f 1129/1344/1318 1130/1345/1319 1123/1333/1312
f 1129/1344/1318 1128/1342/1317 1130/1345/1319
f 1128/1342/1317 1131/1346/1320 1130/1345/1319
f 1128/1342/1317 1127/1340/1316 1131/1346/1320
f 1132/1347/1321 1131/1346/1320 1127/1340/1316
f 1132/1347/1321 1127/1340/1316 1125/1337/1314
f 1124/1336/1313 1132/1347/1321 1125/1337/1314
f 1126/1338/1315 1039/1339/1228 1038/1348/1227
f 1126/1338/1315 1038/1348/1227 1043/1349/1232
f 1126/1338/1315 1043/1349/1232 1133/1350/1322
f 1133/1350/1322 1043/1349/1232 1045/1351/1234
f 1133/1350/1322 1045/1351/1234 1134/1352/1323
f 1134/1352/1323 1045/1351/1234 1046/1353/1235
f 1134/1352/1323 1046/1353/1235 1135/1354/1324
f 1135/1354/1324 1046/1353/1235 417/1355/487
f 417/1355/487 1136/1356/1325 1135/1354/1324
f 1136/1356/1325 417/1355/487 416/1357/486
f 1136/1356/1325 416/1357/486 1137/1358/1326
f 1138/1359/1327 1136/1356/1325 1137/1358/1326
f 1138/1359/1327 1135/1354/1324 1136/1356/1325
f 1138/1359/1327 1134/1352/1323 1135/1354/1324
f 1138/1359/1327 1139/1360/1328 1134/1352/1323
f 1133/1350/1322 1134/1352/1323 1139/1360/1328
f 1133/1350/1322 1139/1360/1328 1140/1361/1329
f 1124/1336/1313 1133/1350/1322 1140/1361/1329
f 1124/1336/1313 1126/1338/1315 1133/1350/1322
f 403/1334/473 1123/1333/1330 392/1362/462
f 1130/1345/1331 392/1362/462 1123/1333/1330
f 1131/1346/1332 392/1362/462 1130/1345/1331
f 1131/1346/1332 395/1363/465 392/1362/462
f 395/1363/465 1131/1346/1332 397/1364/467
f 397/1364/467 1131/1346/1332 391/1365/461
f 1132/1347/1333 391/1365/461 1131/1346/1332
f 1141/1366/1334 391/1365/461 1132/1347/1333
f 1141/1366/1334 1132/1347/1333 1124/1336/1335
f 1140/1361/1336 1141/1366/1334 1124/1336/1335
f 1140/1361/1336 1142/1367/1337 1141/1366/1334
f 1142/1367/1337 1140/1361/1336 1139/1360/1338
f 1142/1367/1337 1139/1360/1338 1143/1368/1339
f 1138/1359/1340 1143/1368/1339 1139/1360/1338
f 1138/1359/1340 1144/1369/1341 1143/1368/1339
f 1144/1369/1341 1138/1359/1340 1137/1358/1342
f 1137/1358/1342 416/1357/486 1144/1369/1341
f 1145/1370/1343 1146/1371/1344 1147/1372/1345
f 1145/1370/1343 1147/1372/1345 1148/1373/1346
f 1148/1373/1346 1117/1374/1306 1145/1370/1343
f 1148/1373/1346 1118/1375/1307 1117/1374/1306
f 1122/1376/1347 1118/1375/1307 1148/1373/1346
f 1122/1376/1347 1148/1373/1346 1149/1377/1348
f 1149/1377/1348 1148/1373/1346 1147/1372/1345
f 1149/1377/1348 1147/1372/1345 1150/1378/1349
f 1150/1378/1349 1147/1372/1345 1146/1371/1344
f 1150/1378/1349 1146/1371/1344 1151/1379/1350
f 1151/1379/1350 1146/1371/1344 1145/1370/1343
f 1151/1379/1350 1145/1370/1343 1152/1380/1351
f 1152/1380/1351 1145/1370/1343 1117/1374/1306
f 1152/1380/1351 1117/1374/1306 1116/1381/1305
f 1153/1382/1352 1154/1383/1353 1155/1384/1354
f 1153/1382/1352 1156/1385/1355 1154/1383/1353
f 1156/1385/1355 1157/1386/1356 1154/1383/1353
f 1156/1385/1355 1158/1387/1357 1157/1386/1356
f 1159/1388/1358 1156/1385/1355 1153/1382/1352
f 1159/1388/1358 1158/1387/1357 1156/1385/1355
f 1160/1389/1359 1158/1387/1357 1159/1388/1358
f 1160/1389/1359 1157/1386/1356 1158/1387/1357
f 1161/1390/1360 1157/1386/1356 1160/1389/1359
f 1161/1390/1360 1162/1391/1361 1157/1386/1356
f 1154/1383/1353 1157/1386/1356 1162/1391/1361
f 1154/1383/1353 1162/1391/1361 1163/1392/1362
f 1155/1384/1354 1154/1383/1353 1163/1392/1362
f 1155/1384/1354 1163/1392/1362 1164/1393/1363
f 1141/1394/1364 390/477/1365 391/478/1366
f 1141/1395/1364 388/475/1367 390/477/1365
f 1040/1396/1229 1037/1397/1226 1165/1398/1368
f 1039/1399/1228 1166/1400/1369 1037/1397/1226
f 1167/1401/1370 1053/1402/1242 1051/1403/1240
f 1167/1401/1370 1054/1404/1243 1053/1402/1242
f 1168/1405/1371 1054/1404/1243 1167/1401/1370
f 1168/1405/1371 1039/1399/1228 1054/1404/1243
f 1039/1399/1228 1168/1405/1371 1169/1406/1372
f 1039/1399/1228 1169/1406/1372 1166/1400/1369
f 1166/1400/1369 1169/1406/1372 1170/1407/1373
f 1171/1408/1374 1166/1400/1369 1170/1407/1373
f 1172/1409/1375 1166/1400/1369 1171/1408/1374
f 1037/1397/1226 1166/1400/1369 1172/1409/1375
f 1173/1410/1376 1037/1397/1226 1172/1409/1375
f 1037/1397/1226 1173/1410/1376 1165/1398/1368
f 1165/1398/1368 1173/1410/1376 1174/1411/1377
f 1040/1396/1229 1165/1398/1368 1174/1411/1377
f 1040/1396/1229 1174/1411/1377 1175/1412/1378
f 1176/1413/1379 1175/1412/1378 1174/1411/1377
f 1176/1413/1379 1177/1414/1380 1175/1412/1378
f 1178/1415/1381 1177/1414/1380 1176/1413/1379
f 1178/1415/1381 1179/1416/1382 1177/1414/1380
f 1179/1416/1382 1178/1415/1381 1180/1417/1383
f 1179/1416/1382 1180/1417/1383 1161/1418/1384
f 1181/1419/1385 1174/1411/1377 1173/1410/1376
f 1181/1419/1385 1176/1413/1379 1174/1411/1377
f 1182/1420/1386 1176/1413/1379 1181/1419/1385
f 1182/1420/1386 1178/1415/1381 1176/1413/1379
f 1178/1415/1381 1182/1420/1386 1183/1421/1387
f 1178/1415/1381 1183/1421/1387 1180/1417/1383
f 1169/1406/1372 1168/1405/1371 1184/1422/1388
f 1184/1422/1388 1168/1405/1371 1185/1423/1389
f 1168/1405/1371 1167/1401/1370 1185/1423/1389
f 1185/1423/1389 1167/1401/1370 1186/1424/1390
f 1185/1423/1389 1186/1424/1390 1187/1425/1391
f 1184/1422/1388 1185/1423/1389 1187/1425/1391
f 1184/1422/1388 1187/1425/1391 1188/1426/1392
f 1187/1425/1391 1189/1427/1393 1188/1426/1392
f 1188/1426/1392 1189/1427/1393 1190/1428/1394
f 1188/1426/1392 1190/1428/1394 1191/1429/1395
f 1191/1429/1395 1192/1430/1396 1188/1426/1392
f 1184/1422/1388 1188/1426/1392 1192/1430/1396
f 1193/1431/1397 1184/1422/1388 1192/1430/1396
f 1169/1406/1372 1184/1422/1388 1193/1431/1397
f 1169/1406/1372 1193/1431/1397 1194/1432/1398
f 1170/1407/1373 1169/1406/1372 1194/1432/1398
f 1170/1407/1373 1194/1432/1398 1195/1433/1399
f 1196/1434/1400 1195/1433/1399 1194/1432/1398
f 1196/1434/1400 1194/1432/1398 1197/1435/1401
f 1198/1436/1402 1197/1435/1401 1194/1432/1398
f 1199/1437/1403 1197/1435/1401 1198/1436/1402
f 1199/1437/1403 1198/1436/1402 1200/1438/1404
f 1199/1437/1403 1200/1438/1404 1201/1439/1405
f 1201/1439/1405 1200/1438/1404 1202/1440/1406
f 1201/1439/1405 1202/1440/1406 1203/1441/1407
f 1194/1432/1398 1193/1431/1397 1204/1442/1408
f 1193/1431/1397 1192/1430/1396 1204/1442/1408
f 1204/1442/1408 1192/1430/1396 1205/1443/1409
f 1191/1429/1395 1205/1443/1409 1192/1430/1396
f 1191/1429/1395 1206/1444/1410 1205/1443/1409
f 1207/1445/1411 1206/1444/1410 1191/1429/1395
f 1207/1445/1411 1191/1429/1395 1190/1428/1394
f 1208/1446/1412 1207/1445/1411 1190/1428/1394
f 1208/1446/1412 1190/1428/1394 1209/1447/1413
f 1189/1427/1393 1209/1447/1413 1190/1428/1394
f 1189/1427/1393 1210/1448/1414 1209/1447/1413
f 1211/1449/1415 1210/1448/1414 1189/1427/1393
f 1187/1425/1391 1211/1449/1415 1189/1427/1393
f 1187/1425/1391 1212/1450/1416 1211/1449/1415
f 1187/1425/1391 1186/1424/1390 1212/1450/1416
f 1186/1424/1390 1050/1451/1239 1212/1450/1416
f 1186/1424/1390 1051/1403/1240 1050/1451/1239
f 1167/1401/1370 1051/1403/1240 1186/1424/1390
f 1049/1452/1238 1212/1450/1416 1050/1451/1239
f 1213/1453/1417 1211/1449/1415 1212/1450/1416
f 1049/1452/1238 1213/1453/1417 1212/1450/1416
f 1048/1454/1237 1213/1453/1417 1049/1452/1238
f 1211/1449/1415 1214/1455/1418 1210/1448/1414
f 1213/1453/1417 1214/1455/1418 1211/1449/1415
f 1215/1456/1419 1214/1455/1418 1213/1453/1417
f 1048/1454/1237 1215/1456/1419 1213/1453/1417
f 1215/1456/1419 1048/1454/1237 1047/1457/1236
f 1216/1458/1420 1210/1448/1414 1214/1455/1418
f 1217/1459/1421 1210/1448/1414 1216/1458/1420
f 1217/1459/1421 1209/1447/1413 1210/1448/1414
f 1209/1447/1413 1217/1459/1421 1218/1460/1422
f 1209/1447/1413 1218/1460/1422 1208/1446/1412
f 1219/1461/1423 1208/1446/1412 1218/1460/1422
f 1208/1446/1412 1219/1461/1423 1207/1445/1411
f 1220/1462/1424 1207/1445/1411 1219/1461/1423
f 1206/1444/1410 1207/1445/1411 1220/1462/1424
f 1221/1463/1425 1206/1444/1410 1220/1462/1424
f 1221/1463/1425 1205/1443/1409 1206/1444/1410
f 1221/1463/1425 1222/1464/1426 1205/1443/1409
f 1222/1464/1426 1223/1465/1427 1205/1443/1409
f 1222/1464/1426 1224/1466/1428 1223/1465/1427
f 1224/1466/1428 1225/1467/1429 1223/1465/1427
f 1224/1466/1428 1226/1468/1430 1225/1467/1429
f 1226/1468/1430 1224/1466/1428 1227/1469/1431
f 1226/1468/1430 1227/1469/1431 1228/1470/1432
f 1229/1471/1433 1223/1465/1427 1225/1467/1429
f 1220/1462/1424 1219/1461/1423 1230/1472/1434
f 1218/1460/1422 1230/1472/1434 1219/1461/1423
f 1231/1473/1435 1226/1468/1436 1228/1470/1437
f 1226/1468/1436 1231/1473/1435 1202/1440/1406
f 1226/1468/1436 1202/1440/1406 1225/1467/1438
f 1225/1467/1438 1202/1440/1406 1200/1438/1404
f 1225/1467/1438 1200/1438/1404 1229/1471/1433
f 1198/1436/1402 1229/1471/1433 1200/1438/1404
f 1198/1436/1402 1194/1432/1398 1229/1471/1433
f 1194/1432/1398 1204/1442/1408 1229/1471/1433
f 1229/1471/1433 1204/1442/1408 1223/1465/1427
f 1204/1442/1408 1205/1443/1409 1223/1465/1427
f 1232/1474/1439 1202/1440/1406 1231/1473/1435
f 1233/1475/1440 1234/1476/1441 1228/1470/1437
f 1235/1477/1442 1236/1478/1443 1237/1479/1444
f 1236/1478/1443 1235/1477/1442 1238/1480/1445
f 1235/1477/1442 1239/1481/1446 1238/1480/1445
f 1235/1477/1442 1240/1482/1447 1239/1481/1446
f 1240/1482/1447 1241/1483/1448 1239/1481/1446
f 1242/1484/1449 1241/1483/1448 1240/1482/1447
f 1243/1485/1450 1241/1483/1448 1242/1484/1449
f 1243/1485/1450 1242/1484/1449 1244/1486/1451
f 1243/1485/1450 1244/1486/1451 1245/1487/1452
f 1246/1488/1453 1245/1487/1452 1244/1486/1451
f 1245/1487/1452 1246/1488/1453 1247/1489/1454
f 1245/1487/1452 1247/1489/1454 1248/1490/1455
f 1248/1490/1455 1247/1489/1454 1249/1491/1456
f 1250/1492/1457 1248/1490/1455 1249/1491/1456
f 1232/1474/1439 1250/1492/1457 1249/1491/1456
f 1232/1474/1439 1234/1476/1441 1250/1492/1457
f 1232/1474/1439 1231/1473/1435 1234/1476/1441
f 1231/1473/1435 1228/1470/1437 1234/1476/1441
f 1251/1493/1458 1239/1481/1446 1241/1483/1448
f 1252/1494/1459 1249/1491/1456 1247/1489/1454
f 1253/1495/1460 1240/1482/1447 1235/1477/1442
f 1253/1495/1460 1254/1496/1461 1240/1482/1447
f 1242/1484/1449 1240/1482/1447 1254/1496/1461
f 1242/1484/1449 1254/1496/1461 1255/1497/1462
f 1242/1484/1449 1255/1497/1462 1244/1486/1451
f 1256/1498/1463 1244/1486/1451 1255/1497/1462
f 1246/1488/1453 1244/1486/1451 1256/1498/1463
f 1253/1495/1460 1255/1497/1462 1254/1496/1461
f 1232/1474/1439 1203/1441/1407 1202/1440/1406
f 1232/1474/1439 1257/1499/1464 1203/1441/1407
f 1232/1474/1439 1249/1491/1456 1257/1499/1464
f 1258/1500/1465 1257/1499/1464 1249/1491/1456
f 1258/1500/1465 1249/1491/1456 1252/1494/1459
f 1259/1501/1466 1258/1500/1465 1252/1494/1459
f 1259/1501/1466 1252/1494/1459 1260/1502/1467
f 1247/1489/1454 1260/1502/1467 1252/1494/1459
f 1260/1502/1467 1247/1489/1454 1261/1503/1468
f 1246/1488/1453 1261/1503/1468 1247/1489/1454
f 1246/1488/1453 1262/1504/1469 1261/1503/1468
f 1246/1488/1453 1256/1498/1463 1262/1504/1469
f 1263/1505/1470 1262/1504/1469 1256/1498/1463
f 1256/1498/1463 1255/1497/1462 1263/1505/1470
f 1264/1506/1471 1263/1505/1470 1255/1497/1462
f 1253/1495/1460 1264/1506/1471 1255/1497/1462
f 1264/1506/1471 1253/1495/1460 1237/1479/1444
f 1235/1477/1442 1237/1479/1444 1253/1495/1460
f 1265/1507/1472 1266/1508/1473 1267/1509/1474
f 1265/1507/1472 1267/1509/1474 1268/1510/1475
f 1269/1511/1476 1265/1507/1472 1268/1510/1475
f 1269/1511/1476 1268/1510/1475 1270/1512/1477
f 1237/1479/1444 1269/1511/1476 1270/1512/1477
f 1237/1479/1444 1270/1512/1477 1264/1506/1471
f 1264/1506/1471 1270/1512/1477 1263/1505/1470
f 1270/1512/1477 1268/1510/1475 1263/1505/1470
f 1271/1513/1478 1267/1509/1474 1272/1514/1479
f 1273/1515/1480 1267/1509/1474 1271/1513/1478
f 1273/1515/1480 1268/1510/1475 1267/1509/1474
f 1274/1516/1481 1268/1510/1475 1273/1515/1480
f 1263/1505/1470 1268/1510/1475 1274/1516/1481
f 1263/1505/1470 1274/1516/1481 1275/1517/1482
f 1263/1505/1470 1275/1517/1482 1262/1504/1469
f 1276/1518/1483 1277/1519/1484 1278/1520/1485
f 1277/1519/1484 1276/1518/1483 1279/1521/1486
f 1277/1519/1484 1279/1521/1486 1280/1522/1487
f 1280/1522/1487 1279/1521/1486 1281/1523/1488
f 1280/1522/1487 1281/1523/1488 1282/1524/1489
f 1282/1524/1489 1281/1523/1488 1283/1525/1490
f 1282/1524/1489 1283/1525/1490 1284/1526/1491
f 1285/1527/1492 1284/1526/1491 1283/1525/1490
f 1285/1527/1492 1286/1528/1493 1284/1526/1491
f 1286/1528/1493 1285/1527/1492 1287/1529/1494
f 1286/1528/1493 1287/1529/1494 1288/1530/1495
f 1289/1531/1496 1286/1528/1493 1288/1530/1495
f 1289/1531/1496 1288/1530/1495 1290/1532/1497
f 1291/1533/1498 1289/1531/1496 1290/1532/1497
f 1291/1533/1498 1290/1532/1497 1292/1534/1499
f 1293/1535/1500 1291/1533/1498 1292/1534/1499
f 1293/1535/1500 1292/1534/1499 1272/1514/1479
f 1272/1514/1479 1267/1509/1474 1293/1535/1500
f 1281/1523/1488 1294/1536/1501 1283/1525/1490
f 1295/1537/1502 1283/1525/1490 1294/1536/1501
f 1295/1537/1502 1285/1527/1492 1283/1525/1490
f 1296/1538/1503 1295/1537/1502 1294/1536/1501
f 1295/1537/1502 1296/1538/1503 1297/1539/1504
f 1295/1537/1502 1297/1539/1504 1298/1540/1505
f 1285/1527/1492 1295/1537/1502 1298/1540/1505
f 1285/1527/1492 1298/1540/1505 1287/1529/1494
f 1296/1538/1503 1299/1541/1506 1297/1539/1504
f 1300/1542/1507 1282/1524/1489 1301/1543/1508
f 1301/1543/1508 1302/1544/1509 1300/1542/1507
f 1303/1545/1510 1300/1542/1507 1302/1544/1509
f 1304/1546/1511 1303/1545/1510 1302/1544/1509
f 1304/1546/1511 1302/1544/1509 1305/1547/1512
f 1306/1548/1513 1305/1547/1512 1302/1544/1509
f 1306/1548/1513 1307/1549/1514 1305/1547/1512
f 1307/1549/1514 1306/1548/1513 1308/1550/1515
f 1307/1549/1514 1308/1550/1515 1309/1551/1516
f 1310/1552/1517 1309/1551/1516 1308/1550/1515
f 1310/1552/1517 1293/1535/1500 1309/1551/1516
f 1310/1552/1517 1291/1533/1498 1293/1535/1500
f 1289/1531/1496 1291/1533/1498 1310/1552/1517
f 1289/1531/1496 1310/1552/1517 1311/1553/1518
f 1286/1528/1493 1289/1531/1496 1311/1553/1518
f 1286/1528/1493 1311/1553/1518 1284/1526/1491
f 1301/1543/1508 1284/1526/1491 1311/1553/1518
f 1301/1543/1508 1282/1524/1489 1284/1526/1491
f 1301/1543/1508 1306/1548/1513 1302/1544/1509
f 1306/1548/1513 1301/1543/1508 1311/1553/1518
f 1306/1548/1513 1311/1553/1518 1308/1550/1515
f 1310/1552/1517 1308/1550/1515 1311/1553/1518
f 1282/1524/1489 1312/1554/1519 1280/1522/1487
f 1300/1542/1507 1312/1554/1519 1282/1524/1489
f 1313/1555/1520 1312/1554/1519 1300/1542/1507
f 1303/1545/1510 1313/1555/1520 1300/1542/1507
f 1313/1555/1520 1303/1545/1510 1314/1556/1521
f 1303/1545/1510 1315/1557/1522 1314/1556/1521
f 1303/1545/1510 1304/1546/1511 1315/1557/1522
f 1316/1558/1523 1315/1557/1522 1304/1546/1511
f 1317/1559/1524 1316/1558/1523 1304/1546/1511
f 1317/1559/1524 1304/1546/1511 1305/1547/1512
f 1318/1560/1525 1317/1559/1524 1305/1547/1512
f 1318/1560/1525 1305/1547/1512 1307/1549/1514
f 1319/1561/1526 1318/1560/1525 1307/1549/1514
f 1319/1561/1526 1307/1549/1514 1309/1551/1516
f 1320/1562/1527 1319/1561/1526 1309/1551/1516
f 1320/1562/1527 1309/1551/1516 1293/1535/1500
f 1266/1508/1473 1320/1562/1527 1293/1535/1500
f 1266/1508/1473 1293/1535/1500 1267/1509/1474
f 1316/1558/1523 1321/1563/1528 1315/1557/1522
f 1313/1555/1520 1314/1556/1521 1322/1564/1529
f 1323/1565/1530 1313/1555/1520 1322/1564/1529
f 1313/1555/1520 1323/1565/1530 1312/1554/1519
f 1323/1565/1530 1280/1522/1487 1312/1554/1519
f 1323/1565/1530 1277/1519/1484 1280/1522/1487
f 1277/1519/1484 1323/1565/1530 1324/1566/1531
f 1277/1519/1484 1324/1566/1531 1325/1567/1532
f 1277/1519/1484 1325/1567/1532 1278/1520/1485
f 1323/1565/1530 1322/1564/1529 1324/1566/1531
f 1326/1568/1533 1173/1410/1376 1172/1409/1375
f 1326/1568/1533 1327/1569/1534 1173/1410/1376
f 1173/1410/1376 1327/1569/1534 1181/1419/1385
f 1328/1570/1535 1181/1419/1385 1327/1569/1534
f 1328/1570/1535 1182/1420/1386 1181/1419/1385
f 1182/1420/1386 1328/1570/1535 1329/1571/1536
f 1182/1420/1386 1329/1571/1536 1183/1421/1387
f 1183/1421/1387 1329/1571/1536 1330/1572/1537
f 1183/1421/1387 1330/1572/1537 1331/1573/1538
f 1332/1574/1539 1331/1573/1538 1330/1572/1537
f 1332/1574/1539 1333/1575/1540 1331/1573/1538
f 1332/1574/1539 1108/1576/1541 1333/1575/1540
f 1334/1577/1542 1333/1575/1540 1108/1576/1541
f 1102/1578/1543 1334/1577/1542 1108/1576/1541
f 1102/1578/1543 1335/1579/1544 1334/1577/1542
f 1336/1580/1545 1335/1579/1544 1102/1578/1543
f 1336/1580/1545 1278/1520/1485 1335/1579/1544
f 1278/1520/1485 1336/1580/1545 1276/1518/1483
f 1332/1574/1539 1330/1572/1537 1104/1581/1546
f 1333/1575/1540 1337/1582/1547 1331/1573/1538
f 1338/1583/1548 1276/1518/1483 1336/1580/1545
f 1338/1583/1548 1336/1580/1545 1339/1584/1549
f 1336/1580/1545 1340/1585/1550 1339/1584/1549
f 1336/1580/1545 1102/1578/1543 1340/1585/1550
f 1340/1585/1550 1102/1578/1543 1104/1581/1546
f 1340/1585/1550 1104/1581/1546 1341/1586/1551
f 1104/1581/1546 1342/1587/1552 1341/1586/1551
f 1104/1581/1546 1330/1572/1537 1342/1587/1552
f 1330/1572/1537 1329/1571/1536 1342/1587/1552
f 1329/1571/1536 1328/1570/1535 1342/1587/1552
f 1342/1587/1552 1328/1570/1535 1327/1569/1534
f 1342/1587/1552 1327/1569/1534 1326/1568/1533
f 1343/1588/1553 1344/1589/1554 1345/1590/1555
f 1343/1588/1553 1346/1591/1556 1344/1589/1554
f 1346/1591/1556 1347/1592/1557 1344/1589/1554
f 1346/1591/1556 1348/1593/1558 1347/1592/1557
f 1348/1593/1558 1349/1594/1559 1347/1592/1557
f 1348/1593/1558 1350/1595/1560 1349/1594/1559
f 1350/1595/1560 1335/1579/1544 1349/1594/1559
f 1350/1595/1560 1334/1577/1542 1335/1579/1544
f 1150/1378/1561 1334/1577/1542 1350/1595/1560
f 1150/1378/1561 1151/1379/1562 1334/1577/1542
f 1334/1577/1542 1151/1379/1562 1333/1575/1540
f 1152/1380/1563 1333/1575/1540 1151/1379/1562
f 1333/1575/1540 1152/1380/1563 1337/1582/1547
f 1152/1380/1563 1164/1596/1564 1337/1582/1547
f 1152/1380/1563 1116/1381/1565 1164/1596/1564
f 1343/1588/1553 1351/1597/1566 1346/1591/1556
f 1351/1597/1566 1348/1593/1558 1346/1591/1556
f 1350/1595/1560 1348/1593/1558 1150/1378/1561
f 1149/1377/1567 1150/1378/1561 1348/1593/1558
f 1149/1377/1567 1348/1593/1558 1351/1597/1566
f 1149/1377/1567 1351/1597/1566 1352/1598/1568
f 1122/1376/1569 1149/1377/1567 1352/1598/1568
f 1353/1599/1570 1354/1600/1571 1355/1601/1572
f 1353/1599/1570 1355/1601/1572 1356/1602/1573
f 1324/1603/1574 1353/1599/1570 1356/1602/1573
f 1324/1603/1574 1356/1602/1573 1325/1604/1575
f 1325/1604/1575 1356/1602/1573 1355/1601/1572
f 1325/1604/1575 1355/1601/1572 1357/1605/1576
f 1357/1605/1576 1355/1601/1572 1354/1600/1571
f 1357/1605/1576 1354/1600/1571 1358/1606/1577
f 1358/1606/1577 1354/1600/1571 1353/1599/1570
f 1358/1606/1577 1353/1599/1570 1324/1603/1574
f 1359/1607/1578 1360/1608/1579 1361/1609/1580
f 1238/1480/1581 1362/1610/1582 1363/1611/1583
f 1364/1612/1584 1363/1611/1583 1362/1610/1582
f 1362/1610/1582 1365/1613/1585 1364/1612/1584
f 1365/1613/1585 1366/1614/1586 1364/1612/1584
f 1361/1609/1580 1366/1614/1586 1365/1613/1585
f 1361/1609/1580 1360/1608/1579 1366/1614/1586
f 1367/1615/1587 1366/1614/1586 1360/1608/1579
f 1367/1615/1587 1360/1608/1579 1368/1616/1588
f 1359/1607/1578 1368/1616/1588 1360/1608/1579
f 1368/1616/1588 1359/1607/1578 1369/1617/1589
f 1368/1616/1588 1369/1617/1589 1370/1618/1590
f 1371/1619/1591 1370/1618/1590 1369/1617/1589
f 1371/1619/1591 1372/1620/1592 1370/1618/1590
f 1373/1621/1593 1372/1620/1592 1371/1619/1591
f 1374/1622/1594 1368/1616/1588 1370/1618/1590
f 1367/1615/1587 1368/1616/1588 1374/1622/1594
f 1367/1615/1587 1374/1622/1594 1375/1623/1595
f 1367/1615/1587 1375/1623/1595 1376/1624/1596
f 1377/1625/1597 1376/1624/1596 1375/1623/1595
f 1377/1625/1597 1375/1623/1595 1378/1626/1598
f 1378/1626/1598 1375/1623/1595 1379/1627/1599
f 1374/1622/1594 1379/1627/1599 1375/1623/1595
f 1374/1622/1594 1380/1628/1600 1379/1627/1599
f 1374/1622/1594 1370/1618/1590 1380/1628/1600
f 1381/1629/1601 1380/1628/1600 1370/1618/1590
f 1381/1629/1601 1370/1618/1590 1372/1620/1592
f 1381/1629/1601 1372/1620/1592 1382/1630/1602
f 1373/1621/1593 1382/1630/1602 1372/1620/1592
f 1382/1630/1602 1373/1621/1593 1383/1631/1603
f 1381/1629/1601 1379/1627/1599 1380/1628/1600
f 1384/1632/1604 1236/1478/1605 1238/1480/1581
f 1238/1480/1581 1363/1611/1583 1384/1632/1604
f 1385/1633/1606 1384/1632/1604 1363/1611/1583
f 1385/1633/1606 1363/1611/1583 1364/1612/1584
f 1385/1633/1606 1364/1612/1584 1386/1634/1607
f 1386/1634/1607 1364/1612/1584 1366/1614/1586
f 1386/1634/1607 1366/1614/1586 1387/1635/1608
f 1367/1615/1587 1387/1635/1608 1366/1614/1586
f 1367/1615/1587 1388/1636/1609 1387/1635/1608
f 1367/1615/1587 1376/1624/1596 1388/1636/1609
f 1376/1624/1596 1389/1637/1610 1388/1636/1609
f 1376/1624/1596 1377/1625/1597 1389/1637/1610
f 1390/1638/1611 1389/1637/1610 1377/1625/1597
f 1377/1625/1597 1391/1639/1612 1390/1638/1611
f 1378/1626/1598 1391/1639/1612 1377/1625/1597
f 1391/1639/1612 1378/1626/1598 1392/1640/1613
f 1378/1626/1598 1379/1627/1599 1392/1640/1613
f 1393/1641/1614 1392/1640/1613 1379/1627/1599
f 1394/1642/1615 1388/1636/1609 1389/1637/1610
f 1394/1642/1615 1395/1643/1616 1388/1636/1609
f 1396/1644/1617 1389/1637/1610 1390/1638/1611
f 1396/1644/1617 1394/1642/1615 1389/1637/1610
f 1394/1642/1615 1396/1644/1617 1397/1645/1618
f 1394/1642/1615 1397/1645/1618 1398/1646/1619
f 1398/1646/1619 1395/1643/1616 1394/1642/1615
f 1398/1646/1619 1399/1647/1620 1395/1643/1616
f 1385/1633/1606 1395/1643/1616 1399/1647/1620
f 1385/1633/1606 1386/1634/1607 1395/1643/1616
f 1386/1634/1607 1388/1636/1609 1395/1643/1616
f 1386/1634/1607 1387/1635/1608 1388/1636/1609
f 1400/1648/1621 1398/1646/1619 1397/1645/1618
f 1401/1649/1622 1393/1641/1614 1402/1650/1623
f 1393/1641/1614 1401/1649/1622 1392/1640/1613
f 1391/1639/1612 1392/1640/1613 1403/1651/1624
f 1392/1640/1613 1401/1649/1622 1403/1651/1624
f 1404/1652/1625 1403/1651/1624 1401/1649/1622
f 1405/1653/1626 1404/1652/1625 1401/1649/1622
f 1401/1649/1622 1402/1650/1623 1405/1653/1626
f 1405/1653/1626 1402/1650/1623 1406/1654/1627
f 1402/1650/1623 1407/1655/1628 1406/1654/1627
f 1408/1656/1629 1406/1654/1627 1407/1655/1628
f 1408/1656/1629 1407/1655/1628 1409/1657/1630
f 1409/1657/1630 1410/1658/1631 1408/1656/1629
f 1409/1657/1630 1411/1659/1632 1410/1658/1631
f 1412/1660/1633 1410/1658/1631 1411/1659/1632
f 1412/1660/1633 1411/1659/1632 1413/1661/1634
f 1414/1662/1635 1412/1660/1633 1413/1661/1634
f 1414/1662/1635 1413/1661/1634 1415/1663/1636
f 1175/1664/1378 1414/1662/1635 1415/1663/1636
f 1175/1664/1378 1415/1663/1636 1040/1665/1229
f 1040/1665/1229 1415/1663/1636 1041/1666/1230
f 1412/1660/1633 1414/1662/1635 1416/1667/1637
f 1414/1662/1635 1177/1668/1380 1416/1667/1637
f 1414/1662/1635 1175/1664/1378 1177/1668/1380
f 1416/1667/1637 1177/1668/1380 1179/1669/1382
f 1415/1663/1636 1413/1661/1634 1041/1666/1230
f 1041/1666/1230 1413/1661/1634 1042/1670/1231
f 1042/1670/1231 1413/1661/1634 1411/1659/1632
f 1417/1671/1638 1042/1670/1231 1411/1659/1632
f 1043/1672/1232 1042/1670/1231 1417/1671/1638
f 1417/1671/1638 1044/1673/1233 1043/1672/1232
f 1410/1658/1631 1412/1660/1633 1418/1674/1639
f 1419/1675/1640 1418/1674/1639 1412/1660/1633
f 1412/1660/1633 1416/1667/1637 1419/1675/1640
f 1419/1675/1640 1416/1667/1637 1420/1676/1641
f 1416/1667/1637 1179/1669/1382 1420/1676/1641
f 1161/1390/1384 1420/1676/1641 1179/1669/1382
f 1161/1390/1384 1160/1389/1642 1420/1676/1641
f 1160/1389/1642 1421/1677/1643 1420/1676/1641
f 1160/1389/1642 1159/1388/1644 1421/1677/1643
f 1159/1388/1644 1422/1678/1645 1421/1677/1643
f 1418/1674/1639 1421/1677/1643 1422/1678/1645
f 1423/1679/1646 1418/1674/1639 1422/1678/1645
f 1410/1658/1631 1418/1674/1639 1423/1679/1646
f 1423/1679/1646 1408/1656/1629 1410/1658/1631
f 1423/1679/1646 1424/1680/1647 1408/1656/1629
f 1424/1680/1647 1406/1654/1627 1408/1656/1629
f 1424/1680/1647 1425/1681/1648 1406/1654/1627
f 1405/1653/1626 1406/1654/1627 1425/1681/1648
f 1418/1674/1639 1419/1675/1640 1421/1677/1643
f 1419/1675/1640 1420/1676/1641 1421/1677/1643
f 1404/1652/1625 1405/1653/1626 1425/1681/1648
f 1404/1652/1625 1425/1681/1648 1426/1682/1649
f 1425/1681/1648 1427/1683/1650 1426/1682/1649
f 1425/1681/1648 1424/1680/1647 1427/1683/1650
f 1424/1680/1647 1428/1684/1651 1427/1683/1650
f 1424/1680/1647 1423/1679/1646 1428/1684/1651
f 1423/1679/1646 1422/1678/1645 1428/1684/1651
f 1429/1685/1652 1430/1686/1653 1431/1687/1654
f 1430/1686/1653 1391/1639/1655 1431/1687/1654
f 1431/1687/1654 1391/1639/1655 1403/1651/1656
f 1431/1687/1654 1403/1651/1656 1432/1688/1657
f 1404/1652/1658 1432/1688/1657 1403/1651/1656
f 1404/1652/1658 1433/1689/1659 1432/1688/1657
f 1433/1689/1659 1404/1652/1658 1426/1682/1649
f 1433/1689/1659 1426/1682/1649 1434/1690/1660
f 1427/1683/1650 1434/1690/1660 1426/1682/1649
f 1427/1683/1650 1435/1691/1661 1434/1690/1660
f 1435/1691/1661 1427/1683/1650 1428/1684/1651
f 1435/1691/1661 1428/1684/1651 1436/1692/1662
f 1436/1692/1662 1428/1684/1651 1422/1678/1645
f 1436/1692/1662 1422/1678/1645 1437/1693/1663
f 1159/1388/1644 1437/1693/1663 1422/1678/1645
f 1153/1382/1664 1437/1693/1663 1159/1388/1644
f 1153/1382/1664 1438/1694/1665 1437/1693/1663
f 1438/1694/1665 1153/1382/1664 1439/1695/1666
f 1430/1686/1653 1390/1638/1667 1391/1639/1655
f 1440/1696/1668 1432/1688/1657 1441/1697/1669
f 1433/1689/1659 1441/1697/1669 1432/1688/1657
f 1433/1689/1659 1442/1698/1670 1441/1697/1669
f 1442/1698/1670 1433/1689/1659 1434/1690/1660
f 1442/1698/1670 1434/1690/1660 1443/1699/1671
f 1435/1691/1661 1443/1699/1671 1434/1690/1660
f 1435/1691/1661 1444/1700/1672 1443/1699/1671
f 1444/1700/1672 1435/1691/1661 1436/1692/1662
f 1444/1700/1672 1436/1692/1662 1445/1701/1673
f 1445/1701/1673 1436/1692/1662 1437/1693/1663
f 1445/1701/1673 1437/1693/1663 1438/1694/1665
f 1440/1696/1668 1431/1687/1654 1432/1688/1657
f 1429/1685/1652 1431/1687/1654 1440/1696/1668
f 1446/1702/1674 1429/1685/1652 1440/1696/1668
f 1446/1702/1674 1440/1696/1668 1447/1703/1675
f 1447/1703/1675 1440/1696/1668 1441/1697/1669
f 1447/1703/1675 1441/1697/1669 1448/1704/1676
f 1442/1698/1670 1448/1704/1676 1441/1697/1669
f 1442/1698/1670 1449/1705/1677 1448/1704/1676
f 1449/1705/1677 1442/1698/1670 1443/1699/1671
f 1449/1705/1677 1443/1699/1671 1450/1706/1678
f 1444/1700/1672 1450/1706/1678 1443/1699/1671
f 1444/1700/1672 1451/1707/1679 1450/1706/1678
f 1445/1701/1673 1451/1707/1679 1444/1700/1672
f 1445/1701/1673 1452/1708/1680 1451/1707/1679
f 1452/1708/1680 1445/1701/1673 1438/1694/1665
f 1453/1709/1681 1452/1708/1680 1438/1694/1665
f 1453/1709/1681 1438/1694/1665 1454/1710/1682
f 1455/1711/1683 1453/1709/1681 1454/1710/1682
f 1456/1712/1684 1453/1709/1681 1455/1711/1683
f 1455/1711/1683 1457/1713/1685 1456/1712/1684
f 1456/1712/1684 1457/1713/1685 1458/1714/1686
f 1459/1715/1687 1452/1708/1680 1453/1709/1681
f 1459/1715/1687 1451/1707/1679 1452/1708/1680
f 1451/1707/1679 1459/1715/1687 1460/1716/1688
f 1451/1707/1679 1460/1716/1688 1450/1706/1678
f 1461/1717/1689 1450/1706/1678 1460/1716/1688
f 1461/1717/1689 1449/1705/1677 1450/1706/1678
f 1462/1718/1690 1449/1705/1677 1461/1717/1689
f 1462/1718/1690 1448/1704/1676 1449/1705/1677
f 1463/1719/1691 1448/1704/1676 1462/1718/1690
f 1463/1719/1691 1447/1703/1675 1448/1704/1676
f 1464/1720/1692 1447/1703/1675 1463/1719/1691
f 1464/1720/1692 1446/1702/1674 1447/1703/1675
f 1456/1712/1684 1459/1715/1687 1453/1709/1681
f 1459/1715/1687 1456/1712/1684 1465/1721/1693
f 1459/1715/1687 1465/1721/1693 1460/1716/1688
f 1466/1722/1694 1460/1716/1688 1465/1721/1693
f 1466/1722/1694 1461/1717/1689 1460/1716/1688
f 1467/1723/1695 1461/1717/1689 1466/1722/1694
f 1467/1723/1695 1462/1718/1690 1461/1717/1689
f 1468/1724/1696 1462/1718/1690 1467/1723/1695
f 1468/1724/1696 1463/1719/1691 1462/1718/1690
f 1469/1725/1697 1463/1719/1691 1468/1724/1696
f 1469/1725/1697 1464/1720/1692 1463/1719/1691
f 1464/1720/1692 1469/1725/1697 1470/1726/1698
f 1464/1720/1692 1470/1726/1698 1471/1727/1699
f 1446/1702/1674 1464/1720/1692 1471/1727/1699
f 1446/1702/1674 1471/1727/1699 1472/1728/1700
f 1429/1685/1652 1446/1702/1674 1472/1728/1700
f 1429/1685/1652 1472/1728/1700 1473/1729/1701
f 1430/1686/1653 1429/1685/1652 1473/1729/1701
f 1456/1712/1684 1458/1714/1686 1465/1721/1693
f 1474/1730/1702 1465/1721/1693 1458/1714/1686
f 1474/1730/1702 1466/1722/1694 1465/1721/1693
f 1466/1722/1694 1474/1730/1702 1467/1723/1695
f 1438/1694/1665 1439/1695/1666 1454/1710/1682
f 1439/1695/1666 1475/1731/1703 1454/1710/1682
f 1455/1711/1683 1454/1710/1682 1475/1731/1703
f 1476/1732/1704 1455/1711/1683 1475/1731/1703
f 1455/1711/1683 1476/1732/1704 1457/1713/1685
f 1477/1733/1705 1457/1713/1685 1476/1732/1704
f 1457/1713/1685 1477/1733/1705 1478/1734/1706
f 1457/1713/1685 1478/1734/1706 1458/1714/1686
f 1479/1735/1707 1458/1714/1686 1478/1734/1706
f 1479/1735/1707 1474/1730/1702 1458/1714/1686
f 1480/1736/1708 1474/1730/1702 1479/1735/1707
f 1480/1736/1708 1467/1723/1695 1474/1730/1702
f 1481/1737/1709 1467/1723/1695 1480/1736/1708
f 1481/1737/1709 1468/1724/1696 1467/1723/1695
f 1468/1724/1696 1481/1737/1709 1482/1738/1710
f 1468/1724/1696 1482/1738/1710 1469/1725/1697
f 1469/1725/1697 1482/1738/1710 1483/1739/1711
f 1469/1725/1697 1483/1739/1711 1470/1726/1698
f 1484/1740/1712 1482/1738/1710 1481/1737/1709
f 1482/1738/1710 1484/1740/1712 1485/1741/1713
f 1482/1738/1710 1485/1741/1713 1483/1739/1711
f 1484/1740/1712 1486/1742/1714 1485/1741/1713
f 1487/1743/1715 1488/1744/1716 1489/1745/1717
f 1487/1743/1715 1476/1732/1704 1488/1744/1716
f 1477/1733/1705 1476/1732/1704 1487/1743/1715
f 1119/1329/1718 1122/1332/1569 1352/1746/1568
f 1352/1746/1568 1489/1745/1717 1119/1329/1718
f 1119/1329/1718 1489/1745/1717 1120/1330/1719
f 1488/1744/1716 1120/1330/1719 1489/1745/1717
f 1120/1330/1719 1488/1744/1716 1475/1731/1703
f 1476/1732/1704 1475/1731/1703 1488/1744/1716
f 1352/1746/1568 1490/1747/1720 1489/1745/1717
f 1490/1747/1720 1352/1746/1568 1491/1748/1721
f 1492/1749/1722 1493/1750/1723 1481/1737/1709
f 1492/1749/1722 1481/1737/1709 1480/1736/1708
f 1492/1749/1722 1480/1736/1708 1494/1751/1724
f 1479/1735/1707 1494/1751/1724 1480/1736/1708
f 1479/1735/1707 1495/1752/1725 1494/1751/1724
f 1495/1752/1725 1479/1735/1707 1478/1734/1706
f 1495/1752/1725 1478/1734/1706 1496/1753/1726
f 1477/1733/1705 1496/1753/1726 1478/1734/1706
f 1477/1733/1705 1497/1754/1727 1496/1753/1726
f 1487/1743/1715 1497/1754/1727 1477/1733/1705
f 1487/1743/1715 1498/1755/1728 1497/1754/1727
f 1498/1755/1728 1487/1743/1715 1489/1745/1717
f 1498/1755/1728 1489/1745/1717 1499/1756/1729
f 1489/1745/1717 1490/1747/1720 1499/1756/1729
f 1490/1747/1720 1500/1757/1730 1499/1756/1729
f 1500/1757/1730 1490/1747/1720 1491/1748/1721
f 1500/1757/1730 1491/1748/1721 1501/1758/1731
f 1502/1759/1732 1500/1757/1730 1501/1758/1731
f 1502/1759/1732 1501/1758/1731 1503/1760/1733
f 1502/1759/1732 1499/1756/1729 1500/1757/1730
f 1502/1759/1732 1498/1755/1728 1499/1756/1729
f 1492/1749/1722 1504/1761/1734 1493/1750/1723
f 1492/1749/1722 1505/1762/1735 1504/1761/1734
f 1505/1762/1735 1492/1749/1722 1494/1751/1724
f 1505/1762/1735 1494/1751/1724 1506/1763/1736
f 1495/1752/1725 1506/1763/1736 1494/1751/1724
f 1495/1752/1725 1507/1764/1737 1506/1763/1736
f 1507/1764/1737 1495/1752/1725 1496/1753/1726
f 1507/1764/1737 1496/1753/1726 1508/1765/1738
f 1497/1754/1727 1508/1765/1738 1496/1753/1726
f 1497/1754/1727 1509/1766/1739 1508/1765/1738
f 1508/1765/1738 1509/1766/1739 1321/1563/1740
f 1508/1765/1738 1321/1563/1740 1316/1558/1741
f 1507/1764/1737 1508/1765/1738 1316/1558/1741
f 1507/1764/1737 1316/1558/1741 1317/1559/1742
f 1506/1763/1736 1507/1764/1737 1317/1559/1742
f 1506/1763/1736 1317/1559/1742 1318/1560/1743
f 1505/1762/1735 1506/1763/1736 1318/1560/1743
f 1505/1762/1735 1318/1560/1743 1319/1561/1744
f 1504/1761/1734 1505/1762/1735 1319/1561/1744
f 1504/1761/1734 1319/1561/1744 1320/1562/1745
f 1510/1767/1746 1504/1761/1734 1320/1562/1745
f 1510/1767/1746 1320/1562/1745 1266/1508/1747
f 1511/1768/1748 1510/1767/1746 1266/1508/1747
f 1511/1768/1748 1266/1508/1747 1265/1507/1749
f 1512/1769/1750 1511/1768/1748 1265/1507/1749
f 1512/1769/1750 1265/1507/1749 1269/1511/1751
f 1513/1770/1752 1512/1769/1750 1269/1511/1751
f 1513/1770/1752 1269/1511/1751 1237/1479/1753
f 1513/1770/1752 1237/1479/1753 1514/1771/1754
f 1236/1478/1605 1514/1771/1754 1237/1479/1753
f 1236/1478/1605 1384/1632/1604 1514/1771/1754
f 1385/1633/1606 1514/1771/1754 1384/1632/1604
f 1385/1633/1606 1513/1770/1752 1514/1771/1754
f 1385/1633/1606 1399/1647/1620 1513/1770/1752
f 1399/1647/1620 1512/1769/1750 1513/1770/1752
f 1399/1647/1620 1398/1646/1619 1512/1769/1750
f 1512/1769/1750 1398/1646/1619 1511/1768/1748
f 1400/1648/1621 1511/1768/1748 1398/1646/1619
f 1515/1772/1755 1511/1768/1748 1400/1648/1621
f 1516/1773/1756 1511/1768/1748 1515/1772/1755
f 1516/1773/1756 1510/1767/1746 1511/1768/1748
f 1516/1773/1756 1486/1742/1714 1510/1767/1746
f 1504/1761/1734 1510/1767/1746 1486/1742/1714
f 1484/1740/1712 1504/1761/1734 1486/1742/1714
f 1484/1740/1712 1493/1750/1723 1504/1761/1734
f 1484/1740/1712 1481/1737/1709 1493/1750/1723
f 1321/1563/1757 1509/1766/1758 1315/1557/1759
f 1517/1774/1760 1518/1775/1761 1519/1776/1762
f 1520/1777/1763 1518/1775/1761 1517/1774/1760
f 1520/1777/1763 1521/1778/1764 1518/1775/1761
f 1522/1779/1765 1521/1778/1764 1520/1777/1763
f 1522/1779/1765 1523/1780/1766 1521/1778/1764
f 1524/1781/1767 1523/1780/1766 1522/1779/1765
f 1524/1781/1767 1525/1782/1768 1523/1780/1766
f 1526/1783/1769 1525/1782/1768 1524/1781/1767
f 1526/1783/1769 1527/1784/1770 1525/1782/1768
f 1528/1785/1771 1527/1784/1770 1526/1783/1769
f 1528/1785/1771 1529/1786/1772 1527/1784/1770
f 1530/1787/1773 1529/1786/1772 1528/1785/1771
f 1530/1787/1773 1531/1788/1774 1529/1786/1772
f 1532/1789/1775 1531/1788/1774 1530/1787/1773
f 1532/1789/1775 1533/1790/1776 1531/1788/1774
f 1534/1791/1777 1533/1790/1776 1532/1789/1775
f 1534/1791/1777 1535/1792/1778 1533/1790/1776
f 1536/1793/1779 1535/1792/1778 1534/1791/1777
f 1536/1793/1779 1537/1794/1780 1535/1792/1778
f 1538/1795/1781 1537/1794/1780 1536/1793/1779
f 1538/1795/1781 1539/1796/1782 1537/1794/1780
f 1540/1797/1783 1539/1796/1782 1538/1795/1781
f 1540/1797/1783 1519/1776/1762 1539/1796/1782
f 1517/1774/1760 1519/1776/1762 1540/1797/1783
f 1541/1798/1784 1532/1789/1785 1530/1787/1786
f 1541/1798/1784 1534/1791/1787 1532/1789/1785
f 1541/1798/1784 1536/1793/1788 1534/1791/1787
f 1541/1798/1784 1538/1795/1789 1536/1793/1788
f 1541/1798/1784 1540/1797/1790 1538/1795/1789
f 1541/1798/1784 1517/1774/1791 1540/1797/1790
f 1541/1798/1784 1520/1777/1792 1517/1774/1791
f 1541/1798/1784 1522/1779/1793 1520/1777/1792
f 1541/1798/1784 1524/1781/1794 1522/1779/1793
f 1541/1798/1784 1526/1783/1795 1524/1781/1794
f 1541/1798/1784 1528/1785/1796 1526/1783/1795
f 1541/1798/1784 1530/1787/1786 1528/1785/1796
f 1542/1799/1797 1543/1800/1797 1544/1801/1797
f 1542/1799/1797 1545/1802/1797 1543/1800/1797
f 1542/1799/1797 1546/1803/1797 1545/1802/1797
f 1542/1799/1797 1547/1804/1797 1546/1803/1797
f 1542/1799/1797 1548/1805/1797 1547/1804/1797
f 1542/1799/1797 1549/1806/1797 1548/1805/1797
f 1542/1799/1797 1550/1807/1797 1549/1806/1797
f 1542/1799/1797 1551/1808/1797 1550/1807/1797
f 1542/1799/1797 1552/1809/1797 1551/1808/1797
f 1542/1799/1797 1553/1810/1797 1552/1809/1797
f 1542/1799/1797 1554/1811/1797 1553/1810/1797
f 1542/1799/1797 1544/1801/1797 1554/1811/1797
f 1550/1812/1798 1529/1813/1772 1531/1814/1774
f 1550/1812/1798 1551/1815/1799 1529/1813/1772
f 1551/1815/1799 1527/1816/1770 1529/1813/1772
f 1551/1815/1799 1552/1817/1800 1527/1816/1770
f 1552/1817/1800 1525/1818/1768 1527/1816/1770
f 1552/1817/1800 1553/1819/1801 1525/1818/1768
f 1553/1820/1801 1523/1821/1766 1525/1822/1768
f 1553/1820/1801 1554/1823/1802 1523/1821/1766
f 1554/1823/1802 1521/1824/1764 1523/1821/1766
f 1554/1823/1802 1544/1825/1803 1521/1824/1764
f 1544/1825/1803 1518/1826/1761 1521/1824/1764
f 1544/1825/1803 1543/1827/1804 1518/1826/1761
f 1543/1827/1804 1519/1828/1762 1518/1826/1761
f 1543/1827/1804 1545/1829/1805 1519/1828/1762
f 1545/1829/1805 1539/1830/1782 1519/1828/1762
f 1545/1829/1805 1546/1831/1806 1539/1830/1782
f 1546/1831/1806 1537/1832/1780 1539/1830/1782
f 1546/1831/1806 1547/1833/1807 1537/1832/1780
f 1547/1833/1807 1535/1834/1778 1537/1832/1780
f 1547/1833/1807 1548/1835/1808 1535/1834/1778
f 1548/1835/1808 1533/1836/1776 1535/1834/1778
f 1548/1835/1808 1549/1837/1809 1533/1836/1776
f 1549/1837/1809 1531/1814/1774 1533/1836/1776
f 1549/1837/1809 1550/1812/1798 1531/1814/1774
f 1555/1838/1810 1556/1839/1811 1557/1840/1812
f 1555/1838/1810 1558/1841/1813 1556/1839/1811
f 1558/1841/1813 1559/1842/1814 1556/1839/1811
f 1558/1841/1813 1560/1843/1815 1559/1842/1814
f 1335/1844/1816 1559/1842/1814 1560/1843/1815
f 1335/1844/1816 1278/1845/1817 1559/1842/1814
f 1063/1846/1252 1059/1847/1248 1060/1848/1249
f 1063/1846/1252 1060/1848/1249 1561/1849/1818
f 1061/1850/1250 1063/1846/1252 1561/1849/1818
f 1061/1850/1250 1561/1849/1818 1064/1851/1253
f 1064/1851/1253 1561/1849/1818 1060/1848/1249
f 1064/1851/1253 1060/1848/1249 1058/1852/1247
f 1065/1853/1254 1064/1851/1253 1058/1852/1247
f 1065/1853/1254 1058/1852/1247 1055/1854/1244
f 1067/1855/1819 1072/1856/1820 1068/1857/1821
f 1067/1855/1819 1070/1858/1822 1072/1856/1820
f 1562/1859/1823 1563/1860/1824 1564/1861/1825
f 1341/1862/1826 1564/1861/1825 1563/1860/1824
f 1341/1862/1826 1342/1863/1827 1564/1861/1825
f 1340/1864/1828 1341/1862/1826 1563/1860/1824
f 1565/1865/1829 1566/1866/1830 1567/1867/1831
f 1565/1865/1829 1567/1867/1831 1568/1868/1832
f 1562/1859/1823 1565/1865/1829 1568/1868/1832
f 1565/1865/1829 1562/1859/1823 1564/1861/1825
f 1565/1865/1829 1564/1861/1825 1569/1869/1833
f 1342/1863/1827 1569/1869/1833 1564/1861/1825
f 1342/1863/1827 1326/1870/1834 1569/1869/1833
f 1172/1871/1835 1569/1869/1833 1326/1870/1834
f 1340/1864/1828 1557/1872/1836 1339/1873/1837
f 1340/1864/1828 1555/1874/1838 1557/1872/1836
f 1340/1864/1828 1563/1860/1824 1555/1874/1838
f 1057/1875/1839 1555/1874/1838 1563/1860/1824
f 1562/1859/1823 1057/1875/1839 1563/1860/1824
f 1057/1875/1839 1562/1859/1823 1570/1876/1840
f 1562/1859/1823 1568/1868/1832 1570/1876/1840
f 1571/1877/1841 1570/1876/1840 1568/1868/1832
f 1571/1877/1841 1568/1868/1832 1567/1867/1831
f 1571/1877/1841 1567/1867/1831 1572/1878/1842
f 1566/1866/1830 1572/1878/1842 1567/1867/1831
f 1566/1866/1830 1573/1879/1843 1572/1878/1842
f 1573/1879/1843 1566/1866/1830 1574/1880/1844
f 1573/1879/1843 1574/1880/1844 1575/1881/1845
f 1576/1882/1846 1573/1879/1843 1575/1881/1845
f 1576/1882/1846 1575/1881/1845 1577/1883/1847
f 1075/1280/1848 1576/1882/1846 1577/1883/1847
f 1075/1280/1848 1577/1883/1847 1076/1282/1849
f 1057/1875/1839 1062/1884/1850 1555/1874/1838
f 1057/1875/1839 1570/1876/1840 1055/1885/1851
f 1571/1877/1841 1055/1885/1851 1570/1876/1840
f 1571/1877/1841 1065/1886/1852 1055/1885/1851
f 1566/1866/1830 1565/1865/1829 1569/1869/1833
f 1566/1866/1830 1569/1869/1833 1574/1880/1844
f 1172/1871/1835 1574/1880/1844 1569/1869/1833
f 1171/1887/1853 1574/1880/1844 1172/1871/1835
f 1171/1887/1853 1575/1881/1845 1574/1880/1844
f 1170/1888/1854 1575/1881/1845 1171/1887/1853
f 1170/1888/1854 1577/1883/1847 1575/1881/1845
f 1195/1889/1399 1577/1883/1847 1170/1888/1854
f 1195/1889/1399 1076/1282/1849 1577/1883/1847
f 1195/1889/1399 1196/1890/1400 1076/1282/1849
f 1197/1891/1855 1076/1282/1849 1196/1890/1400
f 1197/1891/1855 1077/1284/1856 1076/1282/1849
f 1578/1892/1857 1077/1284/1856 1197/1891/1855
f 1578/1892/1857 1579/1893/1858 1077/1284/1856
f 1338/1894/1859 1579/1893/1858 1578/1892/1857
f 1338/1894/1859 1580/1895/1860 1579/1893/1858
f 1339/1873/1837 1580/1895/1860 1338/1894/1859
f 1339/1873/1837 1557/1872/1836 1580/1895/1860
f 1581/1896/1861 1077/1284/1856 1579/1893/1858
f 1581/1896/1861 1074/1277/1862 1077/1284/1856
f 1582/1897/1863 1580/1895/1860 1557/1872/1836
f 1582/1897/1863 1583/1898/1864 1580/1895/1860
f 1583/1898/1864 1087/1899/1865 1580/1895/1860
f 1583/1898/1864 1100/1900/1866 1087/1899/1865
f 1581/1896/1861 1100/1900/1866 1583/1898/1864
f 1581/1896/1861 1096/1901/1867 1100/1900/1866
f 1579/1893/1858 1096/1901/1867 1581/1896/1861
f 1579/1893/1858 1088/1902/1868 1096/1901/1867
f 1580/1895/1860 1088/1902/1868 1579/1893/1858
f 1580/1895/1860 1087/1899/1865 1088/1902/1868
f 1583/1898/1864 1582/1897/1863 1584/1903/1869
f 1583/1898/1864 1584/1903/1869 1585/1904/1870
f 1581/1896/1861 1583/1898/1864 1585/1904/1870
f 1581/1896/1861 1585/1904/1870 1586/1905/1871
f 1074/1277/1862 1581/1896/1861 1586/1905/1871
f 1074/1277/1862 1586/1905/1871 1587/1906/1872
f 1075/1280/1848 1074/1277/1862 1587/1906/1872
f 1075/1280/1848 1587/1906/1872 1588/1907/1873
f 1576/1882/1846 1075/1280/1848 1588/1907/1873
f 1576/1882/1846 1588/1907/1873 1589/1908/1874
f 1573/1879/1843 1576/1882/1846 1589/1908/1874
f 1573/1879/1843 1589/1908/1874 1572/1878/1842
f 1571/1877/1841 1572/1878/1842 1589/1908/1874
f 1571/1877/1841 1589/1908/1874 1588/1907/1873
f 1571/1877/1841 1588/1907/1873 1587/1906/1872
f 1571/1877/1841 1587/1906/1872 1586/1905/1871
f 1571/1877/1841 1586/1905/1871 1585/1904/1870
f 1571/1877/1841 1585/1904/1870 1584/1903/1869
f 1571/1877/1841 1584/1903/1869 1065/1886/1852
f 1582/1897/1863 1065/1886/1852 1584/1903/1869
f 1582/1897/1863 1062/1884/1875 1065/1886/1852
f 1299/1909/1876 1261/1910/1877 1590/1911/1878
f 1590/1911/1878 1261/1910/1877 1262/1912/1469
f 1590/1911/1878 1262/1912/1469 1591/1913/1879
f 1591/1913/1879 1262/1912/1469 1275/1914/1482
f 1591/1913/1879 1275/1914/1482 1592/1915/1880
f 1274/1916/1881 1592/1915/1880 1275/1914/1482
f 1274/1916/1881 1593/1917/1882 1592/1915/1880
f 1274/1916/1881 1594/1918/1883 1593/1917/1882
f 1274/1916/1881 1273/1919/1884 1594/1918/1883
f 1297/1920/1885 1299/1909/1876 1595/1921/1886
f 1299/1909/1876 1590/1911/1878 1595/1921/1886
f 1595/1921/1886 1590/1911/1878 1596/1922/1887
f 1596/1922/1887 1590/1911/1878 1591/1913/1879
f 1596/1922/1887 1591/1913/1879 1597/1923/1888
f 1592/1915/1880 1597/1923/1888 1591/1913/1879
f 1592/1915/1880 1598/1924/1889 1597/1923/1888
f 1593/1917/1882 1598/1924/1889 1592/1915/1880
f 1593/1917/1882 1599/1925/1890 1598/1924/1889
f 1599/1925/1890 1593/1917/1882 1594/1918/1883
f 1599/1925/1890 1594/1918/1883 1600/1926/1891
f 1600/1926/1891 1594/1918/1883 1601/1927/1892
f 1273/1919/1884 1601/1927/1892 1594/1918/1883
f 1273/1919/1884 1271/1928/1893 1601/1927/1892
f 1272/1929/1894 1601/1927/1892 1271/1928/1893
f 1288/1930/1895 1287/1931/1896 1602/1932/1897
f 1288/1930/1895 1602/1932/1897 1603/1933/1898
f 1290/1934/1899 1288/1930/1895 1603/1933/1898
f 1290/1934/1899 1603/1933/1898 1604/1935/1900
f 1292/1936/1901 1290/1934/1899 1604/1935/1900
f 1292/1936/1901 1604/1935/1900 1605/1937/1902
f 1272/1929/1894 1292/1936/1901 1605/1937/1902
f 1272/1929/1894 1605/1937/1902 1606/1938/1903
f 1272/1929/1894 1606/1938/1903 1601/1927/1892
f 1606/1938/1903 1607/1939/1904 1601/1927/1892
f 1600/1926/1891 1601/1927/1892 1607/1939/1904
f 1607/1939/1904 1608/1940/1905 1600/1926/1891
f 1609/1941/1906 1600/1926/1891 1608/1940/1905
f 1609/1941/1906 1599/1925/1890 1600/1926/1891
f 1599/1925/1890 1609/1941/1906 1610/1942/1907
f 1599/1925/1890 1610/1942/1907 1598/1924/1889
f 1598/1924/1889 1610/1942/1907 1611/1943/1908
f 1598/1924/1889 1611/1943/1908 1597/1923/1888
f 1606/1938/1903 1612/1944/1909 1607/1939/1904
f 1613/1945/1910 1612/1944/1909 1606/1938/1903
f 1613/1945/1910 1606/1938/1903 1605/1937/1902
f 1605/1937/1902 1614/1946/1911 1613/1945/1910
f 1605/1937/1902 1604/1935/1900 1614/1946/1911
f 1604/1935/1900 1615/1947/1912 1614/1946/1911
f 1604/1935/1900 1603/1933/1898 1615/1947/1912
f 1603/1933/1898 1616/1948/1913 1615/1947/1912
f 1603/1933/1898 1602/1932/1897 1616/1948/1913
f 1617/1949/1914 1613/1945/1910 1614/1946/1911
f 1617/1949/1914 1618/1950/1915 1613/1945/1910
f 1618/1950/1915 1612/1944/1909 1613/1945/1910
f 1618/1950/1915 1619/1951/1916 1612/1944/1909
f 1612/1944/1909 1619/1951/1916 1607/1939/1904
f 1607/1939/1904 1619/1951/1916 1608/1940/1905
f 1620/1952/1917 1597/1923/1888 1611/1943/1908
f 1620/1952/1917 1596/1922/1887 1597/1923/1888
f 1620/1952/1917 1621/1953/1918 1596/1922/1887
f 1595/1921/1886 1596/1922/1887 1621/1953/1918
f 1622/1954/1919 1595/1921/1886 1621/1953/1918
f 1297/1920/1885 1595/1921/1886 1622/1954/1919
f 1298/1955/1920 1297/1920/1885 1622/1954/1919
f 1298/1955/1920 1622/1954/1919 1623/1956/1921
f 1287/1931/1896 1298/1955/1920 1623/1956/1921
f 1287/1931/1896 1623/1956/1921 1602/1932/1897
f 1602/1932/1897 1623/1956/1921 1624/1957/1922
f 1602/1932/1897 1624/1957/1922 1616/1948/1913
f 1625/1958/1923 1616/1948/1913 1624/1957/1922
f 1625/1958/1923 1626/1959/1924 1616/1948/1913
f 1626/1959/1924 1615/1947/1912 1616/1948/1913
f 1626/1959/1924 1627/1960/1925 1615/1947/1912
f 1627/1960/1925 1614/1946/1911 1615/1947/1912
f 1627/1960/1925 1617/1949/1914 1614/1946/1911
f 1620/1952/1917 1628/1961/1926 1621/1953/1918
f 1622/1954/1919 1621/1953/1918 1628/1961/1926
f 1628/1961/1926 1623/1956/1921 1622/1954/1919
f 1628/1961/1926 1624/1957/1922 1623/1956/1921
f 1629/1962/1927 1624/1957/1922 1628/1961/1926
f 1629/1962/1927 1625/1958/1923 1624/1957/1922
f 1620/1952/1917 1629/1962/1927 1628/1961/1926
f 1630/1963/1928 1631/1964/1929 1632/1965/1930
f 1630/1963/1928 1633/1966/1931 1631/1964/1929
f 1630/1963/1928 1634/1967/1932 1633/1966/1931
f 1630/1963/1928 1635/1968/1933 1634/1967/1932
f 1630/1963/1928 1636/1969/1934 1635/1968/1933
f 1630/1963/1928 1637/1970/1935 1636/1969/1934
f 1630/1963/1928 1638/1971/1936 1637/1970/1935
f 1630/1963/1928 1639/1972/1937 1638/1971/1936
f 1630/1963/1928 1640/1973/1938 1639/1972/1937
f 1630/1963/1928 1641/1974/1939 1640/1973/1938
f 1630/1963/1928 1642/1975/1940 1641/1974/1939
f 1630/1963/1928 1632/1965/1930 1642/1975/1940
f 1643/1945/1941 1644/1935/1942 1645/1937/1943
f 1643/1945/1941 1646/1946/1944 1644/1935/1942
f 1646/1946/1944 1647/1933/1945 1644/1935/1942
f 1646/1946/1944 1648/1947/1946 1647/1933/1945
f 1648/1947/1946 1649/1932/1947 1647/1933/1945
f 1650/1943/1948 1651/1922/1949 1652/1976/1950
f 1651/1922/1949 1653/1977/1951 1652/1976/1950
f 1651/1922/1949 1654/1953/1952 1653/1977/1951
f 1654/1953/1952 1655/1961/1953 1653/1977/1951
f 1655/1961/1953 1656/1958/1954 1653/1977/1951
f 1655/1961/1953 1657/1957/1955 1656/1958/1954
f 1657/1957/1955 1658/1959/1956 1656/1958/1954
f 1657/1957/1955 1659/1948/1957 1658/1959/1956
f 1659/1948/1957 1660/1960/1958 1658/1959/1956
f 1659/1948/1957 1648/1947/1946 1660/1960/1958
f 1648/1947/1946 1661/1949/1959 1660/1960/1958
f 1648/1947/1946 1646/1946/1944 1661/1949/1959
f 1646/1946/1944 1662/1950/1960 1661/1949/1959
f 1646/1946/1944 1643/1945/1941 1662/1950/1960
f 1643/1945/1941 1663/1951/1961 1662/1950/1960
f 1643/1945/1941 1664/1944/1962 1663/1951/1961
f 1645/1937/1943 1664/1944/1962 1643/1945/1941
f 1645/1937/1943 1665/1938/1963 1664/1944/1962
f 1648/1947/1946 1659/1948/1957 1649/1932/1947
f 1659/1948/1957 1666/1956/1964 1649/1932/1947
f 1659/1948/1957 1657/1957/1955 1666/1956/1964
f 1667/1954/1965 1666/1956/1964 1657/1957/1955
f 1667/1954/1965 1657/1957/1955 1655/1961/1953
f 1655/1961/1953 1668/1921/1966 1667/1954/1965
f 1655/1961/1953 1654/1953/1952 1668/1921/1966
f 1654/1953/1952 1669/1911/1967 1668/1921/1966
f 1654/1953/1952 1651/1922/1949 1669/1911/1967
f 1670/1923/1968 1669/1911/1967 1651/1922/1949
f 1650/1943/1948 1670/1923/1968 1651/1922/1949
f 1670/1923/1968 1650/1943/1948 1671/1942/1969
f 1670/1923/1968 1671/1942/1969 1672/1924/1970
f 1672/1924/1970 1671/1942/1969 1673/1941/1971
f 1672/1924/1970 1673/1941/1971 1674/1925/1972
f 1675/1940/1973 1674/1925/1972 1673/1941/1971
f 1675/1940/1973 1676/1926/1974 1674/1925/1972
f 1676/1926/1974 1675/1940/1973 1663/1951/1961
f 1676/1926/1974 1663/1951/1961 1677/1939/1975
f 1677/1939/1975 1663/1951/1961 1664/1944/1962
f 1678/1927/1976 1677/1939/1975 1664/1944/1962
f 1678/1927/1976 1664/1944/1962 1665/1938/1963
f 1516/1928/1977 1678/1927/1976 1665/1938/1963
f 1516/1928/1977 1665/1938/1963 1486/1929/1978
f 1665/1938/1963 1485/1936/1979 1486/1929/1978
f 1665/1938/1963 1645/1937/1943 1485/1936/1979
f 1645/1937/1943 1483/1934/1980 1485/1936/1979
f 1645/1937/1943 1644/1935/1942 1483/1934/1980
f 1644/1935/1942 1470/1930/1981 1483/1934/1980
f 1644/1935/1942 1647/1933/1945 1470/1930/1981
f 1647/1933/1945 1471/1931/1982 1470/1930/1981
f 1647/1933/1945 1649/1932/1947 1471/1931/1982
f 1649/1932/1947 1472/1955/1983 1471/1931/1982
f 1649/1932/1947 1666/1956/1964 1472/1955/1983
f 1666/1956/1964 1473/1920/1984 1472/1955/1983
f 1666/1956/1964 1667/1954/1965 1473/1920/1984
f 1667/1954/1965 1430/1909/1985 1473/1920/1984
f 1667/1954/1965 1668/1921/1966 1430/1909/1985
f 1668/1921/1966 1390/1910/1986 1430/1909/1985
f 1668/1921/1966 1669/1911/1967 1390/1910/1986
f 1679/1913/1987 1390/1910/1986 1669/1911/1967
f 1670/1923/1968 1679/1913/1987 1669/1911/1967
f 1679/1913/1987 1670/1923/1968 1672/1924/1970
f 1679/1913/1987 1672/1924/1970 1680/1915/1988
f 1680/1915/1988 1672/1924/1970 1674/1925/1972
f 1680/1915/1988 1674/1925/1972 1681/1917/1989
f 1676/1926/1974 1681/1917/1989 1674/1925/1972
f 1676/1926/1974 1682/1918/1990 1681/1917/1989
f 1677/1939/1975 1682/1918/1990 1676/1926/1974
f 1677/1939/1975 1678/1927/1976 1682/1918/1990
f 1682/1918/1990 1678/1927/1976 1516/1928/1977
f 1682/1918/1990 1516/1928/1977 1515/1919/1991
f 1681/1917/1989 1682/1918/1990 1515/1919/1991
f 1681/1917/1989 1515/1919/1991 1400/1916/1992
f 1397/1914/1993 1681/1917/1989 1400/1916/1992
f 1397/1914/1993 1680/1915/1988 1681/1917/1989
f 1680/1915/1988 1397/1914/1993 1396/1912/1994
f 1680/1915/1988 1396/1912/1994 1679/1913/1987
f 1679/1913/1987 1396/1912/1994 1390/1910/1986
f 1503/1760/1995 1345/1978/1996 1502/1759/1997
f 1250/1492/1457 1234/1476/1441 1683/1979/1998
f 1233/1475/1440 1683/1979/1998 1234/1476/1441
f 1251/1493/1458 1683/1979/1998 1233/1475/1440
f 1251/1493/1458 1684/1980/1999 1683/1979/1998
f 1684/1980/1999 1251/1493/1458 1241/1483/1448
f 1243/1485/1450 1684/1980/1999 1241/1483/1448
f 1243/1485/1450 1683/1979/1998 1684/1980/1999
f 1243/1485/1450 1685/1981/2000 1683/1979/1998
f 1250/1492/1457 1683/1979/1998 1685/1981/2000
f 1250/1492/1457 1685/1981/2000 1248/1490/1455
f 1243/1485/1450 1248/1490/1455 1685/1981/2000
f 1243/1485/1450 1245/1487/1452 1248/1490/1455
f 1686/1982/2001 1687/1983/2002 1688/1984/2003
f 1686/1982/2001 1689/1985/2001 1687/1983/2002
f 1690/1986/2004 1689/1985/2001 1686/1982/2001
f 1690/1986/2004 1691/1987/2005 1689/1985/2001
f 1692/1988/2006 1691/1987/2005 1690/1986/2004
f 1692/1988/2006 1693/1989/2007 1691/1987/2005
f 1688/1990/2003 1693/1989/2007 1692/1988/2006
f 1688/1990/2003 1687/1991/2002 1693/1989/2007
f 1694/1992/2008 1695/1993/2009 1696/1994/2010
f 1694/1992/2008 1697/1995/2011 1695/1993/2009
f 1698/1996/2012 1697/1995/2011 1694/1992/2008
f 1698/1996/2012 1699/1997/2013 1697/1995/2011
f 1700/1998/2014 1699/1997/2013 1698/1996/2012
f 1700/1998/2014 1701/1999/2015 1699/1997/2013
f 1701/1999/2015 1697/1995/2011 1699/1997/2013
f 1701/1999/2015 1695/2000/2009 1697/1995/2011
f 1696/2001/2010 1695/2000/2009 1701/1999/2015
f 1696/2001/2010 1701/1999/2015 1700/1998/2014
f 1687/1991/2016 1696/2001/2010 1700/1998/2014
f 1687/1991/2016 1700/1998/2014 1693/1989/2017
f 1693/1989/2017 1700/1998/2014 1698/1996/2012
f 1693/1989/2017 1698/1996/2012 1691/1987/2018
f 1691/1987/2018 1698/1996/2012 1694/1992/2008
f 1691/1987/2018 1694/1992/2008 1689/1985/2019
f 1689/1985/2019 1694/1992/2008 1696/1994/2010
f 1689/1985/2019 1696/1994/2010 1687/1983/2016
f 1702/2002/2020 1560/2003/1815 1558/2004/1813
f 1703/2005/2021 1704/2006/2022 1705/2007/2023
f 1703/2005/2021 1705/2007/2023 1702/2002/2020
f 1702/2002/2020 1705/2007/2023 1560/2003/1815
f 1335/2008/1816 1560/2003/1815 1705/2007/2023
f 1349/2009/2024 1706/2010/2025 1347/2011/2026
f 1349/2009/2024 1707/2012/2027 1706/2010/2025
f 1335/2008/1816 1707/2012/2027 1349/2009/2024
f 1335/2008/1816 1708/2013/2028 1707/2012/2027
f 1705/2007/2023 1708/2013/2028 1335/2008/1816
f 1705/2007/2023 1709/2014/2029 1708/2013/2028
f 1705/2007/2023 1704/2006/2022 1709/2014/2029
f 1559/2015/1814 1709/2014/2029 1704/2006/2022
f 1556/2016/1811 1559/2015/1814 1704/2006/2022
f 1556/2016/1811 1704/2006/2022 1703/2005/2021
f 1557/2017/1812 1556/2016/1811 1703/2005/2021
f 1557/2017/1812 1703/2005/2021 1582/2018/2030
f 1582/2018/2030 1703/2005/2021 1702/2002/2020
f 1582/2018/2030 1702/2002/2020 1062/2019/2031
f 1062/2019/2031 1702/2002/2020 1558/2004/1813
f 1062/2019/2031 1558/2004/1813 1555/2020/1810
f 1709/2014/2029 1357/2021/2032 1358/2022/2033
f 1709/2014/2029 1325/2023/2034 1357/2021/2032
f 1709/2014/2029 1278/2024/1817 1325/2023/2034
f 1559/2015/1814 1278/2024/1817 1709/2014/2029
f 1709/2014/2029 1707/2012/2027 1708/2013/2028
f 1709/2014/2029 1358/2022/2033 1707/2012/2027
f 1706/2010/2025 1707/2012/2027 1358/2022/2033
f 1706/2010/2025 1358/2022/2033 1710/2025/2035
f 1710/2025/2035 1711/2026/2036 1706/2010/2025
f 1710/2025/2035 1712/2027/2037 1711/2026/2036
f 1712/2027/2037 1713/2028/2038 1711/2026/2036
f 1712/2027/2037 1714/2029/2039 1713/2028/2038
f 1714/2029/2039 1715/2030/2040 1713/2028/2038
f 1714/2029/2039 1716/2031/2041 1715/2030/2040
f 1717/2032/2042 1716/2031/2041 1714/2029/2039
f 1717/2032/2042 1718/2033/2043 1716/2031/2041
f 1719/2034/2044 1718/2033/2043 1717/2032/2042
f 1719/2034/2044 1720/2035/2045 1718/2033/2043
f 1713/2028/2038 1720/2035/2045 1719/2034/2044
f 1713/2028/2038 1715/2030/2040 1720/2035/2045
f 1322/2036/2046 1358/2022/2033 1324/2037/2047
f 1322/2036/2046 1710/2025/2035 1358/2022/2033
f 1314/2038/2048 1710/2025/2035 1322/2036/2046
f 1314/2038/2048 1712/2027/2037 1710/2025/2035
f 1315/2039/1759 1712/2027/2037 1314/2038/2048
f 1315/2039/1759 1714/2029/2039 1712/2027/2037
f 1714/2029/2039 1315/2039/1759 1509/2040/1758
f 1497/2041/2049 1714/2029/2039 1509/2040/1758
f 1497/2041/2049 1717/2032/2042 1714/2029/2039
f 1498/2042/2050 1717/2032/2042 1497/2041/2049
f 1498/2042/2050 1719/2034/2044 1717/2032/2042
f 1502/2043/1997 1719/2034/2044 1498/2042/2050
f 1502/2043/1997 1713/2028/2038 1719/2034/2044
f 1713/2028/2038 1502/2043/1997 1345/2044/1996
f 1344/2045/2051 1713/2028/2038 1345/2044/1996
f 1344/2045/2051 1711/2026/2036 1713/2028/2038
f 1347/2011/2026 1711/2026/2036 1344/2045/2051
f 1347/2011/2026 1706/2010/2025 1711/2026/2036
f 1163/2046/1362 1162/2047/1361 1721/2048/2052
f 1180/1417/2053 1721/2048/2052 1162/2047/1361
f 1183/1421/2054 1721/2048/2052 1180/1417/2053
f 1183/1421/2054 1722/2049/2055 1721/2048/2052
f 1331/1573/2056 1722/2049/2055 1183/1421/2054
f 1331/1573/2056 1723/2050/2057 1722/2049/2055
f 1337/1582/2058 1723/2050/2057 1331/1573/2056
f 1337/1582/2058 1724/2051/2059 1723/2050/2057
f 1724/2051/2059 1337/1582/2058 1164/1596/1363
f 1724/2051/2059 1164/1596/1363 1163/2046/1362
f 1163/2046/1362 1721/2048/2052 1724/2051/2059
f 1723/2050/2057 1724/2051/2059 1721/2048/2052
f 1723/2050/2057 1721/2048/2052 1722/2049/2055
f 1180/1417/2053 1162/2047/1361 1161/1418/1360
f 1725/2052/2060 1726/2053/2061 1727/2054/2062
f 1725/2052/2060 1197/1435/1401 1726/2053/2061
f 1725/2052/2060 1578/2055/2063 1197/1435/1401
f 1257/1499/1464 1258/1500/1465 1203/1441/1407
f 1728/2056/2064 1203/1441/1407 1258/1500/1465
f 1728/2056/2064 1258/1500/1465 1259/1501/1466
f 1259/1501/1466 1727/2054/2062 1728/2056/2064
f 1728/2056/2064 1727/2054/2062 1729/2057/2065
f 1726/2053/2061 1729/2057/2065 1727/2054/2062
f 1726/2053/2061 1730/2058/2066 1729/2057/2065
f 1726/2053/2061 1197/1435/1401 1730/2058/2066
f 1730/2058/2066 1197/1435/1401 1199/1437/1403
f 1730/2058/2066 1199/1437/1403 1201/1439/1405
f 1730/2058/2066 1201/1439/1405 1729/2057/2065
f 1729/2057/2065 1201/1439/1405 1203/1441/1407
f 1729/2057/2065 1203/1441/1407 1728/2056/2064
f 1731/2059/2067 1732/2060/2068 1279/1521/1486
f 1732/2060/2068 1281/1523/1488 1279/1521/1486
f 1281/1523/1488 1732/2060/2068 1294/1536/1501
f 1732/2060/2068 1733/2061/2069 1294/1536/1501
f 1296/1538/1503 1294/1536/1501 1733/2061/2069
f 1734/2062/2070 1296/1538/1503 1733/2061/2069
f 1296/1538/1503 1734/2062/2070 1299/1541/1506
f 1734/2062/2070 1261/1503/2071 1299/1541/1506
f 1261/1503/2071 1734/2062/2070 1735/2063/2072
f 1261/1503/2071 1735/2063/2072 1260/1502/2073
f 1736/2064/2074 1260/1502/2073 1735/2063/2072
f 1736/2064/2074 1259/1501/2075 1260/1502/2073
f 1259/1501/2075 1736/2064/2074 1727/2054/2062
f 1736/2064/2074 1737/2065/2076 1727/2054/2062
f 1725/2052/2060 1727/2054/2062 1737/2065/2076
f 1276/1518/1483 1725/2052/2060 1737/2065/2076
f 1578/2055/2063 1725/2052/2060 1276/1518/1483
f 1578/2055/2063 1276/1518/1483 1338/1583/1548
f 1732/2060/2068 1731/2059/2067 1733/2061/2069
f 1276/1518/1483 1737/2065/2076 1279/1521/1486
f 1731/2059/2067 1279/1521/1486 1737/2065/2076
f 1736/2064/2074 1731/2059/2067 1737/2065/2076
f 1731/2059/2067 1736/2064/2074 1735/2063/2072
f 1731/2059/2067 1735/2063/2072 1733/2061/2069
f 1734/2062/2070 1733/2061/2069 1735/2063/2072
f 1738/2066/2077 1739/2067/2078 1740/2068/2079
f 1738/2066/2077 1741/2069/2080 1739/2067/2078
f 1742/2070/2081 1743/2071/2082 1744/2072/2083
f 1742/2070/2081 1744/2072/2083 1741/2069/2080
f 1741/2069/2080 1744/2072/2083 1745/2073/2084
f 1741/2069/2080 1745/2073/2084 1739/2067/2078
f 1739/2067/2078 1745/2073/2084 1746/2074/2085
f 1739/2067/2078 1746/2074/2085 1747/2075/2086
f 1740/2068/2079 1739/2067/2078 1747/2075/2086
f 1740/2068/2079 1747/2075/2086 1748/2076/2087
f 1740/2068/2079 1748/2076/2087 1749/2077/2088
f 1738/2066/2077 1740/2068/2079 1749/2077/2088
f 1750/2078/2089 1738/2066/2077 1749/2077/2088
f 1750/2078/2089 1741/2069/2080 1738/2066/2077
f 1750/2078/2089 1742/2070/2081 1741/2069/2080
f 1751/2079/2090 1742/2070/2081 1750/2078/2089
f 1751/2079/2090 1752/2080/2091 1742/2070/2081
f 1753/2081/2092 1752/2080/2091 1751/2079/2090
f 1753/2081/2092 1754/2082/2093 1752/2080/2091
f 1755/2083/2094 1754/2082/2093 1753/2081/2092
f 1755/2083/2094 1756/2084/2095 1754/2082/2093
f 1757/2085/2096 1756/2084/2095 1755/2083/2094
f 1757/2085/2096 1758/2086/2097 1756/2084/2095
f 1759/2087/2098 1758/2086/2097 1757/2085/2096
f 1759/2087/2098 1760/2088/2099 1758/2086/2097
f 1761/2089/2100 1760/2088/2099 1759/2087/2098
f 1761/2089/2100 1759/2087/2098 1749/2077/2088
f 1759/2087/2098 1757/2085/2096 1749/2077/2088
f 1757/2085/2096 1755/2083/2094 1749/2077/2088
f 1755/2083/2094 1753/2081/2092 1749/2077/2088
f 1753/2081/2092 1751/2079/2090 1749/2077/2088
f 1751/2079/2090 1750/2078/2089 1749/2077/2088
f 1761/2089/2100 1762/2090/2101 1760/2088/2099
f 1763/2091/2102 1762/2090/2101 1761/2089/2100
f 1763/2091/2102 1761/2089/2100 1749/2077/2088
f 1764/2092/2103 1763/2091/2102 1749/2077/2088
f 1748/2076/2087 1764/2092/2103 1749/2077/2088
f 1748/2076/2087 1765/2093/2104 1764/2092/2103
f 1748/2076/2087 1747/2075/2086 1765/2093/2104
f 1747/2075/2086 1766/2094/2105 1765/2093/2104
f 1747/2075/2086 1746/2074/2085 1766/2094/2105
f 1746/2074/2085 1626/2095/2106 1766/2094/2105
f 1746/2074/2085 1627/2096/2107 1626/2095/2106
f 1745/2073/2084 1627/2096/2107 1746/2074/2085
f 1745/2073/2084 1617/2097/2108 1627/2096/2107
f 1744/2072/2083 1617/2097/2108 1745/2073/2084
f 1744/2072/2083 1618/2098/2109 1617/2097/2108
f 1743/2071/2082 1618/2098/2109 1744/2072/2083
f 1743/2071/2082 1619/2099/2110 1618/2098/2109
f 1767/2100/2111 1619/2099/2110 1743/2071/2082
f 1765/2093/2104 1766/2094/2105 1768/2101/2112
f 1765/2093/2104 1768/2101/2112 1769/2102/2113
f 1764/2092/2103 1765/2093/2104 1769/2102/2113
f 1764/2092/2103 1769/2102/2113 1763/2091/2102
f 1763/2091/2102 1769/2102/2113 1762/2090/2101
f 1769/2102/2113 1770/2103/2114 1762/2090/2101
f 1762/2090/2101 1770/2103/2114 1771/2104/2115
f 1762/2090/2101 1771/2104/2115 1760/2088/2099
f 1760/2088/2099 1771/2104/2115 1772/2105/2116
f 1760/2088/2099 1772/2105/2116 1758/2086/2097
f 1758/2086/2097 1772/2105/2116 1773/2106/2117
f 1758/2086/2097 1773/2106/2117 1756/2084/2095
f 1756/2084/2095 1773/2106/2117 1774/2107/2118
f 1756/2084/2095 1774/2107/2118 1754/2082/2093
f 1754/2082/2093 1774/2107/2118 1767/2100/2111
f 1754/2082/2093 1767/2100/2111 1752/2080/2091
f 1752/2080/2091 1767/2100/2111 1743/2071/2082
f 1752/2080/2091 1743/2071/2082 1742/2070/2081
f 1769/2102/2113 1768/2101/2112 1770/2103/2114
f 1767/2100/2111 1608/2108/2119 1619/2099/2110
f 1774/2107/2118 1608/2108/2119 1767/2100/2111
f 1774/2107/2118 1609/2109/2120 1608/2108/2119
f 1773/2106/2117 1609/2109/2120 1774/2107/2118
f 1773/2106/2117 1610/2110/2121 1609/2109/2120
f 1772/2105/2116 1610/2110/2121 1773/2106/2117
f 1772/2105/2116 1611/2111/2122 1610/2110/2121
f 1771/2104/2115 1611/2111/2122 1772/2105/2116
f 1771/2104/2115 1620/2112/2123 1611/2111/2122
f 1770/2103/2114 1620/2112/2123 1771/2104/2115
f 1770/2103/2114 1629/2113/2124 1620/2112/2123
f 1768/2101/2112 1629/2113/2124 1770/2103/2114
f 1768/2101/2112 1625/2114/2125 1629/2113/2124
f 1766/2094/2105 1625/2114/2125 1768/2101/2112
f 1766/2094/2105 1626/2095/2106 1625/2114/2125
f 1503/1760/2126 1343/2115/1553 1345/1978/1555
f 1503/1760/2126 1501/1758/2127 1343/2115/1553
f 1501/1758/2127 1351/2116/1566 1343/2115/1553
f 1501/1758/2127 1491/1748/2128 1351/2116/1566
f 1491/1748/2128 1352/1746/1568 1351/2116/1566
f 1155/1384/2129 1164/1393/1564 1116/1326/1565
f 1155/1384/2129 1116/1326/1565 1115/1325/2130
f 1153/1382/1664 1155/1384/2129 1115/1325/2130
f 1153/1382/1664 1115/1325/2130 1439/1695/1666
f 1439/1695/1666 1115/1325/2130 1121/1331/2131
f 1439/1695/1666 1121/1331/2131 1475/1731/1703
f 1120/1330/1719 1475/1731/1703 1121/1331/2131
f 1332/1574/2132 1109/2117/1298 1108/1576/1297
f 1110/2118/1299 1692/2119/2133 1690/2120/2134
f 1110/2118/1299 1690/2120/2134 1106/2121/1295
f 1103/2122/1292 1106/2121/1295 1690/2120/2134
f 1103/2122/1292 1690/2120/2134 1686/2123/2135
f 1104/1581/1293 1103/2122/1292 1686/2123/2135
f 1686/2123/2135 1332/1574/2132 1104/1581/1293
f 1686/2123/2135 1688/2124/2136 1332/1574/2132
f 1332/1574/2132 1688/2124/2136 1109/2117/1298
f 1688/2124/2136 1110/2118/1299 1109/2117/1298
f 1688/2124/2136 1692/2119/2133 1110/2118/1299
f 1110/2118/1299 1106/2121/1295 1107/2125/1296
f 1775/2079/2137 1776/2080/2138 1777/2082/2139
f 1778/2078/2140 1776/2080/2138 1775/2079/2137
f 1778/2078/2140 1779/2070/2141 1776/2080/2138
f 1780/2126/2142 1781/2127/2143 1782/2128/2144
f 1783/2086/2145 1781/2127/2143 1780/2126/2142
f 1783/2086/2145 1784/2105/2146 1781/2127/2143
f 1785/2084/2147 1784/2105/2146 1783/2086/2145
f 1785/2084/2147 1786/2106/2148 1784/2105/2146
f 1777/2082/2139 1786/2106/2148 1785/2084/2147
f 1787/2081/2149 1777/2082/2139 1785/2084/2147
f 1775/2079/2137 1777/2082/2139 1787/2081/2149
f 1775/2079/2137 1787/2081/2149 1788/2077/2150
f 1778/2078/2140 1775/2079/2137 1788/2077/2150
f 1789/2066/2151 1778/2078/2140 1788/2077/2150
f 1789/2066/2151 1779/2070/2141 1778/2078/2140
f 1789/2066/2151 1790/2069/2152 1779/2070/2141
f 1791/2068/2153 1790/2069/2152 1789/2066/2151
f 1791/2068/2153 1792/2067/2154 1790/2069/2152
f 1793/2076/2155 1792/2067/2154 1791/2068/2153
f 1793/2076/2155 1794/2075/2156 1792/2067/2154
f 1795/2092/2157 1794/2075/2156 1793/2076/2155
f 1795/2092/2157 1796/2093/2158 1794/2075/2156
f 1797/2091/2159 1796/2093/2158 1795/2092/2157
f 1797/2091/2159 1798/2102/2160 1796/2093/2158
f 1799/2129/2161 1798/2102/2160 1797/2091/2159
f 1799/2129/2161 1800/2130/2162 1798/2102/2160
f 1801/2131/2163 1800/2130/2162 1799/2129/2161
f 1801/2131/2163 1780/2126/2142 1800/2130/2162
f 1802/2085/2164 1780/2126/2142 1801/2131/2163
f 1802/2085/2164 1783/2086/2145 1780/2126/2142
f 1803/2083/2165 1783/2086/2145 1802/2085/2164
f 1803/2083/2165 1785/2084/2147 1783/2086/2145
f 1787/2081/2149 1785/2084/2147 1803/2083/2165
f 1787/2081/2149 1803/2083/2165 1788/2077/2150
f 1803/2083/2165 1802/2085/2164 1788/2077/2150
f 1802/2085/2164 1801/2131/2163 1788/2077/2150
f 1801/2131/2163 1799/2129/2161 1788/2077/2150
f 1799/2129/2161 1797/2091/2159 1788/2077/2150
f 1797/2091/2159 1795/2092/2157 1788/2077/2150
f 1795/2092/2157 1793/2076/2155 1788/2077/2150
f 1793/2076/2155 1791/2068/2153 1788/2077/2150
f 1791/2068/2153 1789/2066/2151 1788/2077/2150
f 1777/2082/2139 1804/2107/2166 1786/2106/2148
f 1776/2080/2138 1804/2107/2166 1777/2082/2139
f 1776/2080/2138 1805/2100/2167 1804/2107/2166
f 1779/2070/2141 1805/2100/2167 1776/2080/2138
f 1779/2070/2141 1806/2071/2168 1805/2100/2167
f 1790/2069/2152 1806/2071/2168 1779/2070/2141
f 1790/2069/2152 1807/2072/2169 1806/2071/2168
f 1792/2067/2154 1807/2072/2169 1790/2069/2152
f 1792/2067/2154 1808/2073/2170 1807/2072/2169
f 1794/2075/2156 1808/2073/2170 1792/2067/2154
f 1794/2075/2156 1809/2074/2171 1808/2073/2170
f 1796/2093/2158 1809/2074/2171 1794/2075/2156
f 1796/2093/2158 1810/2094/2172 1809/2074/2171
f 1798/2102/2160 1810/2094/2172 1796/2093/2158
f 1798/2102/2160 1811/2101/2173 1810/2094/2172
f 1800/2130/2162 1811/2101/2173 1798/2102/2160
f 1800/2130/2162 1782/2128/2144 1811/2101/2173
f 1780/2126/2142 1782/2128/2144 1800/2130/2162
f 1808/2073/2170 1661/2097/2174 1662/2098/2175
f 1809/2074/2171 1661/2097/2174 1808/2073/2170
f 1809/2074/2171 1660/2096/2176 1661/2097/2174
f 1810/2094/2172 1660/2096/2176 1809/2074/2171
f 1810/2094/2172 1658/2095/2177 1660/2096/2176
f 1811/2101/2173 1658/2095/2177 1810/2094/2172
f 1811/2101/2173 1656/2114/2178 1658/2095/2177
f 1782/2128/2144 1656/2114/2178 1811/2101/2173
f 1782/2128/2144 1653/2132/2179 1656/2114/2178
f 1781/2127/2143 1653/2132/2179 1782/2128/2144
f 1781/2127/2143 1652/2133/2180 1653/2132/2179
f 1784/2105/2146 1652/2133/2180 1781/2127/2143
f 1784/2105/2146 1650/2111/2181 1652/2133/2180
f 1786/2106/2148 1650/2111/2181 1784/2105/2146
f 1786/2106/2148 1671/2110/2182 1650/2111/2181
f 1804/2107/2166 1671/2110/2182 1786/2106/2148
f 1804/2107/2166 1673/2109/2183 1671/2110/2182
f 1805/2100/2167 1673/2109/2183 1804/2107/2166
f 1805/2100/2167 1675/2108/2184 1673/2109/2183
f 1806/2071/2168 1675/2108/2184 1805/2100/2167
f 1806/2071/2168 1663/2099/2185 1675/2108/2184
f 1807/2072/2169 1663/2099/2185 1806/2071/2168
f 1807/2072/2169 1662/2098/2175 1663/2099/2185
f 1808/2073/2170 1662/2098/2175 1807/2072/2169
f 1812/2134/2186 1813/2135/2187 1814/2136/2188
f 1814/2136/2188 1813/2135/2187 1815/2137/2189
f 1815/2137/2189 1813/2135/2187 1816/2138/2190
f 1816/2138/2190 1813/2135/2187 1812/2134/2186
f 1715/2030/2191 1816/2138/2190 1812/2134/2186
f 1715/2030/2191 1812/2134/2186 1720/2035/2192
f 1720/2035/2192 1812/2134/2186 1814/2136/2188
f 1720/2035/2192 1814/2136/2188 1718/2033/2193
f 1718/2033/2193 1814/2136/2188 1815/2137/2189
f 1718/2033/2193 1815/2137/2189 1716/2031/2194
f 1716/2031/2194 1815/2137/2189 1816/2138/2190
f 1716/2031/2194 1816/2138/2190 1715/2030/2191
f 1817/2139/2195 1818/2140/2196 1819/2141/2197
f 1818/2140/2196 1817/2139/2195 1820/2142/2198
f 1821/2143/2199 1818/2140/2196 1820/2142/2198
f 1822/2144/2200 1818/2140/2196 1821/2143/2199
f 1822/2144/2200 1819/2141/2197 1818/2140/2196
f 1218/1460/1422 1823/2145/2201 1230/1472/1434
f 1819/2141/2197 1230/1472/1434 1823/2145/2201
f 1819/2141/2197 1220/1462/1424 1230/1472/1434
f 1819/2141/2197 1822/2144/2200 1220/1462/1424
f 1221/1463/1425 1220/1462/1424 1822/2144/2200
f 1221/1463/1425 1822/2144/2200 1821/2143/2199
f 1222/1464/1426 1221/1463/1425 1821/2143/2199
f 1222/1464/1426 1821/2143/2199 1824/2146/2202
f 1224/1466/1428 1222/1464/1426 1824/2146/2202
f 1224/1466/1428 1824/2146/2202 1227/1469/1431
f 1227/1469/1431 1824/2146/2202 1821/2143/2199
f 1227/1469/1431 1821/2143/2199 1825/2147/2203
f 1820/2142/2198 1825/2147/2203 1821/2143/2199
f 1820/2142/2198 1826/2148/2204 1825/2147/2203
f 1820/2142/2198 1827/2149/2205 1826/2148/2204
f 1827/2149/2205 1820/2142/2198 1828/2150/2206
f 1817/2139/2195 1828/2150/2206 1820/2142/2198
f 1817/2139/2195 1829/2151/2207 1828/2150/2206
f 1228/1470/1432 1227/1469/1431 1825/2147/2203
f 1228/1470/1432 1825/2147/2203 1233/1475/2208
f 1826/2148/2204 1233/1475/2208 1825/2147/2203
f 1826/2148/2204 1251/1493/2209 1233/1475/2208
f 1251/1493/2209 1826/2148/2204 1239/1481/2210
f 1827/2149/2205 1239/1481/2210 1826/2148/2204
f 1827/2149/2205 1238/1480/2211 1239/1481/2210
f 1828/2150/2206 1238/1480/2211 1827/2149/2205
f 1828/2150/2206 1362/1610/2212 1238/1480/2211
f 1828/2150/2206 1365/1613/2213 1362/1610/2212
f 1829/2151/2207 1365/1613/2213 1828/2150/2206
f 1829/2151/2207 1361/1609/2214 1365/1613/2213
f 1361/1609/2214 1829/2151/2207 1830/2152/2215
f 1361/1609/2214 1830/2152/2215 1359/1607/2216
f 1359/1607/2216 1830/2152/2215 1831/2153/2217
f 1359/1607/2216 1831/2153/2217 1369/1617/2218
f 1832/2154/2219 1369/1617/2218 1831/2153/2217
f 1832/2154/2219 1371/1619/2220 1369/1617/2218
f 1829/2151/2207 1817/2139/2195 1833/2155/2221
f 1829/2151/2207 1833/2155/2221 1830/2152/2215
f 1830/2152/2215 1833/2155/2221 1834/2156/2222
f 1830/2152/2215 1834/2156/2222 1831/2153/2217
f 1835/2157/2223 1831/2153/2217 1834/2156/2222
f 1835/2157/2223 1832/2154/2219 1831/2153/2217
f 1832/2154/2219 1835/2157/2223 1836/2158/2224
f 1832/2154/2219 1836/2158/2224 1837/2159/2225
f 1837/2159/2225 1836/2158/2224 1838/2160/2226
f 1837/2159/2225 1838/2160/2226 1839/2161/2227
f 1836/2158/2224 1840/2162/2228 1838/2160/2226
f 1836/2158/2224 1841/2163/2229 1840/2162/2228
f 1841/2163/2229 1836/2158/2224 1835/2157/2223
f 1841/2163/2229 1835/2157/2223 1842/2164/2230
f 1842/2164/2230 1835/2157/2223 1843/2165/2231
f 1843/2165/2231 1835/2157/2223 1834/2156/2222
f 1843/2165/2231 1834/2156/2222 1844/2166/2232
f 1833/2155/2221 1844/2166/2232 1834/2156/2222
f 1833/2155/2221 1817/2139/2195 1844/2166/2232
f 1817/2139/2195 1845/2167/2233 1844/2166/2232
f 1817/2139/2195 1819/2141/2197 1845/2167/2233
f 1819/2141/2197 1823/2145/2201 1845/2167/2233
f 1844/2166/2232 1845/2167/2233 1823/2145/2201
f 1844/2166/2232 1823/2145/2201 1843/2165/2231
f 1371/1619/2220 1832/2154/2219 1837/2159/2225
f 1371/1619/2220 1837/2159/2225 1373/1621/1593
f 1373/1621/1593 1837/2159/2225 1839/2161/2227
f 1373/1621/1593 1839/2161/2227 1383/1631/1603
f 1846/2168/2234 1383/1631/1603 1839/2161/2227
f 1846/2168/2234 1839/2161/2227 1847/2169/2235
f 1847/2169/2235 1839/2161/2227 1838/2160/2226
f 1847/2169/2235 1838/2160/2226 1848/2170/2236
f 1840/2162/2228 1848/2170/2236 1838/2160/2226
f 1840/2162/2228 1849/2171/2237 1848/2170/2236
f 1850/2172/2238 1849/2171/2237 1840/2162/2228
f 1841/2163/2229 1850/2172/2238 1840/2162/2228
f 1841/2163/2229 1216/1458/1420 1850/2172/2238
f 1842/2164/2230 1216/1458/1420 1841/2163/2229
f 1842/2164/2230 1217/1459/1421 1216/1458/1420
f 1217/1459/1421 1842/2164/2230 1843/2165/2231
f 1217/1459/1421 1843/2165/2231 1218/1460/1422
f 1218/1460/1422 1843/2165/2231 1823/2145/2201
f 1381/1629/1601 1393/1641/1614 1379/1627/1599
f 1381/1629/1601 1402/1650/1623 1393/1641/1614
f 1381/1629/1601 1382/1630/1602 1402/1650/1623
f 1402/1650/1623 1382/1630/1602 1407/1655/1628
f 1382/1630/1602 1383/1631/1603 1407/1655/1628
f 1383/1631/1603 1409/1657/1630 1407/1655/1628
f 1383/1631/1603 1846/2168/2234 1409/1657/1630
f 1846/2168/2234 1411/1659/1632 1409/1657/1630
f 1847/2169/2235 1411/1659/1632 1846/2168/2234
f 1847/2169/2235 1417/1671/1638 1411/1659/1632
f 1417/1671/1638 1847/2169/2235 1848/2170/2236
f 1044/1673/1233 1417/1671/1638 1848/2170/2236
f 1044/1673/1233 1848/2170/2236 1047/1457/1236
f 1849/2171/2237 1047/1457/1236 1848/2170/2236
f 1215/1456/1419 1047/1457/1236 1849/2171/2237
f 1850/2172/2238 1215/1456/1419 1849/2171/2237
f 1215/1456/1419 1850/2172/2238 1214/1455/1418
f 1216/1458/1420 1214/1455/1418 1850/2172/2238
f 1851/2173/2239 1852/2174/2240 1853/2175/2241
f 1853/2175/2241 1854/2176/2242 1851/2173/2239
f 1855/2177/2243 1851/2173/2239 1854/2176/2242
f 1855/2177/2243 1854/2176/2242 1856/2178/2244
f 1857/2179/2245 1855/2177/2243 1856/2178/2244
f 1852/2174/2240 1858/2180/2246 1859/2181/2247
f 1852/2174/2240 1859/2181/2247 1853/2175/2241
f 1853/2175/2241 1859/2181/2247 1860/2182/2248
f 1860/2182/2248 1854/2176/2242 1853/2175/2241
f 1854/2176/2242 1860/2182/2248 1861/2183/2249
f 1854/2176/2242 1861/2183/2249 1856/2178/2244
f 1856/2178/2244 1861/2183/2249 1862/2184/2250
f 1856/2178/2244 1862/2184/2250 1857/2179/2245
f 1863/2185/2251 1857/2179/2245 1862/2184/2250
f 1863/2185/2251 1855/2177/2243 1857/2179/2245
f 1855/2177/2243 1863/2185/2251 1864/2186/2252
f 1855/2177/2243 1864/2186/2252 1865/2187/2253
f 1866/2188/2254 1855/2177/2243 1865/2187/2253
f 1866/2188/2254 1851/2173/2239 1855/2177/2243
f 613/740/2255 1862/2184/2250 1861/2183/2249
f 1867/2189/2256 1862/2184/2250 613/740/2255
f 1863/2185/2251 1862/2184/2250 1867/2189/2256
f 1863/2185/2251 1867/2189/2256 1868/2190/2257
f 1863/2185/2251 1868/2190/2257 1864/2186/2252
f 1869/2191/2258 1864/2186/2252 1868/2190/2257
f 1865/2187/2253 1864/2186/2252 1869/2191/2258
f 1870/2192/2259 1865/2187/2253 1869/2191/2258
f 1871/2193/2260 1865/2187/2253 1870/2192/2259
f 1871/2193/2260 1866/2188/2254 1865/2187/2253
f 1866/2188/2254 1871/2193/2260 1872/2194/2261
f 1851/2173/2239 1866/2188/2254 1872/2194/2261
f 1851/2173/2239 1872/2194/2261 1873/2195/2262
f 1851/2173/2239 1873/2195/2262 1852/2174/2240
f 1852/2174/2240 1873/2195/2262 1874/2196/2263
f 1874/2196/2263 1858/2180/2246 1852/2174/2240
f 1874/2196/2263 1875/2197/2264 1858/2180/2246
f 1873/2195/2262 1875/2197/2264 1874/2196/2263
f 1873/2195/2262 1876/2198/2265 1875/2197/2264
f 1872/2194/2261 1876/2198/2265 1873/2195/2262
f 1869/2191/2258 1868/2190/2257 1877/2199/2266
f 1870/2192/2259 1869/2191/2258 1878/2200/2267
f 1869/2191/2258 1879/2201/2268 1878/2200/2267
f 1869/2191/2258 1877/2199/2266 1879/2201/2268
f 581/707/689 1879/2201/2268 1877/2199/2266
f 581/707/689 1877/2199/2266 1868/2190/2257
f 1868/2190/2257 579/705/687 581/707/689
f 1868/2190/2257 597/723/2269 579/705/687
f 1868/2190/2257 596/722/2270 597/723/2269
f 596/722/2270 1868/2190/2257 1867/2189/2256
f 1867/2189/2256 609/736/2271 596/722/2270
f 1867/2189/2256 608/735/2272 609/736/2271
f 1867/2189/2256 615/742/2273 608/735/2272
f 1867/2189/2256 612/739/2274 615/742/2273
f 1867/2189/2256 613/740/2255 612/739/2274
f 1880/2202/2275 1881/2203/2276 589/715/2277
f 1878/2200/2267 1881/2203/2276 1880/2202/2275
f 1878/2200/2267 1879/2201/2268 1881/2203/2276
f 587/713/2278 1881/2203/2276 1879/2201/2268
f 587/713/2278 1879/2201/2268 581/707/689
f 589/715/2277 1881/2203/2276 587/713/2278
f 589/715/2277 627/758/2279 1882/2204/2280
f 629/760/2281 1882/2204/2280 627/758/2279
f 1870/2192/2259 1878/2200/2267 1880/2202/2275
f 1870/2192/2259 1880/2202/2275 1871/2193/2260
f 1880/2202/2275 589/715/2277 1871/2193/2260
f 589/715/2277 1872/2194/2261 1871/2193/2260
f 589/715/2277 1882/2204/2280 1872/2194/2261
f 1872/2194/2261 1882/2204/2280 1876/2198/2265
f 629/760/2281 1876/2198/2265 1882/2204/2280
f 631/762/2282 1876/2198/2265 629/760/2281
f 631/762/2282 1875/2197/2264 1876/2198/2265
f 633/764/2283 1875/2197/2264 631/762/2282
f 633/764/2283 1858/2180/2246 1875/2197/2264
f 634/765/2284 1858/2180/2246 633/764/2283
f 634/765/2284 1859/2181/2247 1858/2180/2246
f 636/767/2285 1859/2181/2247 634/765/2284
f 636/767/2285 1860/2182/2248 1859/2181/2247
f 614/741/2286 1860/2182/2248 636/767/2285
f 614/741/2286 1861/2183/2249 1860/2182/2248
f 613/740/2255 1861/2183/2249 614/741/2286
f 1883/2205/2287 594/112/2288 580/109/2289
f 594/112/2288 1883/2205/2287 597/111/2290
f 1884/2206/2291 597/111/2290 1883/2205/2287
f 1885/2207/2292 597/111/2290 1884/2206/2291
f 1884/2206/2291 1886/2208/2293 1885/2207/2292
f 1885/2207/2292 1886/2208/2293 579/110/2294
f 579/110/2294 1886/2208/2293 580/109/2289
f 580/109/2289 1886/2208/2293 1883/2205/2287
f 1884/2206/2291 1883/2205/2287 1886/2208/2293
f 1885/2207/2292 579/110/2294 597/111/2290
f 1887/2209/2295 608/112/2296 615/109/2297
f 1887/2209/2295 1888/2210/2298 608/112/2296
f 608/112/2296 1888/2210/2298 610/111/2299
f 610/111/2299 1888/2210/2298 1889/2211/2300
f 610/111/2299 1889/2211/2300 611/110/2301
f 611/110/2301 1889/2211/2300 615/109/2297
f 1890/2212/2302 615/109/2297 1889/2211/2300
f 1887/2209/2295 615/109/2297 1890/2212/2302
f 1890/2212/2302 1888/2210/2298 1887/2209/2295
f 1890/2212/2302 1889/2211/2300 1888/2210/2298
f 1891/2213/2303 596/112/2304 609/109/2305
f 1891/2213/2303 1892/2214/2306 596/112/2304
f 596/112/2304 1892/2214/2306 595/111/2307
f 595/111/2307 1892/2214/2306 1893/2215/2308
f 595/111/2307 1893/2215/2308 599/110/2309
f 599/110/2309 1893/2215/2308 609/109/2305
f 1894/2216/2310 609/109/2305 1893/2215/2308
f 1891/2213/2303 609/109/2305 1894/2216/2310
f 1894/2216/2310 1892/2214/2306 1891/2213/2303
f 1894/2216/2310 1893/2215/2308 1892/2214/2306
f 1895/2217/2311 730/112/2312 714/109/2313
f 730/112/2312 1896/2218/2314 726/111/2315
f 730/112/2312 1895/2217/2311 1896/2218/2314
f 1897/2219/2316 1896/2218/2314 1895/2217/2311
f 1895/2217/2311 714/109/2313 1897/2219/2316
f 1898/2220/2317 1897/2219/2316 714/109/2313
f 716/110/2318 1898/2220/2317 714/109/2313
f 726/111/2315 1898/2220/2317 716/110/2318
f 726/111/2315 1896/2218/2314 1898/2220/2317
f 1897/2219/2316 1898/2220/2317 1896/2218/2314
f 1899/2221/2319 1900/2222/2320 1901/2223/2321
f 1902/2224/2322 1903/2225/2323 1904/2226/2324
f 1905/2227/2325 1903/2225/2323 1902/2224/2322
f 1905/2227/2325 1906/2228/2326 1903/2225/2323
f 1903/2225/2323 1906/2228/2326 1907/2229/2327
f 1908/2230/2328 1909/2231/2329 1910/2232/2330
f 1910/2232/2330 1911/2233/2331 1908/2230/2328
f 1908/2230/2328 1911/2233/2331 1912/2234/2332
f 1913/2235/2333 1912/2234/2332 1911/2233/2331
f 1907/2229/2327 1912/2234/2332 1913/2235/2333
f 1907/2229/2327 1913/2235/2333 1914/2236/2334
f 1914/2236/2334 1903/2225/2323 1907/2229/2327
f 1914/2236/2334 1915/2237/2335 1903/2225/2323
f 1904/2226/2324 1903/2225/2323 1915/2237/2335
f 617/2238/725 1904/2226/2324 1915/2237/2335
f 616/2239/724 1904/2226/2324 617/2238/725
f 618/2240/726 1904/2226/2324 616/2239/724
f 1902/2224/2322 1904/2226/2324 618/2240/726
f 619/2241/727 1902/2224/2322 618/2240/726
f 620/2242/728 1902/2224/2322 619/2241/727
f 620/2242/728 1916/2243/2336 1902/2224/2322
f 1916/2243/2336 1917/2244/2337 1902/2224/2322
f 1917/2244/2337 1905/2227/2325 1902/2224/2322
f 1917/2244/2337 1918/2245/2338 1919/2246/2339
f 1905/2227/2325 1917/2244/2337 1919/2246/2339
f 1920/2247/2340 1905/2227/2325 1919/2246/2339
f 1920/2247/2340 1919/2246/2339 1921/2248/2341
f 1922/2249/2342 1921/2248/2341 1919/2246/2339
f 1922/2249/2342 1919/2246/2339 1918/2245/2338
f 1922/2249/2342 1918/2245/2338 1923/2250/2343
f 1923/2250/2343 1918/2245/2338 1924/2251/2344
f 1923/2250/2343 1924/2251/2344 1925/2252/2345
f 1926/2253/2346 1925/2252/2345 1924/2251/2344
f 1927/2254/2347 1926/2253/2346 1924/2251/2344
f 1927/2254/2347 1928/2255/2348 1926/2253/2346
f 1929/2256/2349 1928/2255/2348 1927/2254/2347
f 1929/2256/2349 1930/2257/2350 1928/2255/2348
f 648/2258/756 1930/2257/2350 1929/2256/2349
f 1930/2257/2350 648/2258/756 1931/2259/2351
f 649/2260/757 1931/2259/2351 648/2258/756
f 622/2261/730 1931/2259/2351 649/2260/757
f 617/2262/725 1931/2259/2351 622/2261/730
f 1929/2256/2349 1927/2254/2347 1932/2263/2352
f 1933/2264/2353 1930/2257/2350 1931/2259/2351
f 648/2258/756 1929/2256/2349 647/2265/755
f 647/2265/755 1929/2256/2349 1932/2263/2352
f 647/2265/755 1932/2263/2352 646/2266/754
f 646/2266/754 1932/2263/2352 645/2267/753
f 645/2267/753 1932/2263/2352 1934/2268/2354
f 1934/2268/2354 1932/2263/2352 1927/2254/2347
f 1934/2268/2354 1927/2254/2347 1935/2269/2355
f 1924/2251/2344 1935/2269/2355 1927/2254/2347
f 1935/2269/2355 1924/2251/2344 1918/2245/2338
f 645/2267/753 1934/2268/2354 644/2270/752
f 1936/2271/2356 1928/2255/2348 1930/2257/2350
f 1936/2271/2356 1930/2257/2350 1937/2272/2357
f 1933/2264/2353 1937/2272/2357 1930/2257/2350
f 1933/2264/2353 1938/2273/2358 1937/2272/2357
f 1933/2264/2353 1939/2274/2359 1938/2273/2358
f 1939/2274/2359 1940/2275/2360 1938/2273/2358
f 1939/2274/2359 1941/2276/2361 1940/2275/2360
f 1940/2275/2360 1941/2276/2361 1942/2277/2362
f 1941/2276/2361 1943/2278/2363 1942/2277/2362
f 1936/2271/2356 1937/2272/2357 1938/2273/2358
f 1936/2271/2356 1938/2273/2358 1944/2279/2364
f 1944/2279/2364 1945/2280/2365 1936/2271/2356
f 1928/2255/2348 1936/2271/2356 1945/2280/2365
f 1945/2280/2365 1926/2253/2346 1928/2255/2348
f 617/2262/725 1915/2281/2335 1931/2259/2351
f 1933/2264/2353 1931/2259/2351 1915/2281/2335
f 1933/2264/2353 1915/2281/2335 1914/2282/2334
f 1913/2283/2333 1933/2264/2353 1914/2282/2334
f 1939/2274/2359 1933/2264/2353 1913/2283/2333
f 1913/2283/2333 1911/2284/2331 1939/2274/2359
f 1941/2276/2361 1939/2274/2359 1911/2284/2331
f 1910/2285/2330 1941/2276/2361 1911/2284/2331
f 1910/2285/2330 1943/2278/2363 1941/2276/2361
f 1943/2278/2363 1910/2285/2330 1946/2286/2366
f 1942/2277/2362 1943/2278/2363 1946/2286/2366
f 1947/2287/2367 1942/2277/2362 1946/2286/2366
f 1947/2287/2367 1948/2288/2368 1942/2277/2362
f 1948/2288/2368 1940/2275/2360 1942/2277/2362
f 1940/2275/2360 1948/2288/2368 1949/2289/2369
f 1940/2275/2360 1949/2289/2369 1938/2273/2358
f 1950/2290/2370 1938/2273/2358 1949/2289/2369
f 1950/2290/2370 1944/2279/2364 1938/2273/2358
f 1947/2287/2367 1946/2286/2366 1951/2291/2371
f 1952/2292/2372 1951/2291/2371 1946/2286/2366
f 1946/2286/2366 1910/2285/2330 1952/2292/2372
f 1953/2293/2373 1951/2291/2371 1952/2292/2372
f 1953/2293/2373 1954/2294/2374 1951/2291/2371
f 1955/2295/2375 1954/2294/2374 1956/2296/2376
f 1955/2295/2375 1951/2291/2371 1954/2294/2374
f 1951/2291/2371 1955/2295/2375 1957/2297/2377
f 1951/2291/2371 1957/2297/2377 1947/2287/2367
f 1958/2298/2378 1947/2287/2367 1957/2297/2377
f 1947/2287/2367 1958/2298/2378 1948/2288/2368
f 1958/2298/2378 1959/2299/2379 1948/2288/2368
f 1960/2300/2380 1948/2288/2368 1959/2299/2379
f 1960/2300/2380 1959/2299/2379 1961/2301/2381
f 1961/2301/2381 1962/2302/2382 1960/2300/2380
f 1961/2301/2381 1963/2303/2383 1962/2302/2382
f 1962/2302/2382 1963/2303/2383 1964/2304/2384
f 1964/2304/2384 1963/2303/2383 1965/2305/2385
f 1965/2305/2385 1966/2306/2386 1964/2304/2384
f 1965/2305/2385 1967/2307/2387 1966/2306/2386
f 1967/2307/2387 1968/2308/2388 1966/2306/2386
f 1967/2307/2387 1909/2231/2329 1968/2308/2388
f 1908/2230/2328 1968/2308/2388 1909/2231/2329
f 1960/2300/2380 1962/2302/2382 1969/2309/2389
f 1962/2302/2382 1968/2308/2388 1969/2309/2389
f 1962/2302/2382 1966/2306/2386 1968/2308/2388
f 1962/2302/2382 1964/2304/2384 1966/2306/2386
f 1970/2310/2390 1959/2299/2379 1958/2298/2378
f 1965/2305/2385 1953/2311/2373 1952/2312/2372
f 1952/2312/2372 1967/2307/2387 1965/2305/2385
f 1952/2312/2372 1909/2231/2329 1967/2307/2387
f 1952/2312/2372 1910/2232/2330 1909/2231/2329
f 1963/2303/2391 1961/2301/2381 1971/2313/2392
f 1970/2310/2390 1961/2301/2381 1959/2299/2379
f 1971/2313/2392 1961/2301/2381 1970/2310/2390
f 1971/2313/2392 1970/2310/2390 1972/2314/2393
f 1963/2303/2391 1971/2313/2392 1972/2314/2393
f 1972/2314/2393 1973/2315/2394 1963/2303/2391
f 1965/2305/2385 1963/2303/2391 1973/2315/2394
f 1974/2316/2395 1965/2305/2385 1973/2315/2394
f 1965/2305/2385 1974/2316/2395 1953/2311/2373
f 1954/2317/2374 1953/2311/2373 1974/2316/2395
f 1954/2317/2374 1974/2316/2395 1956/2318/2376
f 1975/2319/2396 1956/2318/2376 1974/2316/2395
f 1975/2319/2396 1974/2316/2395 1973/2315/2394
f 1975/2319/2396 1973/2315/2394 1976/2320/2397
f 1976/2320/2397 1973/2315/2394 1977/2321/2398
f 1972/2314/2393 1977/2321/2398 1973/2315/2394
f 1977/2321/2398 1972/2314/2393 1978/2322/2399
f 1970/2310/2390 1978/2322/2399 1972/2314/2393
f 1970/2310/2390 1979/2323/2400 1978/2322/2399
f 1970/2310/2390 1958/2298/2378 1979/2323/2400
f 1979/2323/2400 1958/2298/2378 1957/2297/2377
f 1980/2324/2401 1981/2325/2402 1982/2326/2403
f 1983/2327/2404 372/2328/442 371/2329/441
f 1983/2327/2404 1984/2330/2405 372/2328/442
f 1983/2327/2404 1901/2223/2406 1984/2330/2405
f 1901/2223/2406 426/2331/2407 1984/2330/2405
f 1984/2330/2405 426/2331/2407 1981/2325/2402
f 426/2331/2407 433/2332/2408 1981/2325/2402
f 370/2333/440 381/2334/451 1985/2335/2409
f 381/2334/451 1986/2336/2410 1985/2335/2409
f 1986/2336/2410 381/2334/451 1987/2337/2411
f 382/2338/452 1987/2337/2411 381/2334/451
f 1988/2339/2412 1987/2337/2411 382/2338/452
f 1988/2339/2412 1989/2340/2413 1987/2337/2411
f 382/2338/452 387/2341/457 1990/2342/2414
f 382/2338/452 1990/2342/2414 1988/2339/2412
f 1990/2342/2414 1991/2343/2415 1988/2339/2412
f 1991/2343/2415 406/2344/476 1988/2339/2412
f 406/2344/476 408/2345/2416 1988/2339/2412
f 1988/2339/2412 408/2345/2416 420/2346/2417
f 1988/2339/2412 420/2346/2417 1989/2340/2413
f 1989/2340/2413 420/2346/2417 419/2347/2418
f 419/2347/2418 1992/2348/2419 1989/2340/2413
f 1992/2348/2419 419/2347/2418 425/2349/2420
f 1992/2348/2419 425/2349/2420 1900/2222/2421
f 1900/2222/2421 1993/2350/2422 1992/2348/2419
f 1993/2350/2422 1900/2222/2421 1994/2351/2423
f 1994/2351/2423 1995/2352/2424 1993/2350/2422
f 1995/2352/2424 1994/2351/2423 370/2333/440
f 370/2333/440 782/2353/908 1995/2352/2424
f 370/2333/440 1985/2335/2409 782/2353/908
f 1985/2335/2409 780/2354/906 782/2353/908
f 780/2354/906 1985/2335/2409 1986/2336/2410
f 780/2354/906 1986/2336/2410 676/2355/790
f 676/2355/790 1986/2336/2410 1987/2337/2411
f 676/2355/790 1987/2337/2411 677/2356/791
f 677/2356/791 1987/2337/2411 1989/2340/2413
f 677/2356/791 1989/2340/2413 680/2357/794
f 1992/2348/2419 680/2357/794 1989/2340/2413
f 1992/2348/2419 681/2358/795 680/2357/794
f 681/2358/795 1992/2348/2419 1993/2350/2422
f 1993/2350/2422 777/2359/903 681/2358/795
f 777/2359/903 1993/2350/2422 1995/2352/2424
f 777/2359/903 1995/2352/2424 782/2353/908
f 374/2360/444 373/2361/443 1996/2362/2425
f 374/2360/444 1996/2362/2425 1997/2363/2426
f 1996/2362/2425 1982/2326/2427 1997/2363/2426
f 1982/2326/2427 464/2364/2428 1997/2363/2426
f 464/2364/2428 1998/2365/2429 1997/2363/2426
f 465/2366/2430 1998/2365/2429 464/2364/2428
f 1994/2367/2431 1999/2368/2432 2000/2369/2433
f 1994/2367/2431 2000/2369/2433 370/2370/2434
f 2000/2369/2433 371/2371/2435 370/2370/2434
f 371/2371/2435 2000/2369/2433 1999/2368/2432
f 371/2371/2435 1999/2368/2432 1983/2372/2436
f 2001/2373/2437 2002/2374/2438 2003/2375/2439
f 2002/2374/2438 2004/2376/2440 2003/2375/2439
f 426/2377/2441 2005/2378/2442 425/2379/2443
f 425/2379/2443 2005/2378/2442 2006/2380/2444
f 2007/2381/2445 2006/2380/2444 2005/2378/2442
f 2001/2373/2437 2006/2380/2444 2007/2381/2445
f 2001/2373/2437 2007/2381/2445 2008/2382/2446
f 2001/2373/2437 2008/2382/2446 2002/2374/2438
f 2008/2382/2446 2009/2383/2447 2002/2374/2438
f 2002/2374/2438 2009/2383/2447 2004/2376/2440
f 2004/2376/2440 2009/2383/2447 2010/2384/2448
f 2010/2384/2448 2011/2385/2449 2004/2376/2440
f 2012/2386/2450 2011/2385/2449 2010/2384/2448
f 2012/2386/2450 2005/2378/2442 2011/2385/2449
f 2005/2378/2442 2012/2386/2450 2007/2381/2445
f 2007/2381/2445 2012/2386/2450 2010/2384/2448
f 2007/2381/2445 2010/2384/2448 2009/2383/2447
f 2008/2382/2446 2007/2381/2445 2009/2383/2447
f 426/2377/2441 2011/2385/2449 2005/2378/2442
f 1901/2387/2321 2011/2385/2449 426/2377/2441
f 1901/2387/2321 2004/2376/2440 2011/2385/2449
f 425/2379/2443 2006/2380/2444 1900/2388/2320
f 1900/2389/2320 1999/2390/2432 1994/2391/2431
f 1900/2389/2320 1899/2392/2319 1999/2390/2432
f 1983/2393/2436 1999/2390/2432 1899/2392/2319
f 1899/2392/2319 1901/2394/2321 1983/2393/2436
f 1981/2395/2402 2013/2396/2451 1984/2397/2452
f 1981/2395/2402 1980/2398/2401 2013/2396/2451
f 1996/2399/2453 2013/2396/2451 1980/2398/2401
f 1996/2399/2453 1980/2398/2401 1982/2400/2403
f 1984/2367/2452 2013/2368/2451 2014/2369/2454
f 1984/2367/2452 2014/2369/2454 372/2370/2455
f 2014/2369/2454 373/2371/2456 372/2370/2455
f 373/2371/2456 2014/2369/2454 2013/2368/2451
f 373/2371/2456 2013/2368/2451 1996/2401/2453
f 2015/2402/2457 1981/2403/2402 433/2404/2408
f 2016/2405/2458 2017/2406/2459 2015/2402/2457
f 1981/2403/2402 2015/2402/2457 2017/2406/2459
f 1981/2403/2402 2017/2406/2459 1982/2407/2403
f 1982/2407/2403 2017/2406/2459 2018/2408/2460
f 1982/2407/2403 2018/2408/2460 464/2409/2461
f 433/2404/2408 464/2409/2461 2018/2408/2460
f 2019/2410/2462 2018/2408/2460 2017/2406/2459
f 2017/2406/2459 2020/2411/2463 2019/2410/2462
f 2021/2412/2464 2020/2411/2463 2017/2406/2459
f 2021/2412/2464 2017/2406/2459 2016/2405/2458
f 2022/2413/2465 2021/2412/2464 2016/2405/2458
f 2016/2405/2458 2015/2402/2457 2022/2413/2465
f 2022/2413/2465 2015/2402/2457 2023/2414/2466
f 433/2404/2408 2023/2414/2466 2015/2402/2457
f 433/2404/2408 2024/2415/2467 2023/2414/2466
f 433/2404/2408 2018/2408/2460 2024/2415/2467
f 2024/2415/2467 2018/2408/2460 2019/2410/2462
f 2024/2415/2467 2019/2410/2462 2025/2416/2468
f 2025/2416/2468 2019/2410/2462 2020/2417/2463
f 2025/2416/2468 2020/2417/2463 2023/2418/2466
f 2026/2419/2469 2023/2418/2466 2020/2417/2463
f 2026/2419/2469 2020/2417/2463 2021/2412/2464
f 2022/2413/2465 2026/2419/2469 2021/2412/2464
f 2022/2413/2465 2023/2414/2466 2026/2419/2469
f 2024/2415/2467 2025/2416/2468 2023/2414/2466
f 2003/2420/2439 2006/2421/2444 2001/2422/2437
f 2003/2420/2439 2004/2423/2440 2006/2421/2444
f 1900/2424/2320 2004/2424/2440 1901/2424/2321
f 1900/2424/2320 2006/2424/2444 2004/2424/2440
f 2027/2425/2470 2028/2426/2471 2029/2427/2472
f 2027/2425/2470 1998/2428/2429 2028/2426/2471
f 2030/2429/2473 467/2430/2474 2031/2431/2475
f 467/2430/2474 2030/2429/2473 2032/2432/2476
f 467/2430/2474 2032/2432/2476 465/2433/2430
f 465/2433/2430 2032/2432/2476 1998/2428/2429
f 2033/2434/2477 1998/2428/2429 2032/2432/2476
f 2033/2434/2477 2028/2426/2471 1998/2428/2429
f 2033/2434/2477 2034/2435/2478 2028/2426/2471
f 2029/2427/2472 2028/2426/2471 2034/2435/2478
f 2029/2427/2472 2034/2435/2478 2035/2436/2479
f 2027/2425/2470 2029/2427/2472 2035/2436/2479
f 2027/2425/2470 2035/2436/2479 2036/2437/2480
f 2036/2437/2480 1998/2428/2429 2027/2425/2470
f 2036/2437/2480 2037/2438/2481 1998/2428/2429
f 2037/2438/2481 2031/2431/2475 1998/2428/2429
f 2031/2431/2475 2037/2438/2481 2034/2435/2478
f 2034/2435/2478 2038/2439/2482 2031/2431/2475
f 2033/2434/2477 2038/2439/2482 2034/2435/2478
f 2033/2434/2477 2030/2429/2473 2038/2439/2482
f 2033/2434/2477 2032/2432/2476 2030/2429/2473
f 2035/2436/2479 2037/2438/2481 2036/2437/2480
f 2035/2436/2479 2034/2435/2478 2037/2438/2481
f 2038/2439/2482 2030/2429/2473 2031/2431/2475
f 2039/2440/2483 468/2441/2484 2040/2442/2485
f 2041/2443/2486 2042/2444/2487 2043/2445/2488
f 2042/2444/2487 2040/2442/2485 2043/2445/2488
f 2042/2444/2487 2039/2440/2489 2040/2442/2485
f 2039/2446/2483 467/2447/2490 468/2448/2484
f 2031/2449/2491 467/2447/2490 2039/2446/2483
f 2031/2449/2491 2039/2446/2483 2044/2450/2492
f 2039/2446/2483 375/2451/445 2044/2450/2492
f 2039/2446/2483 376/2452/446 375/2451/445
f 2042/2368/2487 2041/2372/2486 377/2371/2493
f 2042/2368/2487 377/2371/2493 2045/2369/2494
f 2039/2367/2489 2042/2368/2487 2045/2369/2494
f 2045/2369/2494 376/2370/2495 2039/2367/2489
f 2045/2369/2494 377/2371/2493 376/2370/2495
f 2046/2368/2496 2044/2372/2497 375/2371/2498
f 2046/2368/2496 375/2371/2498 2047/2369/2499
f 1997/2367/2500 2046/2368/2496 2047/2369/2499
f 1997/2367/2500 2047/2369/2499 374/2370/2501
f 2047/2369/2499 375/2371/2498 374/2370/2501
f 2048/2453/2502 2049/2454/2503 2050/2455/2504
f 2048/2453/2502 2051/2456/2505 2049/2454/2503
f 2051/2456/2505 2052/2457/2506 2049/2454/2503
f 2051/2456/2505 2053/2458/2507 2052/2457/2506
f 2053/2458/2507 2054/2459/2508 2055/2460/2509
f 2053/2458/2507 2055/2460/2509 2052/2457/2506
f 2056/2461/2510 2052/2457/2506 2055/2460/2509
f 2057/2462/2511 2052/2457/2506 2056/2461/2510
f 2058/2463/2512 2052/2457/2506 2057/2462/2511
f 2059/2464/2513 2052/2457/2506 2058/2463/2512
f 2060/2465/2514 2052/2457/2506 2059/2464/2513
f 2061/2466/2515 2052/2457/2506 2060/2465/2514
f 2062/2467/2516 2052/2457/2506 2061/2466/2515
f 2063/2468/2517 2052/2457/2506 2062/2467/2516
f 2064/2469/2518 2052/2457/2506 2063/2468/2517
f 2065/2470/2519 2052/2457/2506 2064/2469/2518
f 2065/2470/2519 2049/2454/2520 2052/2457/2506
f 2066/2471/2521 2049/2454/2520 2065/2470/2519
f 2050/2455/2522 2049/2454/2520 2066/2471/2521
f 2067/2472/2523 2050/2455/2522 2066/2471/2521
f 2046/2473/2496 2031/2474/2475 2044/2475/2497
f 2046/2473/2496 1998/2476/2429 2031/2474/2475
f 2046/2473/2496 1997/2477/2500 1998/2476/2429
f 2054/2460/2508 2056/2478/2524 2055/2479/2509
f 2054/2460/2508 2068/2461/2525 2056/2478/2524
f 2068/2461/2525 2057/2480/2526 2056/2478/2524
f 2068/2461/2525 2069/2462/2527 2057/2480/2526
f 2069/2462/2527 2058/2481/2528 2057/2480/2526
f 2069/2462/2527 2070/2463/2529 2058/2481/2528
f 2070/2463/2529 2059/2482/2530 2058/2481/2528
f 2070/2463/2529 2071/2483/2531 2059/2482/2530
f 2054/2460/2508 2072/2484/2532 2068/2461/2525
f 2068/2461/2525 2072/2484/2532 2073/2485/2533
f 2068/2461/2525 2073/2485/2533 2069/2462/2527
f 2069/2462/2527 2073/2485/2533 2074/2486/2534
f 2069/2462/2527 2074/2486/2534 2070/2463/2529
f 2070/2463/2529 2074/2486/2534 2075/2487/2535
f 2070/2463/2529 2075/2487/2535 2071/2483/2531
f 2071/2483/2531 2075/2487/2535 2076/2488/2536
f 2071/2483/2531 2076/2488/2536 2077/2489/2537
f 2076/2488/2536 2078/2490/2538 2077/2489/2537
f 2077/2489/2537 2078/2490/2538 2061/2466/2539
f 2062/2467/2540 2061/2466/2539 2078/2490/2538
f 2062/2467/2540 2078/2490/2538 2079/2491/2541
f 2079/2491/2541 2063/2492/2542 2062/2467/2540
f 2079/2491/2541 2080/2493/2543 2063/2492/2542
f 2079/2491/2541 2081/2494/2544 2080/2493/2543
f 2080/2493/2543 2081/2494/2544 2082/2495/2545
f 2082/2495/2545 2081/2494/2544 2083/2496/2546
f 2079/2491/2541 2083/2496/2546 2081/2494/2544
f 2083/2496/2546 2079/2491/2541 2078/2490/2538
f 2076/2488/2536 2083/2496/2546 2078/2490/2538
f 2080/2493/2543 2082/2495/2545 2084/2469/2547
f 2071/2483/2531 2060/2465/2548 2059/2464/2530
f 2071/2483/2531 2077/2489/2537 2060/2465/2548
f 2077/2489/2537 2061/2466/2539 2060/2465/2548
f 2085/2497/2549 2086/2498/2550 2087/2499/2551
f 2088/2500/2552 2087/2499/2551 2086/2498/2550
f 2088/2500/2552 2089/2501/2553 2087/2499/2551
f 2090/2502/2554 2089/2501/2553 2088/2500/2552
f 2090/2502/2554 2091/2503/2555 2089/2501/2553
f 2072/2484/2532 2089/2501/2553 2091/2503/2555
f 2072/2484/2532 2091/2503/2555 2073/2485/2533
f 2073/2485/2533 2091/2503/2555 2076/2488/2536
f 2073/2485/2533 2076/2488/2536 2074/2486/2534
f 2075/2487/2535 2074/2486/2534 2076/2488/2536
f 2092/2504/2556 2087/2499/2551 2089/2501/2553
f 2092/2504/2556 2089/2501/2553 2072/2484/2532
f 2091/2503/2555 2083/2496/2546 2076/2488/2536
f 2082/2495/2545 2083/2496/2546 2091/2503/2555
f 2082/2495/2545 2091/2503/2555 2090/2502/2554
f 2084/2469/2547 2082/2495/2545 2090/2502/2554
f 2084/2469/2547 2090/2502/2554 2093/2470/2557
f 2093/2470/2557 2090/2502/2554 2088/2500/2552
f 2093/2470/2557 2088/2500/2552 2094/2471/2558
f 2094/2471/2558 2088/2500/2552 2086/2498/2550
f 2094/2471/2558 2086/2498/2550 2095/2472/2559
f 2095/2472/2559 2086/2498/2550 2085/2497/2549
f 2095/2472/2559 2085/2497/2549 2048/2455/2502
f 2048/2455/2502 2085/2497/2549 2051/2505/2505
f 2051/2505/2505 2085/2497/2549 2087/2499/2551
f 2096/2506/2560 2051/2505/2505 2087/2499/2551
f 2092/2504/2556 2096/2506/2560 2087/2499/2551
f 2053/2457/2507 2096/2506/2560 2092/2504/2556
f 2053/2457/2507 2092/2504/2556 2054/2460/2508
f 2054/2460/2508 2092/2504/2556 2072/2484/2532
f 2051/2505/2505 2096/2506/2560 2053/2457/2507
f 2095/2507/2559 2050/2455/2504 2067/2508/2561
f 2095/2507/2559 2048/2509/2502 2050/2455/2504
f 2080/2492/2543 2064/2469/2562 2063/2468/2542
f 2080/2492/2543 2084/2510/2547 2064/2469/2562
f 2084/2510/2547 2065/2470/2563 2064/2469/2562
f 2084/2510/2547 2093/2511/2557 2065/2470/2563
f 2093/2511/2557 2066/2471/2564 2065/2470/2563
f 2093/2511/2557 2094/2512/2558 2066/2471/2564
f 2094/2512/2558 2067/2472/2561 2066/2471/2564
f 2094/2512/2558 2095/2507/2559 2067/2472/2561
f 2097/2513/2565 2098/2514/2566 2099/2515/2567
f 2097/2513/2565 2100/2516/2568 2098/2514/2566
f 2098/2514/2566 2100/2516/2568 2101/2517/2569
f 2102/2518/2570 2103/2519/2571 40/40/43
f 47/47/51 40/40/43 2103/2519/2571
f 2099/2515/2567 47/47/51 2103/2519/2571
f 2099/2515/2567 240/2520/270 47/47/51
f 2099/2515/2567 242/2521/272 240/2520/270
f 2099/2515/2567 2098/2514/2566 242/2521/272
f 2104/2522/2572 242/2521/272 2098/2514/2566
f 2098/2514/2566 2101/2517/2569 2104/2522/2572
f 2105/2523/2573 2104/2522/2572 2101/2517/2569
f 2105/2523/2573 2101/2517/2569 2106/2524/2574
f 2106/2524/2574 2101/2517/2569 2100/2516/2568
f 2106/2524/2574 2100/2516/2568 2107/2525/2575
f 2097/2513/2565 2107/2525/2575 2100/2516/2568
f 2097/2513/2565 2108/2526/2576 2107/2525/2575
f 2109/2527/2577 2108/2526/2576 2097/2513/2565
f 2109/2527/2577 244/2528/274 2108/2526/2576
f 244/2528/274 2109/2527/2577 233/2529/263
f 2109/2527/2577 228/2530/258 233/2529/263
f 40/40/43 39/39/42 2110/2531/2578
f 2109/2527/2577 40/40/43 2110/2531/2578
f 2109/2527/2577 2102/2518/2570 40/40/43
f 2097/2513/2565 2102/2518/2570 2109/2527/2577
f 2099/2515/2567 2102/2518/2570 2097/2513/2565
f 2099/2515/2567 2103/2519/2571 2102/2518/2570
f 2109/2527/2577 2110/2531/2578 228/2530/258
f 2110/2531/2578 227/2532/257 228/2530/258
f 2110/2531/2578 39/39/42 227/2532/257
f 227/2532/257 39/39/42 38/38/41
f 607/2533/715 2111/2534/2579 2112/2535/2580
f 607/2533/715 2112/2535/2580 620/2536/728
f 2113/2537/2581 620/2536/728 2112/2535/2580
f 2113/2537/2581 1916/2538/2336 620/2536/728
f 312/373/357 2114/2539/2582 313/374/358
f 2114/2539/2582 312/373/357 125/372/2583
f 125/372/2583 2115/2540/2584 2114/2539/2582
f 37/2541/2585 2114/2539/2582 2115/2540/2584
f 2114/2539/2582 37/2541/2585 36/2542/2586
f 2114/2539/2582 36/2542/2586 313/374/358
f 313/374/358 36/2542/2586 187/2543/213
f 313/374/358 187/2543/213 314/375/359
f 189/2544/215 314/375/359 187/2543/213
f 189/2544/215 136/376/360 314/375/359
f 459/2545/2587 2113/2546/2581 2112/2547/2580
f 2112/2547/2580 2116/2548/2588 459/2545/2587
f 2112/2547/2580 2117/2549/2589 2116/2548/2588
f 2111/2550/2579 2117/2549/2589 2112/2547/2580
f 2111/2550/2579 483/2551/2590 2117/2549/2589
f 126/142/2591 2118/835/2592 124/140/2593
f 126/142/2591 2119/836/2594 2118/835/2592
f 2119/836/2594 126/142/2591 136/153/360
f 124/140/2593 2115/834/2584 125/141/2583
f 124/140/2593 2118/835/2592 2115/834/2584
f 224/833/2595 2115/834/2584 2118/835/2592
f 216/2552/2596 224/833/2595 2118/835/2592
f 2119/836/2594 216/2552/2596 2118/835/2592
f 2119/836/2594 202/2553/2597 216/2552/2596
f 202/2553/2597 2119/836/2594 136/153/360
f 136/153/360 189/838/215 202/2553/2597
f 224/833/2595 37/832/2585 2115/834/2584
f 2120/2554/2598 2121/2555/2599 2122/2556/2600
f 2120/2554/2598 2123/2557/2601 2121/2555/2599
f 2122/2558/2600 2121/2559/2599 1991/2560/2415
f 1991/2560/2415 2124/2561/2602 2122/2558/2600
f 2125/2562/2603 2122/2558/2600 2124/2561/2602
f 2125/2562/2603 2120/2563/2598 2122/2558/2600
f 1990/2564/2414 2124/2565/2602 1991/2566/2415
f 1990/2564/2414 2125/2567/2603 2124/2565/2602
f 2125/2372/2603 386/2370/456 2120/2367/2598
f 2125/2372/2603 387/2371/457 386/2370/456
f 2126/2568/2604 2127/2569/2605 2128/2570/2606
f 2126/2568/2604 2128/2570/2606 2129/2571/2607
f 2126/2568/2604 2129/2571/2607 2130/2572/2608
f 2130/2572/2608 2129/2571/2607 2131/2573/2609
f 2130/2572/2608 2131/2573/2609 2127/2569/2605
f 406/109/476 2127/2569/2605 2131/2573/2609
f 1991/110/2415 2127/2569/2605 406/109/476
f 1991/110/2415 2128/2570/2606 2127/2569/2605
f 2121/111/2599 2128/2570/2606 1991/110/2415
f 2121/111/2599 2129/2571/2607 2128/2570/2606
f 418/112/488 2129/2571/2607 2121/111/2599
f 418/112/488 2131/2573/2609 2129/2571/2607
f 406/109/476 2131/2573/2609 418/112/488
f 2130/2572/2608 2127/2569/2605 2126/2568/2604
f 2132/2574/2610 2133/2575/2611 2134/2576/2612
f 242/270/272 2104/2577/2572 243/271/273
f 2135/2578/2613 243/271/273 2104/2577/2572
f 2135/2578/2613 2104/2577/2572 2105/2579/2573
f 2106/2580/2574 2135/2578/2613 2105/2579/2573
f 2106/2580/2574 2136/2581/2614 2135/2578/2613
f 2132/2574/2610 2136/2581/2614 2106/2580/2574
f 2137/2582/2615 2136/2581/2614 2132/2574/2610
f 2132/2574/2610 2134/2576/2612 2137/2582/2615
f 2134/2576/2612 243/271/273 2137/2582/2615
f 2134/2576/2612 241/269/271 243/271/273
f 239/266/269 241/269/271 2134/2576/2612
f 239/266/269 2134/2576/2612 237/264/267
f 235/262/265 237/264/267 2134/2576/2612
f 235/262/265 2134/2576/2612 2133/2575/2611
f 2133/2575/2611 244/272/274 235/262/265
f 2133/2575/2611 2108/2583/2576 244/272/274
f 2107/2584/2575 2108/2583/2576 2133/2575/2611
f 2107/2584/2575 2133/2575/2611 2132/2574/2610
f 2132/2574/2610 2106/2580/2574 2107/2584/2575
f 2135/2578/2613 2137/2582/2615 243/271/273
f 2137/2582/2615 2135/2578/2613 2136/2581/2614
f 2138/2585/2616 635/2586/743 638/2587/746
f 638/2587/746 2139/2588/2617 2138/2585/2616
f 3/2589/3 2138/2585/2616 2139/2588/2617
f 2139/2588/2617 1/2590/1 3/2589/3
f 635/2591/743 2140/2592/2618 603/2593/711
f 635/2591/743 2138/2594/2616 2140/2592/2618
f 5/2595/5 2140/2592/2618 2138/2594/2616
f 2138/2594/2616 3/2596/3 5/2595/5
f 2141/2597/2619 449/2598/2620 448/2599/2621
f 448/2599/2621 2142/2600/2622 2141/2597/2619
f 2142/2600/2622 1918/2601/2338 2141/2597/2619
f 2142/2600/2622 1935/2602/2355 1918/2601/2338
f 2143/2603/2623 450/2604/2624 449/2605/2620
f 449/2605/2620 2141/2606/2619 2143/2603/2623
f 2141/2606/2619 1917/2607/2337 2143/2603/2623
f 2141/2606/2619 1918/2608/2338 1917/2607/2337
f 463/111/2625 2144/2609/2626 2145/2610/2627
f 2145/2610/2627 462/110/2628 463/111/2625
f 2145/2610/2627 2146/2611/2629 462/110/2628
f 462/110/2628 2146/2611/2629 483/109/2630
f 2147/2612/2631 483/109/2630 2146/2611/2629
f 2147/2612/2631 2117/112/2632 483/109/2630
f 2147/2612/2631 463/111/2625 2117/112/2632
f 2144/2609/2626 463/111/2625 2147/2612/2631
f 2144/2609/2626 2147/2612/2631 2146/2611/2629
f 2144/2609/2626 2146/2611/2629 2145/2610/2627
f 2123/2613/2601 2120/2614/2598 386/2615/456
f 2148/848/2633 2149/851/2634 1957/853/2635
f 2150/850/2636 2149/851/2634 2148/848/2633
f 2150/850/2636 2151/849/2637 2149/851/2634
f 2152/858/2638 2151/849/2637 2150/850/2636
f 2152/858/2638 2150/850/2636 2153/857/2639
f 2154/666/2640 2152/858/2638 2153/857/2639
f 2154/666/2640 2153/857/2639 2155/669/2641
f 2156/859/2642 2155/669/2641 2153/857/2639
f 2157/860/2643 2156/859/2642 2153/857/2639
f 2158/862/2644 2156/859/2642 2157/860/2643
f 2157/860/2643 2159/861/2645 2158/862/2644
f 2160/856/2646 2159/861/2645 2157/860/2643
f 2157/860/2643 2153/857/2639 2160/856/2646
f 2153/857/2639 2150/850/2636 2160/856/2646
f 2161/855/2647 2160/856/2646 2150/850/2636
f 2161/855/2647 2150/850/2636 2148/848/2633
f 2161/855/2647 2148/848/2633 1955/852/2648
f 2148/848/2633 1957/853/2635 1955/852/2648
f 2161/855/2647 1955/852/2648 1956/854/2649
f 2158/862/2644 2162/863/2650 2156/859/2642
f 2163/651/2651 2164/652/2652 2165/649/2653
f 2163/651/2651 2166/650/2654 2164/652/2652
f 2167/654/2655 2165/649/2653 2164/652/2652
f 2165/649/2653 2167/654/2655 2159/657/2645
f 2165/649/2653 2159/657/2645 2160/658/2646
f 2163/651/2651 2165/649/2653 2160/658/2646
f 2163/651/2651 2160/658/2646 2161/659/2647
f 1956/665/2649 2163/651/2651 2161/659/2647
f 1956/665/2649 1975/660/2656 2163/651/2651
f 1975/660/2656 2166/650/2654 2163/651/2651
f 1975/660/2656 1976/661/2657 2166/650/2654
f 2168/642/2658 2169/646/2659 2170/643/2660
f 2168/642/2658 2171/641/2661 2169/646/2659
f 2172/640/2662 2169/646/2659 2171/641/2661
f 2173/611/2663 2172/640/2662 2171/641/2661
f 2162/610/2650 2172/640/2662 2173/611/2663
f 2162/610/2650 2158/648/2644 2172/640/2662
f 2174/656/2664 2172/640/2662 2158/648/2644
f 2159/657/2645 2174/656/2664 2158/648/2644
f 2159/657/2645 2175/655/2665 2174/656/2664
f 2159/657/2645 2167/654/2655 2175/655/2665
f 2175/655/2665 2167/654/2655 2176/653/2666
f 2167/654/2655 2164/652/2652 2176/653/2666
f 2164/652/2652 2177/644/2667 2176/653/2666
f 2164/652/2652 2178/664/2668 2177/644/2667
f 2178/664/2668 2164/652/2652 2166/650/2654
f 2178/664/2668 2166/650/2654 2179/663/2669
f 2179/663/2669 2166/650/2654 1976/661/2657
f 2179/663/2669 1976/661/2657 1977/662/2670
f 2172/640/2662 2180/647/2671 2169/646/2659
f 2174/656/2664 2180/647/2671 2172/640/2662
f 2175/655/2665 2180/647/2671 2174/656/2664
f 2180/647/2671 2175/655/2665 2181/645/2672
f 2175/655/2665 2176/653/2666 2181/645/2672
f 2170/643/2660 2181/645/2672 2176/653/2666
f 2170/643/2660 2176/653/2666 2177/644/2667
f 2169/646/2659 2181/645/2672 2170/643/2660
f 2180/647/2671 2181/645/2672 2169/646/2659
f 2173/611/2663 2171/641/2661 2182/613/2673
f 2171/641/2661 2183/614/2674 2182/613/2673
f 2171/641/2661 2168/642/2658 2183/614/2674
f 416/2616/486 418/2617/488 2121/2618/2599
f 416/2616/486 2121/2618/2599 1144/2619/1341
f 1144/2619/1341 2121/2618/2599 2123/2620/2601
f 2123/2620/2601 1143/2621/1339 1144/2619/1341
f 1143/2621/1339 2123/2620/2601 386/2622/456
f 1143/2621/1339 386/2622/456 385/2623/455
f 385/2623/455 1142/2624/1337 1143/2621/1339
f 385/2623/455 1141/2625/1364 1142/2624/1337
f 385/2623/455 388/2626/1367 1141/2625/1364
f 2156/859/2675 2184/2627/2676 2155/669/2677
f 2184/2627/2676 2156/859/2675 2162/863/2678
f 2162/863/2678 2185/2628/2679 2184/2627/2676
f 2186/2629/2680 2187/2630/2681 2188/2631/2682
f 2186/2629/2680 2188/2631/2682 2189/2632/2683
f 2186/2629/2680 2189/2632/2683 2190/2633/2684
f 2190/2633/2684 2191/2634/2685 2186/2629/2680
f 2192/2635/2686 2193/2636/2687 2194/2637/2688
f 2192/2635/2686 2195/2638/2689 2193/2636/2687
f 2196/2639/2690 2193/2636/2687 2195/2638/2689
f 2186/2640/2680 2193/2636/2687 2196/2639/2690
f 2125/2641/2603 1990/2642/2414 387/2643/457
f 2197/2644/2691 2198/2645/2692 2191/2646/2685
f 2197/2644/2691 2199/2647/2693 2198/2645/2692
f 2197/2644/2691 2200/2648/2694 2199/2647/2693
f 2201/2649/2695 2202/2650/2696 2203/2651/2697
f 2203/2651/2697 2204/2652/2698 2201/2649/2695
f 2203/2651/2697 2205/2653/2699 2204/2652/2698
f 2204/2652/2698 2205/2653/2699 2206/2654/2700
f 2207/2655/2701 2208/2656/2702 2200/2657/2703
f 2197/2658/2704 2207/2655/2701 2200/2657/2703
f 2197/2658/2704 2209/2659/2705 2207/2655/2701
f 2197/2658/2704 2190/2660/2684 2209/2659/2705
f 2190/2660/2684 2210/2661/2706 2209/2659/2705
f 2190/2660/2684 2202/2650/2696 2210/2661/2706
f 2210/2661/2706 2202/2650/2696 2211/2662/2707
f 2201/2649/2695 2211/2662/2707 2202/2650/2696
f 2212/2663/2708 2211/2662/2707 2201/2649/2695
f 2204/2652/2698 2212/2663/2708 2201/2649/2695
f 2204/2652/2698 2195/2664/2709 2212/2663/2708
f 2196/2665/2710 2195/2664/2709 2204/2652/2698
f 2196/2665/2710 2204/2652/2698 2206/2654/2700
f 2196/2665/2710 2206/2654/2700 2187/2666/2681
f 2206/2654/2700 2205/2653/2699 2187/2666/2681
f 2205/2653/2699 2188/2667/2682 2187/2666/2681
f 2205/2653/2699 2203/2651/2697 2188/2667/2682
f 2202/2650/2696 2188/2667/2682 2203/2651/2697
f 2209/2659/2705 2210/2661/2706 2207/2655/2701
f 2210/2661/2706 2211/2662/2707 2207/2655/2701
f 2207/2655/2701 2211/2662/2707 2208/2656/2702
f 2212/2663/2708 2208/2656/2702 2211/2662/2707
f 2197/2658/2704 2191/2668/2685 2190/2660/2684
f 2196/2665/2710 2187/2666/2681 2186/2669/2680
f 2188/2667/2682 2202/2650/2696 2189/2670/2683
f 2190/2660/2684 2189/2670/2683 2202/2650/2696
f 2213/2671/2711 2214/2672/2712 2215/2673/2713
f 2213/2671/2711 2216/2674/2714 2214/2672/2712
f 2217/2675/2715 2218/2676/2716 2219/2677/2717
f 2217/2675/2715 2220/2678/2718 2218/2676/2716
f 2218/2676/2716 2220/2678/2718 2221/2679/2719
f 2221/2679/2719 2220/2678/2718 2222/2680/2720
f 2221/2679/2719 2222/2680/2720 2223/2681/2721
f 2223/2681/2721 2222/2680/2720 2224/2682/2722
f 2223/2681/2721 2224/2682/2722 2225/2683/2723
f 2225/2683/2723 2224/2682/2722 2226/2684/2724
f 2225/2683/2723 2226/2684/2724 2227/2685/2725
f 2226/2684/2724 2213/2671/2711 2227/2685/2725
f 2213/2671/2711 2228/2686/2726 2227/2685/2725
f 2213/2671/2711 2215/2673/2713 2228/2686/2726
f 2229/2687/2727 2228/2686/2726 2215/2673/2713
f 2229/2687/2727 2215/2673/2713 2214/2672/2712
f 2229/2687/2727 2214/2672/2712 1950/2290/2728
f 1950/2290/2728 2214/2672/2712 1944/2279/2729
f 1944/2279/2729 2214/2672/2712 2216/2674/2714
f 1944/2279/2729 2216/2674/2714 1945/2280/2730
f 2230/2688/2731 2226/2684/2724 2224/2682/2722
f 2226/2684/2724 2230/2688/2731 2231/2689/2732
f 2217/2675/2715 1920/2247/2733 2220/2678/2718
f 1921/2248/2734 2220/2678/2718 1920/2247/2733
f 1921/2248/2734 2222/2680/2720 2220/2678/2718
f 1922/2249/2735 2222/2680/2720 1921/2248/2734
f 1922/2249/2735 2224/2682/2722 2222/2680/2720
f 1923/2250/2736 2224/2682/2722 1922/2249/2735
f 1923/2250/2736 2230/2688/2731 2224/2682/2722
f 1925/2252/2737 2230/2688/2731 1923/2250/2736
f 1925/2252/2737 2231/2689/2732 2230/2688/2731
f 1926/2253/2738 2231/2689/2732 1925/2252/2737
f 2232/2690/2739 2228/2686/2726 2229/2687/2727
f 2232/2690/2739 2233/2691/2740 2228/2686/2726
f 2233/2691/2740 2227/2685/2725 2228/2686/2726
f 2233/2691/2740 2234/2692/2741 2227/2685/2725
f 2235/2693/2742 2234/2692/2741 2233/2691/2740
f 2235/2693/2742 2236/2694/2743 2234/2692/2741
f 2223/2681/2721 2225/2683/2723 2227/2685/2725
f 2223/2681/2721 2227/2685/2725 2234/2692/2741
f 2234/2692/2741 2221/2679/2719 2223/2681/2721
f 2234/2692/2741 2236/2694/2743 2221/2679/2719
f 2218/2676/2716 2221/2679/2719 2236/2694/2743
f 2235/2693/2742 2218/2676/2716 2236/2694/2743
f 2235/2693/2742 2237/2695/2744 2218/2676/2716
f 2238/2696/2745 2237/2695/2744 2235/2693/2742
f 2238/2696/2745 2239/2697/2746 2237/2695/2744
f 2240/2698/2747 2239/2697/2746 2238/2696/2745
f 2240/2698/2747 2241/2699/2748 2239/2697/2746
f 2240/2698/2747 2242/2700/2749 2241/2699/2748
f 2241/2699/2748 2242/2700/2749 1950/2290/2728
f 2229/2687/2727 1950/2290/2728 2242/2700/2749
f 2229/2687/2727 2242/2700/2749 2243/2701/2750
f 2243/2701/2750 2232/2690/2739 2229/2687/2727
f 2244/2702/2751 2232/2690/2739 2243/2701/2750
f 2233/2691/2740 2232/2690/2739 2244/2702/2751
f 2233/2691/2740 2244/2702/2751 2245/2703/2752
f 2235/2693/2742 2233/2691/2740 2245/2703/2752
f 2238/2696/2745 2235/2693/2742 2245/2703/2752
f 2244/2702/2751 2238/2696/2745 2245/2703/2752
f 2244/2702/2751 2240/2698/2747 2238/2696/2745
f 2240/2698/2747 2244/2702/2751 2243/2701/2750
f 2240/2698/2747 2243/2701/2750 2242/2700/2749
f 2246/2704/2753 2247/2705/2754 2248/2706/2755
f 2246/2704/2753 2248/2706/2755 2249/2707/2756
f 2249/2707/2756 2248/2706/2755 1907/2229/2327
f 2248/2706/2755 2250/2708/2757 1907/2229/2327
f 1912/2234/2332 1907/2229/2327 2250/2708/2757
f 2250/2708/2757 2251/2709/2758 1912/2234/2332
f 1912/2234/2332 2251/2709/2758 2239/2697/2759
f 2252/2710/2760 2239/2697/2759 2251/2709/2758
f 2252/2710/2760 2237/2695/2744 2239/2697/2759
f 2247/2705/2761 2237/2695/2744 2252/2710/2760
f 2246/2704/2762 2237/2695/2744 2247/2705/2761
f 2237/2695/2744 2246/2704/2762 2218/2676/2716
f 2253/2711/2763 2218/2676/2716 2246/2704/2762
f 2254/2712/2764 2218/2676/2716 2253/2711/2763
f 2219/2677/2717 2218/2676/2716 2254/2712/2764
f 2252/2710/2760 2251/2709/2758 2250/2708/2757
f 2255/2713/2765 2249/2707/2756 1907/2229/2327
f 2255/2713/2765 2254/2712/2766 2253/2711/2767
f 2255/2713/2765 2256/2714/2768 2254/2712/2766
f 2256/2714/2768 2255/2713/2765 1907/2229/2327
f 2257/2715/2769 2256/2714/2768 1907/2229/2327
f 1906/2228/2326 2257/2715/2769 1907/2229/2327
f 2257/2715/2769 1906/2228/2326 2217/2675/2770
f 2217/2675/2770 1906/2228/2326 1905/2227/2325
f 1905/2227/2325 1920/2247/2340 2217/2675/2770
f 2257/2715/2769 2217/2675/2770 2219/2677/2771
f 350/2716/2772 644/2717/752 1934/2718/2354
f 1935/2719/2355 2142/2720/2622 1934/2718/2354
f 350/2716/2772 1934/2718/2354 2142/2720/2622
f 2142/2720/2622 448/2721/2621 350/2716/2772
f 2140/2722/2618 5/2723/5 482/2724/2773
f 603/2725/711 2111/2726/2579 607/2727/715
f 603/2725/711 2140/2722/2618 2111/2726/2579
f 482/2724/2773 2111/2726/2579 2140/2722/2618
f 482/2724/2773 483/2728/2590 2111/2726/2579
f 644/2729/752 350/2730/2772 643/2731/751
f 1/2732/1 643/2731/751 350/2730/2772
f 1/2732/1 2139/2733/2617 643/2731/751
f 2139/2733/2617 638/2734/746 643/2731/751
f 469/2735/2774 4/2736/4 3/2737/3
f 2043/2738/2775 469/2735/2774 3/2737/3
f 2041/2739/2776 2043/2738/2775 3/2737/3
f 2/2740/2 2041/2739/2776 3/2737/3
f 2/2740/2 377/2741/447 2041/2739/2776
f 2258/2742/2777 1950/2290/2370 1949/2289/2369
f 2258/2742/2777 2241/2699/2778 1950/2290/2370
f 2259/2743/2779 2241/2699/2778 2258/2742/2777
f 2259/2743/2779 2239/2697/2759 2241/2699/2778
f 1912/2234/2332 2239/2697/2759 2259/2743/2779
f 1912/2234/2332 2259/2743/2779 1908/2230/2328
f 1968/2308/2388 1908/2230/2328 2259/2743/2779
f 2258/2742/2777 1968/2308/2388 2259/2743/2779
f 2258/2742/2777 1969/2309/2389 1968/2308/2388
f 2260/2744/2780 1969/2309/2389 2258/2742/2777
f 1960/2300/2380 1969/2309/2389 2260/2744/2780
f 1960/2300/2380 2260/2744/2780 1948/2288/2368
f 1948/2288/2368 2260/2744/2780 1949/2289/2369
f 2260/2744/2780 2258/2742/2777 1949/2289/2369
f 2261/2745/2781 2262/2746/2782 2254/111/2764
f 2261/2745/2781 2254/111/2764 2256/112/2783
f 2263/2747/2784 2261/2745/2781 2256/112/2783
f 2263/2747/2784 2256/112/2783 2257/109/2785
f 2263/2747/2784 2257/109/2785 2219/110/2717
f 2219/110/2717 2264/2748/2786 2263/2747/2784
f 2264/2748/2786 2219/110/2717 2254/111/2764
f 2264/2748/2786 2254/111/2764 2262/2746/2782
f 2262/2746/2782 2263/2747/2784 2264/2748/2786
f 2262/2746/2782 2261/2745/2781 2263/2747/2784
f 2265/2749/2787 2266/2750/2788 2246/111/2789
f 2265/2749/2787 2246/111/2789 2249/112/2790
f 2249/112/2790 2267/2751/2791 2265/2749/2787
f 2249/112/2790 2255/109/2792 2267/2751/2791
f 2253/110/2793 2267/2751/2791 2255/109/2792
f 2253/110/2793 2268/2752/2794 2267/2751/2791
f 2268/2752/2794 2253/110/2793 2246/111/2789
f 2268/2752/2794 2246/111/2789 2266/2750/2788
f 2266/2750/2788 2267/2751/2791 2268/2752/2794
f 2266/2750/2788 2265/2749/2787 2267/2751/2791
f 2269/2753/2795 2270/2754/2796 2252/111/2797
f 2269/2753/2795 2252/111/2797 2250/112/2798
f 2269/2753/2795 2250/112/2798 2271/2755/2799
f 2248/109/2800 2271/2755/2799 2250/112/2798
f 2248/109/2800 2247/110/2801 2271/2755/2799
f 2247/110/2801 2272/2756/2802 2271/2755/2799
f 2272/2756/2802 2247/110/2801 2252/111/2797
f 2272/2756/2802 2252/111/2797 2270/2754/2796
f 2270/2754/2796 2271/2755/2799 2272/2756/2802
f 2270/2754/2796 2269/2753/2795 2271/2755/2799
f 2216/2674/2714 1926/2253/2738 1945/2280/2730
f 2216/2674/2714 2273/2757/2803 1926/2253/2738
f 1926/2253/2738 2273/2757/2803 2231/2689/2732
f 2274/2758/2804 2231/2689/2732 2273/2757/2803
f 2226/2684/2724 2231/2689/2732 2274/2758/2804
f 2226/2684/2724 2274/2758/2804 2213/2671/2711
f 2213/2671/2711 2274/2758/2804 2275/2759/2805
f 2275/2759/2805 2216/2674/2714 2213/2671/2711
f 2275/2759/2805 2273/2757/2803 2216/2674/2714
f 2274/2758/2804 2273/2757/2803 2275/2759/2805
f 732/112/2806 2276/2760/2807 731/111/2808
f 732/112/2806 2277/2761/2809 2276/2760/2807
f 2276/2760/2807 2277/2761/2809 2278/2762/2810
f 2277/2761/2809 732/112/2806 2278/2762/2810
f 729/109/2811 2278/2762/2810 732/112/2806
f 2279/2763/2812 2278/2762/2810 729/109/2811
f 728/110/2813 2279/2763/2812 729/109/2811
f 731/111/2808 2279/2763/2812 728/110/2813
f 731/111/2808 2276/2760/2807 2279/2763/2812
f 2276/2760/2807 2278/2762/2810 2279/2763/2812
f 463/550/2814 2116/2764/2588 2117/2765/2589
f 463/550/2814 461/548/2815 2116/2764/2588
f 463/550/2814 460/547/2816 461/548/2815
f 514/618/2817 2280/2766/2818 512/616/2819
f 511/2767/609 2280/2766/2818 514/618/2817
f 514/618/2817 510/621/608 511/2767/609
f 2281/2768/2820 2282/2769/2821 2283/2770/2822
f 2281/2768/2820 2284/2771/2823 2282/2769/2821
f 2284/2771/2823 2285/2772/2824 2282/2769/2821
f 2284/2771/2823 2286/2773/2825 2285/2772/2824
f 2286/2773/2825 1640/2774/2826 1641/2775/2827
f 2286/2773/2825 2284/2771/2823 1640/2774/2826
f 2284/2771/2823 1639/2776/2828 1640/2774/2826
f 2284/2771/2823 2281/2768/2820 1639/2776/2828
f 2281/2768/2820 1638/2777/2829 1639/2776/2828
f 2281/2768/2820 2287/2778/2830 1638/2777/2829
f 2287/2778/2830 1637/2779/2831 1638/2777/2829
f 2287/2778/2830 2288/2780/2832 1637/2779/2831
f 2288/2780/2832 1636/2781/2833 1637/2779/2831
f 2288/2780/2832 2289/2782/2834 1636/2781/2833
f 2289/2782/2834 1635/2783/2835 1636/2781/2833
f 2289/2782/2834 2290/2784/2836 1635/2783/2835
f 2290/2784/2836 1634/2785/2837 1635/2783/2835
f 2290/2784/2836 2291/2786/2838 1634/2785/2837
f 2291/2786/2838 1633/2787/2839 1634/2785/2837
f 2291/2786/2838 2292/2788/2840 1633/2787/2839
f 2292/2788/2840 1631/2789/2841 1633/2787/2839
f 2292/2788/2840 2293/2790/2842 1631/2789/2841
f 2294/2791/2843 2295/2792/2844 2296/2793/2845
f 2294/2791/2843 2297/2794/2846 2295/2792/2844
f 2297/2794/2846 2298/2795/2847 2295/2792/2844
f 2297/2794/2846 2293/2790/2842 2298/2795/2847
f 2293/2790/2842 2299/2796/2848 2298/2795/2847
f 2293/2790/2842 2292/2788/2840 2299/2796/2848
f 2292/2788/2840 2300/2797/2849 2299/2796/2848
f 2292/2788/2840 2291/2786/2838 2300/2797/2849
f 2291/2786/2838 2301/2798/2850 2300/2797/2849
f 2291/2786/2838 2290/2784/2836 2301/2798/2850
f 2290/2784/2836 2302/2799/2851 2301/2798/2850
f 2290/2784/2836 2289/2782/2834 2302/2799/2851
f 2289/2782/2834 2303/2800/2852 2302/2799/2851
f 2289/2782/2834 2288/2780/2832 2303/2800/2852
f 2288/2780/2832 2304/2801/2853 2303/2800/2852
f 2288/2780/2832 2287/2778/2830 2304/2801/2853
f 2287/2778/2830 2283/2770/2822 2304/2801/2853
f 2287/2778/2830 2281/2768/2820 2283/2770/2822
f 2293/2790/2842 1632/2802/2854 1631/2789/2841
f 2293/2790/2842 2297/2794/2846 1632/2802/2854
f 2297/2794/2846 1642/2803/2855 1632/2802/2854
f 2297/2794/2846 2294/2791/2843 1642/2803/2855
f 2294/2791/2843 1641/2804/2827 1642/2803/2855
f 2294/2791/2843 2286/2805/2825 1641/2804/2827
f 2286/2805/2825 2294/2791/2843 2296/2793/2845
f 2286/2805/2825 2296/2793/2845 2285/2806/2824
f 2305/2807/2856 458/109/2857 459/110/2858
f 459/110/2858 2306/2808/2859 2305/2807/2856
f 459/110/2858 2116/111/2860 2306/2808/2859
f 461/112/2861 2306/2808/2859 2116/111/2860
f 2307/2809/2862 2306/2808/2859 461/112/2861
f 2307/2809/2862 461/112/2861 458/109/2857
f 458/109/2857 2308/2810/2863 2307/2809/2862
f 2308/2810/2863 458/109/2857 2305/2807/2856
f 2308/2810/2863 2305/2807/2856 2306/2808/2859
f 2308/2810/2863 2306/2808/2859 2307/2809/2862
f 2309/635/2864 1978/636/2865 1979/638/2866
f 1979/638/2866 1957/639/2635 2149/634/2634
f 1979/638/2866 2149/634/2634 2309/635/2864
f 2309/635/2864 2149/634/2634 2151/633/2637
f 2309/635/2864 2151/633/2637 2310/628/2867
f 2310/628/2867 2151/633/2637 2152/632/2638
f 2310/628/2867 2152/632/2638 2311/627/2868
f 2311/627/2868 2152/632/2638 2154/631/2640
f 2311/627/2868 2154/631/2640 2312/626/2869
f 2313/619/2870 2311/627/2868 2312/626/2869
f 2313/619/2870 2310/628/2867 2311/627/2868
f 2313/619/2870 2314/625/2871 2310/628/2867
f 2309/635/2864 2310/628/2867 2314/625/2871
f 2309/635/2864 2314/625/2871 2315/629/2872
f 2309/635/2864 2315/629/2872 1978/636/2865
f 2315/629/2872 1977/637/2670 1978/636/2865
f 2315/629/2872 2179/630/2669 1977/637/2670
f 2315/629/2872 2178/624/2668 2179/630/2669
f 2315/629/2872 2314/625/2871 2178/624/2668
f 2178/624/2668 2314/625/2871 2313/619/2870
f 2177/623/2667 2178/624/2668 2313/619/2870
f 2177/623/2667 2313/619/2870 2316/617/2873
f 2168/620/2658 2177/623/2667 2316/617/2873
f 2316/617/2873 2183/621/2674 2168/620/2658
f 2316/617/2873 2317/618/2874 2183/621/2674
f 2317/618/2874 2316/617/2873 2318/616/2875
f 2313/619/2870 2318/616/2875 2316/617/2873
f 2168/620/2658 2170/622/2660 2177/623/2667
f 2319/2767/2876 2183/621/2877 2317/618/2878
f 2317/618/2878 2320/2766/2879 2319/2767/2876
f 2318/616/2880 2320/2766/2879 2317/618/2878
f 2321/2811/2881 2295/2812/2882 2298/2813/2883
f 2321/2811/2881 2296/2814/2884 2295/2812/2882
f 2321/2811/2881 2285/2815/2885 2296/2814/2884
f 2321/2811/2881 2282/2816/2886 2285/2815/2885
f 2321/2811/2881 2283/2817/2885 2282/2816/2886
f 2321/2811/2881 2304/2818/2885 2283/2817/2885
f 2321/2811/2881 2303/2819/2886 2304/2818/2885
f 2321/2811/2881 2302/2820/2885 2303/2819/2886
f 2321/2811/2881 2301/2821/2885 2302/2820/2885
f 2321/2811/2881 2300/2822/2887 2301/2821/2885
f 2321/2811/2881 2299/2823/2888 2300/2822/2887
f 2321/2811/2881 2298/2813/2883 2299/2823/2888
f 2143/2824/2623 1917/2825/2337 1916/2826/2336
f 1916/2826/2336 2113/2827/2581 2143/2824/2623
f 450/2828/2624 2143/2824/2623 2113/2827/2581
f 450/2828/2624 2113/2827/2581 459/2829/2587
f 2322/671/2889 2154/631/2890 2323/672/2891
f 2322/671/2889 2312/626/2892 2154/631/2890
f 2312/626/2892 2322/671/2889 2324/673/2893
f 2312/626/2892 2324/673/2893 2313/619/2894
f 2324/673/2893 2318/616/2895 2313/619/2894
f 2324/673/2893 2325/674/2896 2318/616/2895
f 2173/611/2897 2326/606/2898 2162/610/2678
f 2326/606/2898 2173/611/2897 2182/613/2899
f 2326/606/2898 2182/613/2899 2327/612/2900
f 2327/612/2900 2182/613/2899 2183/614/2877
f 2327/612/2900 2183/614/2877 2319/615/2876
f 2327/612/2900 2319/615/2876 2328/608/2901
f 2328/608/2901 2326/606/2898 2327/612/2900
f 2328/608/2901 2329/607/2902 2326/606/2898
f 2329/607/2902 2162/610/2678 2326/606/2898
f 2329/607/2902 2185/609/2679 2162/610/2678
f 2212/2830/2903 2195/2831/2689 2192/2832/2686
f 2186/2833/2680 2191/2834/2685 2198/2835/2692
f 2186/2833/2680 2198/2835/2692 2193/2836/2687
f 2193/2836/2687 2198/2835/2692 2330/2837/2904
f 2199/2838/2693 2330/2837/2904 2198/2835/2692
f 2199/2838/2693 2331/2839/2905 2330/2837/2904
f 2332/2840/2906 2330/2837/2904 2331/2839/2905
f 2332/2840/2906 2331/2839/2905 2333/2841/2907
f 2333/2841/2907 2194/2842/2688 2332/2840/2906
f 2333/2841/2907 2192/2832/2686 2194/2842/2688
f 2192/2832/2686 2333/2841/2907 2334/2843/2908
f 2212/2830/2903 2192/2832/2686 2334/2843/2908
f 2334/2843/2908 2208/2844/2909 2212/2830/2903
f 2334/2843/2908 2335/2845/2910 2208/2844/2909
f 2200/2846/2694 2208/2844/2909 2335/2845/2910
f 2200/2846/2694 2335/2845/2910 2199/2838/2693
f 2199/2838/2693 2335/2845/2910 2331/2839/2905
f 2333/2841/2907 2331/2839/2905 2335/2845/2910
f 2333/2841/2907 2335/2845/2910 2334/2843/2908
f 2330/2837/2904 2332/2840/2906 2193/2836/2687
f 2194/2842/2688 2193/2836/2687 2332/2840/2906
f 504/2847/2911 503/2848/2912 505/2849/2913
f 505/2849/2913 511/2850/2914 504/2847/2911
f 2336/2851/2915 511/2850/2914 505/2849/2913
f 2336/2851/2915 2280/2852/2915 511/2850/2914
f 2336/2851/2915 512/846/2916 2280/2852/2915
f 2336/2851/2915 557/847/2917 512/846/2916
f 2325/844/2896 2155/847/2918 2318/846/2895
f 2325/844/2896 2337/845/2919 2155/847/2918
f 2324/840/2893 2337/845/2919 2325/844/2896
f 2324/840/2893 2338/843/2920 2337/845/2919
f 2323/841/2891 2338/843/2920 2324/840/2893
f 2323/841/2891 2324/840/2893 2322/842/2889
f 557/669/2921 2336/2627/2922 761/859/2923
f 506/863/604 761/859/2923 2336/2627/2922
f 2336/2627/2922 505/2628/603 506/863/604
f 2184/2851/2924 2318/846/2925 2155/847/2926
f 2184/2851/2924 2320/2852/2924 2318/846/2925
f 2320/2852/2924 2184/2851/2924 2185/2849/2927
f 2320/2852/2924 2185/2849/2927 2319/2850/2928
f 2328/2847/2929 2319/2850/2928 2185/2849/2927
f 2185/2849/2927 2329/2848/2930 2328/2847/2929
f 2339/2853/2931 2340/2854/2932 2341/2855/2933
f 2342/2856/2934 2339/2853/2931 2341/2855/2933
f 2341/2855/2933 2040/2857/2485 2342/2856/2934
f 2341/2855/2933 2340/2854/2932 2040/2857/2485
f 2340/2854/2932 2043/2858/2488 2040/2857/2485
f 2043/2858/2488 2340/2854/2932 2343/2859/2935
f 2343/2859/2935 469/2860/2936 2043/2858/2488
f 469/2860/2936 2343/2859/2935 2344/2861/2937
f 469/2860/2936 2344/2861/2937 468/2862/2484
f 2040/2857/2485 468/2862/2484 2344/2861/2937
f 2040/2857/2485 2344/2861/2937 2345/2863/2938
f 2342/2856/2934 2040/2857/2485 2345/2863/2938
f 2342/2856/2934 2345/2863/2938 2346/2864/2939
f 2342/2856/2934 2346/2864/2939 2339/2853/2931
f 2346/2864/2939 2347/2865/2940 2339/2853/2931
f 2339/2853/2931 2347/2865/2940 2340/2854/2932
f 2340/2854/2932 2347/2865/2940 2348/2866/2941
f 2348/2866/2941 2343/2859/2935 2340/2854/2932
f 2349/2867/2942 2343/2859/2935 2348/2866/2941
f 2349/2867/2942 2344/2861/2937 2343/2859/2935
f 2344/2861/2937 2349/2867/2942 2345/2863/2938
f 2345/2863/2938 2349/2867/2942 2348/2866/2941
f 2345/2863/2938 2348/2866/2941 2347/2865/2940
f 2346/2864/2939 2345/2863/2938 2347/2865/2940
f 2155/669/2918 2337/670/2919 2338/668/2920
f 2338/668/2920 2154/666/2890 2155/669/2918
f 2338/668/2920 2323/667/2891 2154/666/2890
